MM_or_index,before_sigmax,after_sigmax,before_sigmay,after_sigmay,before_mux,after_mux,before_muy,after_muy,changed
1,0.00019762944896749122,0.00010625273597932811,0.00019762944896749122,0.00010625273597932811,2.5334130663154926e-06,2.5334130663154926e-06,-2.717560320474565e-06,-2.717560320474565e-06,True
2,0.00019762944896749122,0.00019770682523099632,0.00019762944896749122,0.00019770682523099632,4.358060569494821e-06,4.358060569494821e-06,-4.5086430810048e-06,-4.5086430810048e-06,True
3,0.00019762944896749122,0.0001724234563426503,0.00019762944896749122,4.310586408566263e-05,-8.461403782326269e-06,-8.461403782326269e-06,4.485832488616387e-06,4.485832488616387e-06,True
4,0.00019762944896749122,0.00033726772073086267,0.00019762944896749122,4.81811029615518e-05,-5.9509160174748586e-06,-5.9509160174748586e-06,4.677562017906673e-06,4.677562017906673e-06,True
5,0.00019762944896749122,0.00012918752590336828,0.00019762944896749122,3.9512916179391756e-05,3.52068443532061e-06,3.52068443532061e-06,-4.005964881051639e-06,-4.005964881051639e-06,True
6,0.00019762944896749122,0.00024029111365040596,0.00019762944896749122,7.349581480148122e-05,1.0178663369295259e-05,1.0178663369295259e-05,-8.982211348616022e-06,-8.982211348616022e-06,True
7,0.00019762944896749122,,0.00019762944896749122,,-1.4019878810022628e-05,-1.4019878810022628e-05,8.438812810759721e-06,8.438812810759721e-06,True
8,0.00019762944896749122,,0.00019762944896749122,,-5.847699696981804e-06,-5.847699696981804e-06,5.469994938810979e-06,5.469994938810979e-06,True
9,0.00019762944896749122,,0.00019762944896749122,,1.1618092076596711e-05,1.1618092076596711e-05,-5.2422013408964105e-06,-5.2422013408964105e-06,True
10,0.00019762944896749122,,0.00019762944896749122,,6.8538635104448834e-06,6.8538635104448834e-06,-6.801529979548096e-06,-6.801529979548096e-06,True
11,0.00019762944896749122,,0.00019762944896749122,,-6.162482053300141e-06,-6.162482053300141e-06,2.1810184647368374e-06,2.1810184647368374e-06,True
12,0.00019762944896749122,,0.00019762944896749122,,-8.777006416340486e-06,-8.777006416340486e-06,8.22103355103407e-06,8.22103355103407e-06,True
13,0.00019762944896749122,,0.00019762944896749122,,2.6051411876096978e-05,2.6051411876096978e-05,-7.151512032194318e-06,-7.151512032194318e-06,True
14,0.00019762944896749122,,0.00019762944896749122,,1.7677247817981214e-05,1.7677247817981214e-05,-9.985091856316329e-06,-9.985091856316329e-06,True
15,0.00019762944896749122,,0.00019762944896749122,,1.6446232719619102e-06,1.6446232719619102e-06,-4.111647026143114e-06,-4.111647026143114e-06,True
16,0.00019762944896749122,,0.00019762944896749122,,-9.78399968633131e-06,-9.78399968633131e-06,5.527532202321373e-06,5.527532202321373e-06,True
17,0.00019762944896749122,,0.00019762944896749122,,-1.6427535566791094e-05,-1.6427535566791094e-05,1.9385720423094452e-05,1.9385720423094452e-05,True
18,0.00019762944896749122,,0.00019762944896749122,,2.8871685333260924e-05,2.8871685333260924e-05,-7.583065802504253e-06,-7.583065802504253e-06,True
19,0.00019762944896749122,,0.00019762944896749122,,2.91768239279078e-05,2.91768239279078e-05,-1.4731069443748776e-05,-1.4731069443748776e-05,True
20,0.00019762944896749122,,0.00019762944896749122,,6.552395786268266e-06,6.552395786268266e-06,-6.53518761289377e-06,-6.53518761289377e-06,True
21,0.00019762944896749122,,0.00019762944896749122,,-1.497963669858981e-05,-1.497963669858981e-05,1.3251612691308718e-05,1.3251612691308718e-05,True
22,0.00019762944896749122,,0.00019762944896749122,,-1.6132315391691293e-05,-1.6132315391691293e-05,2.214136982691e-05,2.214136982691e-05,True
23,0.00019762944896749122,,0.00019762944896749122,,3.2971512364668704e-05,3.2971512364668704e-05,-6.9951771281644375e-06,-6.9951771281644375e-06,True
24,0.00019762944896749122,,0.00019762944896749122,,6.50663552437293e-05,6.50663552437293e-05,-2.3387264116253202e-05,-2.3387264116253202e-05,True
25,0.00019762944896749122,,0.00019762944896749122,,1.4287064390208937e-05,1.4287064390208937e-05,-1.0577541458493937e-05,-1.0577541458493937e-05,True
26,0.00019762944896749122,,0.00019762944896749122,,6.58214457290445e-06,6.58214457290445e-06,-4.767117690742892e-06,-4.767117690742892e-06,True
27,0.00019762944896749122,,0.00019762944896749122,,-4.0204900137652834e-05,-4.0204900137652834e-05,4.2373186295072456e-05,4.2373186295072456e-05,True
28,0.00019762944896749122,,0.00019762944896749122,,-2.1059944246282112e-05,-2.1059944246282112e-05,3.172430488339016e-05,3.172430488339016e-05,True
29,0.00019762944896749122,,0.00019762944896749122,,4.128048535584903e-05,4.128048535584903e-05,-6.467344453372647e-06,-6.467344453372647e-06,True
30,0.00019762944896749122,,0.00019762944896749122,,8.048752215684615e-05,8.048752215684615e-05,-2.3318710601603218e-05,-2.3318710601603218e-05,True
31,0.00019762944896749122,,0.00019762944896749122,,4.2870154570099085e-05,4.2870154570099085e-05,-2.02395715420769e-05,-2.02395715420769e-05,True
32,0.00019762944896749122,,0.00019762944896749122,,1.5492233809016842e-05,1.5492233809016842e-05,-9.316765717953045e-06,-9.316765717953045e-06,True
33,0.00019762944896749122,,0.00019762944896749122,,-1.3007394098004431e-05,-1.3007394098004431e-05,1.325688391322883e-05,1.325688391322883e-05,True
34,0.00019762944896749122,,0.00019762944896749122,,-4.915349437787029e-05,-4.915349437787029e-05,5.742450750937628e-05,5.742450750937628e-05,True
35,0.00019762944896749122,,0.00019762944896749122,,-2.729310466479099e-05,-2.729310466479099e-05,4.3757053065322164e-05,4.3757053065322164e-05,True
36,0.00019762944896749122,,0.00019762944896749122,,3.402449192567186e-05,3.402449192567186e-05,-4.14029942006671e-06,-4.14029942006671e-06,True
37,0.00019762944896749122,,0.00019762944896749122,,8.964467725700197e-05,8.964467725700197e-05,-2.409772387165429e-05,-2.409772387165429e-05,True
38,0.00019762944896749122,,0.00019762944896749122,,5.4865168829455574e-05,5.4865168829455574e-05,-2.3686322471084547e-05,-2.3686322471084547e-05,True
39,0.00019762944896749122,,0.00019762944896749122,,1.9389998461861333e-05,1.9389998461861333e-05,-9.990071177120947e-06,-9.990071177120947e-06,True
40,0.00019762944896749122,,0.00019762944896749122,,-1.7386552829822812e-05,-1.7386552829822812e-05,1.8679482642753947e-05,1.8679482642753947e-05,True
41,0.00019762944896749122,,0.00019762944896749122,,-5.3378350276001776e-05,-5.3378350276001776e-05,6.436832163706573e-05,6.436832163706573e-05,True
42,0.00019762944896749122,,0.00019762944896749122,,-2.3267145996027675e-05,-2.3267145996027675e-05,4.02325817238794e-05,4.02325817238794e-05,True
43,0.00019762944896749122,,0.00019762944896749122,,3.6142695163585286e-05,3.6142695163585286e-05,-2.7968835861644856e-06,-2.7968835861644856e-06,True
44,0.00019762944896749122,,0.00019762944896749122,,9.591290217794772e-05,9.591290217794772e-05,-2.4070338610892365e-05,-2.4070338610892365e-05,True
45,0.00019762944896749122,,0.00019762944896749122,,6.438553329624674e-05,6.438553329624674e-05,-2.5947845961699113e-05,-2.5947845961699113e-05,True
46,0.00019762944896749122,,0.00019762944896749122,,2.2739043796410014e-05,2.2739043796410014e-05,-1.0245641617335225e-05,-1.0245641617335225e-05,True
47,0.00019762944896749122,,0.00019762944896749122,,-2.0371216641321126e-05,-2.0371216641321126e-05,2.3031586023631016e-05,2.3031586023631016e-05,True
48,0.00019762944896749122,,0.00019762944896749122,,-5.522847556769289e-05,-5.522847556769289e-05,6.870575589209908e-05,6.870575589209908e-05,True
49,0.00019762944896749122,,0.00019762944896749122,,-2.231835844442782e-05,-2.231835844442782e-05,4.184539917160087e-05,4.184539917160087e-05,True
50,0.00019762944896749122,,0.00019762944896749122,,3.5503846914097875e-05,3.5503846914097875e-05,-5.571957609756797e-07,-5.571957609756797e-07,True
51,0.00019762944896749122,,0.00019762944896749122,,9.616906748499584e-05,9.616906748499584e-05,-1.9188491715748583e-05,-1.9188491715748583e-05,True
52,0.00019762944896749122,,0.00019762944896749122,,9.589144887369678e-05,9.589144887369678e-05,-3.172476262433722e-05,-3.172476262433722e-05,True
53,0.00019762944896749122,,0.00019762944896749122,,1.805686410590201e-05,1.805686410590201e-05,-5.341866271820332e-06,-5.341866271820332e-06,True
54,0.00019762944896749122,,0.00019762944896749122,,3.4284446120674066e-05,3.4284446120674066e-05,-1.5938057342654204e-05,-1.5938057342654204e-05,True
55,0.00019762944896749122,,0.00019762944896749122,,-4.241037978562703e-05,-4.241037978562703e-05,4.676512151031978e-05,4.676512151031978e-05,True
56,0.00019762944896749122,,0.00019762944896749122,,-5.238481251489009e-05,-5.238481251489009e-05,7.110983396342432e-05,7.110983396342432e-05,True
57,0.00019762944896749122,,0.00019762944896749122,,-1.9061613550995443e-05,-1.9061613550995443e-05,4.00151334722359e-05,4.00151334722359e-05,True
58,0.00019762944896749122,,0.00019762944896749122,,4.062154899856249e-05,4.062154899856249e-05,1.5403711795418303e-06,1.5403711795418303e-06,True
59,0.00019762944896749122,,0.00019762944896749122,,0.0001000886511504366,0.0001000886511504366,-1.7797709368889085e-05,-1.7797709368889085e-05,True
60,0.00019762944896749122,,0.00019762944896749122,,9.978814445008762e-05,9.978814445008762e-05,-3.0823061765922204e-05,-3.0823061765922204e-05,True
61,0.00019762944896749122,,0.00019762944896749122,,1.995908567640185e-05,1.995908567640185e-05,-3.568019876906016e-06,-3.568019876906016e-06,True
62,0.00019762944896749122,,0.00019762944896749122,,4.007897070890886e-05,4.007897070890886e-05,-1.732793443606805e-05,-1.732793443606805e-05,True
63,0.00019762944896749122,,0.00019762944896749122,,-4.120328255415497e-05,-4.120328255415497e-05,4.7591662903913666e-05,4.7591662903913666e-05,True
64,0.00019762944896749122,,0.00019762944896749122,,-5.012177948753694e-05,-5.012177948753694e-05,7.14313704871098e-05,7.14313704871098e-05,True
65,0.00019762944896749122,,0.00019762944896749122,,-1.797928622049762e-05,-1.797928622049762e-05,4.2032583056093064e-05,4.2032583056093064e-05,True
66,0.00019762944896749122,,0.00019762944896749122,,3.340600270100996e-05,3.340600270100996e-05,5.267687442136485e-06,5.267687442136485e-06,True
67,0.00019762944896749122,,0.00019762944896749122,,9.439876327903756e-05,9.439876327903756e-05,-1.3231566777053253e-05,-1.3231566777053253e-05,True
68,0.00019762944896749122,,0.00019762944896749122,,9.405750967802274e-05,9.405750967802274e-05,-2.588821360719168e-05,-2.588821360719168e-05,True
69,0.00019762944896749122,,0.00019762944896749122,,2.9810799796797388e-05,2.9810799796797388e-05,-6.514569302659655e-06,-6.514569302659655e-06,True
70,0.00019762944896749122,,0.00019762944896749122,,3.235228811815626e-05,3.235228811815626e-05,-8.689257332677232e-06,-8.689257332677232e-06,True
71,0.00019762944896749122,,0.00019762944896749122,,-3.336344630348085e-05,-3.336344630348085e-05,4.4353084100339466e-05,4.4353084100339466e-05,True
72,0.00019762944896749122,,0.00019762944896749122,,-4.573636356672223e-05,-4.573636356672223e-05,6.97669621303356e-05,6.97669621303356e-05,True
73,0.00019762944896749122,,0.00019762944896749122,,-1.171534689045386e-05,-1.171534689045386e-05,3.631471672957224e-05,3.631471672957224e-05,True
74,0.00019762944896749122,,0.00019762944896749122,,3.228851629699398e-05,3.228851629699398e-05,9.483579962426845e-06,9.483579962426845e-06,True
75,0.00019762944896749122,,0.00019762944896749122,,8.723976467334377e-05,8.723976467334377e-05,-5.504315775871397e-06,-5.504315775871397e-06,True
76,0.00019762944896749122,,0.00019762944896749122,,0.00010536538206534698,0.00010536538206534698,-2.2143438003640588e-05,-2.2143438003640588e-05,True
77,0.00019762944896749122,,0.00019762944896749122,,7.333259387381659e-05,7.333259387381659e-05,-2.0543992021147706e-05,-2.0543992021147706e-05,True
78,0.00019762944896749122,,0.00019762944896749122,,3.390638949924213e-05,3.390638949924213e-05,-5.344504801424128e-06,-5.344504801424128e-06,True
79,0.00019762944896749122,,0.00019762944896749122,,-8.43374789242568e-06,-8.43374789242568e-06,2.354076320166832e-05,2.354076320166832e-05,True
80,0.00019762944896749122,,0.00019762944896749122,,-4.754819216455983e-05,-4.754819216455983e-05,6.431000580576945e-05,6.431000580576945e-05,True
81,0.00019762944896749122,,0.00019762944896749122,,-4.0846753781893594e-05,-4.0846753781893594e-05,7.036379383645145e-05,7.036379383645145e-05,True
82,0.00019762944896749122,,0.00019762944896749122,,-7.71535196974114e-06,-7.71535196974114e-06,3.4139282097868956e-05,3.4139282097868956e-05,True
83,0.00019762944896749122,,0.00019762944896749122,,2.704430322395895e-05,2.704430322395895e-05,8.324529714266685e-06,8.324529714266685e-06,True
84,0.00019762944896749122,,0.00019762944896749122,,7.138461666267772e-05,7.138461666267772e-05,-5.692086287279326e-06,-5.692086287279326e-06,True
85,0.00019762944896749122,,0.00019762944896749122,,0.00010257004777488438,0.00010257004777488438,-2.382746944773756e-05,-2.382746944773756e-05,True
86,0.00019762944896749122,,0.00019762944896749122,,9.54079553683461e-05,9.54079553683461e-05,-3.1141169837489205e-05,-3.1141169837489205e-05,True
87,0.00019762944896749122,,0.00019762944896749122,,3.249047966257828e-05,3.249047966257828e-05,-2.6694852974401454e-06,-2.6694852974401454e-06,True
88,0.00019762944896749122,,0.00019762944896749122,,-3.448371737358594e-05,-3.448371737358594e-05,5.0153398343686886e-05,5.0153398343686886e-05,True
89,0.00019762944896749122,,0.00019762944896749122,,-5.59986254398014e-05,-5.59986254398014e-05,8.399888992936619e-05,8.399888992936619e-05,True
90,0.00019762944896749122,,0.00019762944896749122,,-4.028366540841441e-05,-4.028366540841441e-05,8.204476567619147e-05,8.204476567619147e-05,True
91,0.00019762944896749122,,0.00019762944896749122,,-1.1440487476477572e-05,-1.1440487476477572e-05,4.9900488676518264e-05,4.9900488676518264e-05,True
92,0.00019762944896749122,,0.00019762944896749122,,2.1611126203182406e-05,2.1611126203182406e-05,1.0703931984462389e-05,1.0703931984462389e-05,True
93,0.00019762944896749122,,0.00019762944896749122,,7.995564476369608e-05,7.995564476369608e-05,-5.3190733168674945e-06,-5.3190733168674945e-06,True
94,0.00019762944896749122,,0.00019762944896749122,,0.0001074857409121101,0.0001074857409121101,-2.3229858488374414e-05,-2.3229858488374414e-05,True
95,0.00019762944896749122,,0.00019762944896749122,,8.804545779007226e-05,8.804545779007226e-05,-2.6874408231090066e-05,-2.6874408231090066e-05,True
96,0.00019762944896749122,,0.00019762944896749122,,3.16886959603813e-05,3.16886959603813e-05,-1.1638099529598216e-06,-1.1638099529598216e-06,True
97,0.00019762944896749122,,0.00019762944896749122,,-2.6666910481727913e-05,-2.6666910481727913e-05,4.458592782171571e-05,4.458592782171571e-05,True
98,0.00019762944896749122,,0.00019762944896749122,,-5.432266480074042e-05,-5.432266480074042e-05,8.011095627329989e-05,8.011095627329989e-05,True
99,0.00019762944896749122,,0.00019762944896749122,,-4.10647919741878e-05,-4.10647919741878e-05,8.028469829311732e-05,8.028469829311732e-05,True
100,0.00019762944896749122,,0.00019762944896749122,,-7.419451044875736e-06,-7.419451044875736e-06,4.379293730262049e-05,4.379293730262049e-05,True
101,0.00019762944896749122,,0.00019762944896749122,,-7.279376436742348e-07,-7.279376436742348e-07,-3.860142458445669e-06,-3.860142458445669e-06,True
102,0.00019762944896749122,,0.00019762944896749122,,-1.5437220734024699e-06,-1.5437220734024699e-06,-4.634789025203438e-06,-4.634789025203438e-06,True
103,0.00019762944896749122,,0.00019762944896749122,,3.493445192458145e-07,3.493445192458145e-07,1.0761473110833363e-05,1.0761473110833363e-05,True
104,0.00019762944896749122,,0.00019762944896749122,,2.575941513953648e-06,2.575941513953648e-06,9.92983375048273e-06,9.92983375048273e-06,True
105,0.00019762944896749122,,0.00019762944896749122,,-1.269307406123327e-06,-1.269307406123327e-06,-5.810108478519486e-06,-5.810108478519486e-06,True
106,0.00019762944896749122,,0.00019762944896749122,,-2.5557232421080833e-06,-2.5557232421080833e-06,-1.0834020466308634e-05,-1.0834020466308634e-05,True
107,0.00019762944896749122,,0.00019762944896749122,,8.241681204570247e-07,8.241681204570247e-07,1.5979887466365072e-05,1.5979887466365072e-05,True
108,0.00019762944896749122,,0.00019762944896749122,,3.5522213602390954e-06,3.5522213602390954e-06,1.0681006874212959e-05,1.0681006874212959e-05,True
109,0.00019762944896749122,,0.00019762944896749122,,1.8992700478735223e-06,1.8992700478735223e-06,-1.3652124036637021e-05,-1.3652124036637021e-05,True
110,0.00019762944896749122,,0.00019762944896749122,,-2.3364876349801046e-06,-2.3364876349801046e-06,-5.511249758463723e-06,-5.511249758463723e-06,True
111,0.00019762944896749122,,0.00019762944896749122,,-6.373465075507705e-07,-6.373465075507705e-07,5.654815042435934e-06,5.654815042435934e-06,True
112,0.00019762944896749122,,0.00019762944896749122,,4.566794369206632e-06,4.566794369206632e-06,1.4884239675188911e-05,1.4884239675188911e-05,True
113,0.00019762944896749122,,0.00019762944896749122,,7.935379973404135e-06,7.935379973404135e-06,-2.7311003645909973e-05,-2.7311003645909973e-05,True
114,0.00019762944896749122,,0.00019762944896749122,,1.0585868585090337e-06,1.0585868585090337e-06,-2.0803156540894082e-05,-2.0803156540894082e-05,True
115,0.00019762944896749122,,0.00019762944896749122,,-1.9360133143420565e-06,-1.9360133143420565e-06,-1.325261079105092e-06,-1.325261079105092e-06,True
116,0.00019762944896749122,,0.00019762944896749122,,1.9900957718701042e-06,1.9900957718701042e-06,1.6589903314035365e-05,1.6589903314035365e-05,True
117,0.00019762944896749122,,0.00019762944896749122,,1.0573106446368716e-05,1.0573106446368716e-05,2.7507679440858162e-05,2.7507679440858162e-05,True
118,0.00019762944896749122,,0.00019762944896749122,,8.101336046245275e-06,8.101336046245275e-06,-2.587621394959942e-05,-2.587621394959942e-05,True
119,0.00019762944896749122,,0.00019762944896749122,,3.187632074743453e-06,3.187632074743453e-06,-3.22306005726028e-05,-3.22306005726028e-05,True
120,0.00019762944896749122,,0.00019762944896749122,,-1.092128307070842e-06,-1.092128307070842e-06,-5.292210381428264e-06,-5.292210381428264e-06,True
121,0.00019762944896749122,,0.00019762944896749122,,5.856070029889451e-06,5.856070029889451e-06,2.427037786364273e-05,2.427037786364273e-05,True
122,0.00019762944896749122,,0.00019762944896749122,,1.1306617900512008e-05,1.1306617900512008e-05,2.4948385853048682e-05,2.4948385853048682e-05,True
123,0.00019762944896749122,,0.00019762944896749122,,1.0820209098668467e-05,1.0820209098668467e-05,-2.814663348240278e-05,-2.814663348240278e-05,True
124,0.00019762944896749122,,0.00019762944896749122,,1.2772067474696626e-05,1.2772067474696626e-05,-6.226614318028412e-05,-6.226614318028412e-05,True
125,0.00019762944896749122,,0.00019762944896749122,,1.6899602255544055e-07,1.6899602255544055e-07,-2.4981280810218503e-05,-2.4981280810218503e-05,True
126,0.00019762944896749122,,0.00019762944896749122,,2.1286580004061796e-06,2.1286580004061796e-06,9.72224954538958e-06,9.72224954538958e-06,True
127,0.00019762944896749122,,0.00019762944896749122,,1.6414646624559808e-05,1.6414646624559808e-05,5.248648755903209e-05,5.248648755903209e-05,True
128,0.00019762944896749122,,0.00019762944896749122,,1.6006598274299973e-05,1.6006598274299973e-05,3.194456579534338e-05,3.194456579534338e-05,True
129,0.00019762944896749122,,0.00019762944896749122,,1.5886491029432314e-05,1.5886491029432314e-05,-3.55913156056253e-05,-3.55913156056253e-05,True
130,0.00019762944896749122,,0.00019762944896749122,,2.0745845245375575e-05,2.0745845245375575e-05,-7.620841193657639e-05,-7.620841193657639e-05,True
131,0.00019762944896749122,,0.00019762944896749122,,6.270006278972976e-06,6.270006278972976e-06,-5.108572329494311e-05,-5.108572329494311e-05,True
132,0.00019762944896749122,,0.00019762944896749122,,1.2571678762097075e-06,1.2571678762097075e-06,-1.1926392996549346e-05,-1.1926392996549346e-05,True
133,0.00019762944896749122,,0.00019762944896749122,,7.943251129973804e-06,7.943251129973804e-06,3.014023054331499e-05,3.014023054331499e-05,True
134,0.00019762944896749122,,0.00019762944896749122,,2.45016122989469e-05,2.45016122989469e-05,6.797550180482427e-05,6.797550180482427e-05,True
135,0.00019762944896749122,,0.00019762944896749122,,2.2829577252857434e-05,2.2829577252857434e-05,4.294230728343669e-05,4.294230728343669e-05,True
136,0.00019762944896749122,,0.00019762944896749122,,1.4999660611618105e-05,1.4999660611618105e-05,-2.953719932962572e-05,-2.953719932962572e-05,True
137,0.00019762944896749122,,0.00019762944896749122,,2.513192071214887e-05,2.513192071214887e-05,-8.593364949682867e-05,-8.593364949682867e-05,True
138,0.00019762944896749122,,0.00019762944896749122,,9.270926609784852e-06,9.270926609784852e-06,-6.249535204489573e-05,-6.249535204489573e-05,True
139,0.00019762944896749122,,0.00019762944896749122,,2.6672969797424447e-06,2.6672969797424447e-06,-1.5647598952488394e-05,-1.5647598952488394e-05,True
140,0.00019762944896749122,,0.00019762944896749122,,1.009192143506045e-05,1.009192143506045e-05,3.4960858551251574e-05,3.4960858551251574e-05,True
141,0.00019762944896749122,,0.00019762944896749122,,2.8396347988081903e-05,2.8396347988081903e-05,7.566480459424296e-05,7.566480459424296e-05,True
142,0.00019762944896749122,,0.00019762944896749122,,2.168376787566649e-05,2.168376787566649e-05,3.793587708804156e-05,3.793587708804156e-05,True
143,0.00019762944896749122,,0.00019762944896749122,,1.7620604930713907e-05,1.7620604930713907e-05,-3.1685634479486087e-05,-3.1685634479486087e-05,True
144,0.00019762944896749122,,0.00019762944896749122,,2.8739196661446985e-05,2.8739196661446985e-05,-9.279018583255819e-05,-9.279018583255819e-05,True
145,0.00019762944896749122,,0.00019762944896749122,,1.2065265140956066e-05,1.2065265140956066e-05,-7.11225427929099e-05,-7.11225427929099e-05,True
146,0.00019762944896749122,,0.00019762944896749122,,4.27745377690997e-06,4.27745377690997e-06,-1.9201904477623814e-05,-1.9201904477623814e-05,True
147,0.00019762944896749122,,0.00019762944896749122,,1.2139069035623013e-05,1.2139069035623013e-05,3.693108425467917e-05,3.693108425467917e-05,True
148,0.00019762944896749122,,0.00019762944896749122,,3.144061792300406e-05,3.144061792300406e-05,7.951960830074708e-05,7.951960830074708e-05,True
149,0.00019762944896749122,,0.00019762944896749122,,2.35617601061954e-05,2.35617601061954e-05,3.7433116555553084e-05,3.7433116555553084e-05,True
150,0.00019762944896749122,,0.00019762944896749122,,1.982343304901838e-05,1.982343304901838e-05,-3.1460652583292e-05,-3.1460652583292e-05,True
151,0.00019762944896749122,,0.00019762944896749122,,3.3774115766681674e-05,3.3774115766681674e-05,-9.256783361214521e-05,-9.256783361214521e-05,True
152,0.00019762944896749122,,0.00019762944896749122,,2.2874521671308725e-05,2.2874521671308725e-05,-9.894852834876426e-05,-9.894852834876426e-05,True
153,0.00019762944896749122,,0.00019762944896749122,,6.9850403542219714e-06,6.9850403542219714e-06,-2.334787553730678e-05,-2.334787553730678e-05,True
154,0.00019762944896749122,,0.00019762944896749122,,6.341215229711556e-06,6.341215229711556e-06,-2.3256656198615362e-05,-2.3256656198615362e-05,True
155,0.00019762944896749122,,0.00019762944896749122,,2.0493889467252526e-05,2.0493889467252526e-05,5.9761214848696145e-05,5.9761214848696145e-05,True
156,0.00019762944896749122,,0.00019762944896749122,,3.514204427780228e-05,3.514204427780228e-05,7.794706747575998e-05,7.794706747575998e-05,True
157,0.00019762944896749122,,0.00019762944896749122,,2.3739974358376742e-05,2.3739974358376742e-05,3.294715402887213e-05,3.294715402887213e-05,True
158,0.00019762944896749122,,0.00019762944896749122,,2.425477638976412e-05,2.425477638976412e-05,-3.5941195162685383e-05,-3.5941195162685383e-05,True
159,0.00019762944896749122,,0.00019762944896749122,,3.699705405724634e-05,3.699705405724634e-05,-9.638801076323685e-05,-9.638801076323685e-05,True
160,0.00019762944896749122,,0.00019762944896749122,,2.540928422282538e-05,2.540928422282538e-05,-0.00010238547977289371,-0.00010238547977289371,True
161,0.00019762944896749122,,0.00019762944896749122,,9.154867964101538e-06,9.154867964101538e-06,-2.3013668540684294e-05,-2.3013668540684294e-05,True
162,0.00019762944896749122,,0.00019762944896749122,,8.014327205618201e-06,8.014327205618201e-06,-3.0831230457595305e-05,-3.0831230457595305e-05,True
163,0.00019762944896749122,,0.00019762944896749122,,2.2121915013445967e-05,2.2121915013445967e-05,5.870288245979491e-05,5.870288245979491e-05,True
164,0.00019762944896749122,,0.00019762944896749122,,3.7019626980108774e-05,3.7019626980108774e-05,7.61760213376316e-05,7.61760213376316e-05,True
165,0.00019762944896749122,,0.00019762944896749122,,2.6462891137518742e-05,2.6462891137518742e-05,3.294392931990314e-05,3.294392931990314e-05,True
166,0.00019762944896749122,,0.00019762944896749122,,2.3418292709669232e-05,2.3418292709669232e-05,-2.8459787795955416e-05,-2.8459787795955416e-05,True
167,0.00019762944896749122,,0.00019762944896749122,,3.8003471324365206e-05,3.8003471324365206e-05,-9.106599432509159e-05,-9.106599432509159e-05,True
168,0.00019762944896749122,,0.00019762944896749122,,2.681730222980568e-05,2.681730222980568e-05,-9.794562327280848e-05,-9.794562327280848e-05,True
169,0.00019762944896749122,,0.00019762944896749122,,1.105520060109002e-05,1.105520060109002e-05,-3.219795975522872e-05,-3.219795975522872e-05,True
170,0.00019762944896749122,,0.00019762944896749122,,1.1098991063956888e-05,1.1098991063956888e-05,-2.119170206869403e-05,-2.119170206869403e-05,True
171,0.00019762944896749122,,0.00019762944896749122,,2.3799145412323682e-05,2.3799145412323682e-05,5.458806967446485e-05,5.458806967446485e-05,True
172,0.00019762944896749122,,0.00019762944896749122,,3.859833161515569e-05,3.859833161515569e-05,7.461263650706472e-05,7.461263650706472e-05,True
173,0.00019762944896749122,,0.00019762944896749122,,2.566993649823029e-05,2.566993649823029e-05,2.7108863906953657e-05,2.7108863906953657e-05,True
174,0.00019762944896749122,,0.00019762944896749122,,2.603307711874463e-05,2.603307711874463e-05,-2.573219931196733e-05,-2.573219931196733e-05,True
175,0.00019762944896749122,,0.00019762944896749122,,4.080203196419797e-05,4.080203196419797e-05,-8.194628955707612e-05,-8.194628955707612e-05,True
176,0.00019762944896749122,,0.00019762944896749122,,3.568945831790118e-05,3.568945831790118e-05,-0.00010798227750957355,-0.00010798227750957355,True
177,0.00019762944896749122,,0.00019762944896749122,,2.062061203596586e-05,2.062061203596586e-05,-7.812626500528469e-05,-7.812626500528469e-05,True
178,0.00019762944896749122,,0.00019762944896749122,,1.397728114297644e-05,1.397728114297644e-05,-2.66800223922854e-05,-2.66800223922854e-05,True
179,0.00019762944896749122,,0.00019762944896749122,,1.9014092968956387e-05,1.9014092968956387e-05,2.927905879971963e-05,2.927905879971963e-05,True
180,0.00019762944896749122,,0.00019762944896749122,,3.446113021105533e-05,3.446113021105533e-05,7.904914146871796e-05,7.904914146871796e-05,True
181,0.00019762944896749122,,0.00019762944896749122,,4.1953993133169266e-05,4.1953993133169266e-05,7.314417714896255e-05,7.314417714896255e-05,True
182,0.00019762944896749122,,0.00019762944896749122,,2.5739269913918458e-05,2.5739269913918458e-05,2.44143099138491e-05,2.44143099138491e-05,True
183,0.00019762944896749122,,0.00019762944896749122,,2.3185591169341892e-05,2.3185591169341892e-05,-2.2802043132637154e-05,-2.2802043132637154e-05,True
184,0.00019762944896749122,,0.00019762944896749122,,3.41845951215316e-05,3.41845951215316e-05,-7.22087987783161e-05,-7.22087987783161e-05,True
185,0.00019762944896749122,,0.00019762944896749122,,3.3921303319409035e-05,3.3921303319409035e-05,-0.00011064145685557883,-0.00011064145685557883,True
186,0.00019762944896749122,,0.00019762944896749122,,2.2931833849396996e-05,2.2931833849396996e-05,-0.00010525129709825913,-0.00010525129709825913,True
187,0.00019762944896749122,,0.00019762944896749122,,1.5931702034856535e-05,1.5931702034856535e-05,-2.3228396592254244e-05,-2.3228396592254244e-05,True
188,0.00019762944896749122,,0.00019762944896749122,,3.0336449763653376e-05,3.0336449763653376e-05,6.954128675339863e-05,6.954128675339863e-05,True
189,0.00019762944896749122,,0.00019762944896749122,,5.084019890897181e-05,5.084019890897181e-05,0.0001053857367517282,0.0001053857367517282,True
190,0.00019762944896749122,,0.00019762944896749122,,5.720112686343978e-05,5.720112686343978e-05,8.705036439652905e-05,8.705036439652905e-05,True
191,0.00019762944896749122,,0.00019762944896749122,,4.090325807224354e-05,4.090325807224354e-05,3.9541825016266946e-05,3.9541825016266946e-05,True
192,0.00019762944896749122,,0.00019762944896749122,,2.247079954004142e-05,2.247079954004142e-05,-1.6526775711033517e-05,-1.6526775711033517e-05,True
193,0.00019762944896749122,,0.00019762944896749122,,3.848238012128361e-05,3.848238012128361e-05,-7.821317228106077e-05,-7.821317228106077e-05,True
194,0.00019762944896749122,,0.00019762944896749122,,3.6655700613780635e-05,3.6655700613780635e-05,-0.00011309678771478219,-0.00011309678771478219,True
195,0.00019762944896749122,,0.00019762944896749122,,2.2915354935172785e-05,2.2915354935172785e-05,-9.485334012607755e-05,-9.485334012607755e-05,True
196,0.00019762944896749122,,0.00019762944896749122,,1.7011399513787528e-05,1.7011399513787528e-05,-2.132375389379314e-05,-2.132375389379314e-05,True
197,0.00019762944896749122,,0.00019762944896749122,,2.9535362113974224e-05,2.9535362113974224e-05,5.995481828882717e-05,5.995481828882717e-05,True
198,0.00019762944896749122,,0.00019762944896749122,,4.741552620507873e-05,4.741552620507873e-05,9.949312692565489e-05,9.949312692565489e-05,True
199,0.00019762944896749122,,0.00019762944896749122,,5.3838659934104164e-05,5.3838659934104164e-05,8.411151368578771e-05,8.411151368578771e-05,True
200,0.00019762944896749122,,0.00019762944896749122,,3.723543373848616e-05,3.723543373848616e-05,3.222393765053386e-05,3.222393765053386e-05,True
201,0.00019762944896749122,,0.00019762944896749122,,-3.0082014737986957e-06,-3.0082014737986957e-06,-7.907863236764231e-07,-7.907863236764231e-07,True
202,0.00019762944896749122,,0.00019762944896749122,,-6.029364597464327e-06,-6.029364597464327e-06,-1.8556029962707674e-06,-1.8556029962707674e-06,True
203,0.00019762944896749122,,0.00019762944896749122,,1.0538043516698144e-05,1.0538043516698144e-05,5.799257104148894e-06,5.799257104148894e-06,True
204,0.00019762944896749122,,0.00019762944896749122,,1.0451947876530369e-05,1.0451947876530369e-05,3.176274794196012e-06,3.176274794196012e-06,True
205,0.00019762944896749122,,0.00019762944896749122,,-4.523035795887907e-06,-4.523035795887907e-06,-1.0393758722135104e-06,-1.0393758722135104e-06,True
206,0.00019762944896749122,,0.00019762944896749122,,-1.190217404415539e-05,-1.190217404415539e-05,-4.315323710553558e-06,-4.315323710553558e-06,True
207,0.00019762944896749122,,0.00019762944896749122,,1.6188628122448634e-05,1.6188628122448634e-05,8.175526639819624e-06,8.175526639819624e-06,True
208,0.00019762944896749122,,0.00019762944896749122,,1.1620175203552218e-05,1.1620175203552218e-05,2.5446161564954176e-06,2.5446161564954176e-06,True
209,0.00019762944896749122,,0.00019762944896749122,,-9.5465979017907e-06,-9.5465979017907e-06,-7.363143403041768e-06,-7.363143403041768e-06,True
210,0.00019762944896749122,,0.00019762944896749122,,-8.335847015579332e-06,-8.335847015579332e-06,-2.557552243419991e-06,-2.557552243419991e-06,True
211,0.00019762944896749122,,0.00019762944896749122,,5.74875577875175e-06,5.74875577875175e-06,3.949466096854736e-06,3.949466096854736e-06,True
212,0.00019762944896749122,,0.00019762944896749122,,1.5459293448649205e-05,1.5459293448649205e-05,3.6843079661147703e-06,3.6843079661147703e-06,True
213,0.00019762944896749122,,0.00019762944896749122,,-1.8318279668530643e-05,-1.8318279668530643e-05,-1.9193362592658912e-05,-1.9193362592658912e-05,True
214,0.00019762944896749122,,0.00019762944896749122,,-1.71460746328243e-05,-1.71460746328243e-05,-1.0976615861577205e-05,-1.0976615861577205e-05,True
215,0.00019762944896749122,,0.00019762944896749122,,-3.6005106532524066e-06,-3.6005106532524066e-06,5.411317615578302e-07,5.411317615578302e-07,True
216,0.00019762944896749122,,0.00019762944896749122,,1.6713499999470623e-05,1.6713499999470623e-05,7.354745315516184e-06,7.354745315516184e-06,True
217,0.00019762944896749122,,0.00019762944896749122,,3.0066479451557825e-05,3.0066479451557825e-05,5.085715042989198e-06,5.085715042989198e-06,True
218,0.00019762944896749122,,0.00019762944896749122,,-1.661940715587435e-05,-1.661940715587435e-05,-1.7393280368449385e-05,-1.7393280368449385e-05,True
219,0.00019762944896749122,,0.00019762944896749122,,-2.701525070567113e-05,-2.701525070567113e-05,-1.8699570060137324e-05,-1.8699570060137324e-05,True
220,0.00019762944896749122,,0.00019762944896749122,,-7.108013866107209e-06,-7.108013866107209e-06,-1.7633907830747581e-06,-1.7633907830747581e-06,True
221,0.00019762944896749122,,0.00019762944896749122,,2.4947553794285894e-05,2.4947553794285894e-05,8.27939720261053e-06,8.27939720261053e-06,True
222,0.00019762944896749122,,0.00019762944896749122,,2.8053482284329854e-05,2.8053482284329854e-05,3.618325750196412e-06,3.618325750196412e-06,True
223,0.00019762944896749122,,0.00019762944896749122,,-1.8070824050708463e-05,-1.8070824050708463e-05,-2.1415496764164178e-05,-2.1415496764164178e-05,True
224,0.00019762944896749122,,0.00019762944896749122,,-4.44851582762374e-05,-4.44851582762374e-05,-3.789500502843382e-05,-3.789500502843382e-05,True
225,0.00019762944896749122,,0.00019762944896749122,,-2.692805302630627e-05,-2.692805302630627e-05,-1.4688977321292062e-05,-1.4688977321292062e-05,True
226,0.00019762944896749122,,0.00019762944896749122,,1.0540610959141582e-05,1.0540610959141582e-05,5.004736095958729e-06,5.004736095958729e-06,True
227,0.00019762944896749122,,0.00019762944896749122,,5.2965113335104876e-05,5.2965113335104876e-05,1.3079935386915608e-05,1.3079935386915608e-05,True
228,0.00019762944896749122,,0.00019762944896749122,,3.7418649533036826e-05,3.7418649533036826e-05,3.4296897862883617e-06,3.4296897862883617e-06,True
229,0.00019762944896749122,,0.00019762944896749122,,-2.275792094648141e-05,-2.275792094648141e-05,-3.021258933399004e-05,-3.021258933399004e-05,True
230,0.00019762944896749122,,0.00019762944896749122,,-5.288945111941535e-05,-5.288945111941535e-05,-5.171305330085454e-05,-5.171305330085454e-05,True
231,0.00019762944896749122,,0.00019762944896749122,,-4.230578284591597e-05,-4.230578284591597e-05,-3.00947847434428e-05,-3.00947847434428e-05,True
232,0.00019762944896749122,,0.00019762944896749122,,-1.2561043433839604e-05,-1.2561043433839604e-05,-6.798760768177744e-06,-6.798760768177744e-06,True
233,0.00019762944896749122,,0.00019762944896749122,,2.967338403791272e-05,2.967338403791272e-05,9.686868524746289e-06,9.686868524746289e-06,True
234,0.00019762944896749122,,0.00019762944896749122,,7.14007827953435e-05,7.14007827953435e-05,1.4166357278174393e-05,1.4166357278174393e-05,True
235,0.00019762944896749122,,0.00019762944896749122,,5.0397906927859335e-05,5.0397906927859335e-05,3.022191522895414e-06,3.022191522895414e-06,True
236,0.00019762944896749122,,0.00019762944896749122,,-1.8858172615616446e-05,-1.8858172615616446e-05,-2.7532041067987136e-05,-2.7532041067987136e-05,True
237,0.00019762944896749122,,0.00019762944896749122,,-5.924585233653842e-05,-5.924585233653842e-05,-6.036201437111041e-05,-6.036201437111041e-05,True
238,0.00019762944896749122,,0.00019762944896749122,,-4.9124988780358304e-05,-4.9124988780358304e-05,-3.705742152013379e-05,-3.705742152013379e-05,True
239,0.00019762944896749122,,0.00019762944896749122,,-1.4983947685541851e-05,-1.4983947685541851e-05,-9.707929537515245e-06,-9.707929537515245e-06,True
240,0.00019762944896749122,,0.00019762944896749122,,3.440666500298829e-05,3.440666500298829e-05,1.0097419004520884e-05,1.0097419004520884e-05,True
241,0.00019762944896749122,,0.00019762944896749122,,8.044633964758056e-05,8.044633964758056e-05,1.471559126664151e-05,1.471559126664151e-05,True
242,0.00019762944896749122,,0.00019762944896749122,,4.637602872999907e-05,4.637602872999907e-05,1.475008036782169e-06,1.475008036782169e-06,True
243,0.00019762944896749122,,0.00019762944896749122,,-1.9926644024887394e-05,-1.9926644024887394e-05,-3.198723442882197e-05,-3.198723442882197e-05,True
244,0.00019762944896749122,,0.00019762944896749122,,-6.340739833301733e-05,-6.340739833301733e-05,-6.720192675983032e-05,-6.720192675983032e-05,True
245,0.00019762944896749122,,0.00019762944896749122,,-5.372614445024673e-05,-5.372614445024673e-05,-4.2864428669749825e-05,-4.2864428669749825e-05,True
246,0.00019762944896749122,,0.00019762944896749122,,-1.6861601096387007e-05,-1.6861601096387007e-05,-1.2813217183187291e-05,-1.2813217183187291e-05,True
247,0.00019762944896749122,,0.00019762944896749122,,3.6634162891742604e-05,3.6634162891742604e-05,8.912589310046444e-06,8.912589310046444e-06,True
248,0.00019762944896749122,,0.00019762944896749122,,8.552611306303222e-05,8.552611306303222e-05,1.3841711182710489e-05,1.3841711182710489e-05,True
249,0.00019762944896749122,,0.00019762944896749122,,4.758800014236132e-05,4.758800014236132e-05,-5.771467868946549e-07,-5.771467868946549e-07,True
250,0.00019762944896749122,,0.00019762944896749122,,-1.8993755074867637e-05,-1.8993755074867637e-05,-3.5282047393382816e-05,-3.5282047393382816e-05,True
251,0.00019762944896749122,,0.00019762944896749122,,-6.089160010483694e-05,-6.089160010483694e-05,-7.244524379445321e-05,-7.244524379445321e-05,True
252,0.00019762944896749122,,0.00019762944896749122,,-7.033930081946316e-05,-7.033930081946316e-05,-6.51342696739565e-05,-6.51342696739565e-05,True
253,0.00019762944896749122,,0.00019762944896749122,,-1.6558584607082144e-05,-1.6558584607082144e-05,-1.6401785176324292e-05,-1.6401785176324292e-05,True
254,0.00019762944896749122,,0.00019762944896749122,,-2.0046621653000677e-05,-2.0046621653000677e-05,-1.7396156519121436e-05,-1.7396156519121436e-05,True
255,0.00019762944896749122,,0.00019762944896749122,,6.048376825574751e-05,6.048376825574751e-05,1.2367135233330487e-05,1.2367135233330487e-05,True
256,0.00019762944896749122,,0.00019762944896749122,,8.691267655227846e-05,8.691267655227846e-05,9.433750303094458e-06,9.433750303094458e-06,True
257,0.00019762944896749122,,0.00019762944896749122,,4.378359995321974e-05,4.378359995321974e-05,-3.478823293486923e-06,-3.478823293486923e-06,True
258,0.00019762944896749122,,0.00019762944896749122,,-2.0936670994124552e-05,-2.0936670994124552e-05,-4.2591321629716254e-05,-4.2591321629716254e-05,True
259,0.00019762944896749122,,0.00019762944896749122,,-6.2617344878375e-05,-6.2617344878375e-05,-7.818833222359577e-05,-7.818833222359577e-05,True
260,0.00019762944896749122,,0.00019762944896749122,,-7.205704407142619e-05,-7.205704407142619e-05,-7.021768257812596e-05,-7.021768257812596e-05,True
261,0.00019762944896749122,,0.00019762944896749122,,-1.26690129902638e-05,-1.26690129902638e-05,-1.753480774080011e-05,-1.753480774080011e-05,True
262,0.00019762944896749122,,0.00019762944896749122,,-2.587997349019656e-05,-2.587997349019656e-05,-2.350187988430897e-05,-2.350187988430897e-05,True
263,0.00019762944896749122,,0.00019762944896749122,,6.064324397535484e-05,6.064324397535484e-05,9.50726692473071e-06,9.50726692473071e-06,True
264,0.00019762944896749122,,0.00019762944896749122,,8.626514608835418e-05,8.626514608835418e-05,5.895612943222262e-06,5.895612943222262e-06,True
265,0.00019762944896749122,,0.00019762944896749122,,4.467713892730296e-05,4.467713892730296e-05,-6.894060251248411e-06,-6.894060251248411e-06,True
266,0.00019762944896749122,,0.00019762944896749122,,-1.54207004250696e-05,-1.54207004250696e-05,-3.8693301455713145e-05,-3.8693301455713145e-05,True
267,0.00019762944896749122,,0.00019762944896749122,,-6.0315902088075335e-05,-6.0315902088075335e-05,-7.912104538384718e-05,-7.912104538384718e-05,True
268,0.00019762944896749122,,0.00019762944896749122,,-6.914338082041226e-05,-6.914338082041226e-05,-7.038813753420771e-05,-7.038813753420771e-05,True
269,0.00019762944896749122,,0.00019762944896749122,,-1.820451669227789e-05,-1.820451669227789e-05,-2.2865301753804058e-05,-2.2865301753804058e-05,True
270,0.00019762944896749122,,0.00019762944896749122,,-2.0599136341432092e-05,-2.0599136341432092e-05,-2.4092317809777327e-05,-2.4092317809777327e-05,True
271,0.00019762944896749122,,0.00019762944896749122,,5.521662685399124e-05,5.521662685399124e-05,4.67173295332616e-06,4.67173295332616e-06,True
272,0.00019762944896749122,,0.00019762944896749122,,8.485320628435651e-05,8.485320628435651e-05,2.958710427678375e-06,2.958710427678375e-06,True
273,0.00019762944896749122,,0.00019762944896749122,,3.828468848140241e-05,3.828468848140241e-05,-1.0189215483065822e-05,-1.0189215483065822e-05,True
274,0.00019762944896749122,,0.00019762944896749122,,-1.2032451467223409e-05,-1.2032451467223409e-05,-3.882161905567825e-05,-3.882161905567825e-05,True
275,0.00019762944896749122,,0.00019762944896749122,,-5.349455763781333e-05,-5.349455763781333e-05,-7.925987537060015e-05,-7.925987537060015e-05,True
276,0.00019762944896749122,,0.00019762944896749122,,-7.596781973074804e-05,-7.596781973074804e-05,-8.495620350917447e-05,-8.495620350917447e-05,True
277,0.00019762944896749122,,0.00019762944896749122,,-5.608255627457633e-05,-5.608255627457633e-05,-5.603287514185849e-05,-5.603287514185849e-05,True
278,0.00019762944896749122,,0.00019762944896749122,,-1.7722667415334327e-05,-1.7722667415334327e-05,-2.634585189117971e-05,-2.634585189117971e-05,True
279,0.00019762944896749122,,0.00019762944896749122,,2.9664297989159606e-05,2.9664297989159606e-05,-4.261945622207063e-06,-4.261945622207063e-06,True
280,0.00019762944896749122,,0.00019762944896749122,,8.468710059267752e-05,8.468710059267752e-05,8.619132516423258e-06,8.619132516423258e-06,True
281,0.00019762944896749122,,0.00019762944896749122,,8.569643674858035e-05,8.569643674858035e-05,-8.391790473965159e-07,-8.391790473965159e-07,True
282,0.00019762944896749122,,0.00019762944896749122,,3.6808019529770295e-05,3.6808019529770295e-05,-1.1818968554765492e-05,-1.1818968554765492e-05,True
283,0.00019762944896749122,,0.00019762944896749122,,-9.137373377080502e-06,-9.137373377080502e-06,-3.2668265962421275e-05,-3.2668265962421275e-05,True
284,0.00019762944896749122,,0.00019762944896749122,,-4.961446745841088e-05,-4.961446745841088e-05,-6.950946408383984e-05,-6.950946408383984e-05,True
285,0.00019762944896749122,,0.00019762944896749122,,-8.303350268952594e-05,-8.303350268952594e-05,-8.72945516284453e-05,-8.72945516284453e-05,True
286,0.00019762944896749122,,0.00019762944896749122,,-8.216999747030148e-05,-8.216999747030148e-05,-7.3561458572471e-05,-7.3561458572471e-05,True
287,0.00019762944896749122,,0.00019762944896749122,,-1.5248254802130789e-05,-1.5248254802130789e-05,-2.6921862056733918e-05,-2.6921862056733918e-05,True
288,0.00019762944896749122,,0.00019762944896749122,,7.21883777161351e-05,7.21883777161351e-05,6.876482894562153e-06,6.876482894562153e-06,True
289,0.00019762944896749122,,0.00019762944896749122,,0.0001164549181827883,0.0001164549181827883,8.015340144690497e-06,8.015340144690497e-06,True
290,0.00019762944896749122,,0.00019762944896749122,,0.00010449636064076235,0.00010449636064076235,-6.739935815672537e-06,-6.739935815672537e-06,True
291,0.00019762944896749122,,0.00019762944896749122,,5.769182901400353e-05,5.769182901400353e-05,-1.676332921942886e-05,-1.676332921942886e-05,True
292,0.00019762944896749122,,0.00019762944896749122,,-3.5328460178208637e-06,-3.5328460178208637e-06,-2.8595675988562293e-05,-2.8595675988562293e-05,True
293,0.00019762944896749122,,0.00019762944896749122,,-5.1621453627128495e-05,-5.1621453627128495e-05,-7.551780085164278e-05,-7.551780085164278e-05,True
294,0.00019762944896749122,,0.00019762944896749122,,-8.247524120091182e-05,-8.247524120091182e-05,-9.02877985962331e-05,-9.02877985962331e-05,True
295,0.00019762944896749122,,0.00019762944896749122,,-7.299584078732397e-05,-7.299584078732397e-05,-6.843107451819154e-05,-6.843107451819154e-05,True
296,0.00019762944896749122,,0.00019762944896749122,,-1.3174955575962804e-05,-1.3174955575962804e-05,-2.7066805055112463e-05,-2.7066805055112463e-05,True
297,0.00019762944896749122,,0.00019762944896749122,,6.29539095771189e-05,6.29539095771189e-05,2.4959980271658364e-06,2.4959980271658364e-06,True
298,0.00019762944896749122,,0.00019762944896749122,,0.00010903025832389521,0.00010903025832389521,7.652114744330893e-06,7.652114744330893e-06,True
299,0.00019762944896749122,,0.00019762944896749122,,0.00010099959039182346,0.00010099959039182346,-5.477279861326596e-06,-5.477279861326596e-06,True
300,0.00019762944896749122,,0.00019762944896749122,,5.006983519533773e-05,5.006983519533773e-05,-1.731269493112852e-05,-1.731269493112852e-05,True
301,0.00019762944896749122,,0.00019762944896749122,,-2.3294517889107683e-06,-2.3294517889107683e-06,2.706312357542675e-06,2.706312357542675e-06,True
302,0.00019762944896749122,,0.00019762944896749122,,-5.066427043959107e-06,-5.066427043959107e-06,4.948151707860605e-06,4.948151707860605e-06,True
303,0.00019762944896749122,,0.00019762944896749122,,9.802183883002778e-06,9.802183883002778e-06,-5.4304991821186335e-06,-5.4304991821186335e-06,True
304,0.00019762944896749122,,0.00019762944896749122,,7.592897490807049e-06,7.592897490807049e-06,-6.600267431546209e-06,-6.600267431546209e-06,True
305,0.00019762944896749122,,0.00019762944896749122,,-3.2368573923075796e-06,-3.2368573923075796e-06,3.7758151102374897e-06,3.7758151102374897e-06,True
306,0.00019762944896749122,,0.00019762944896749122,,-1.0712960067104196e-05,-1.0712960067104196e-05,8.934991404860107e-06,8.934991404860107e-06,True
307,0.00019762944896749122,,0.00019762944896749122,,1.4398163217368455e-05,1.4398163217368455e-05,-9.07525940446686e-06,-9.07525940446686e-06,True
308,0.00019762944896749122,,0.00019762944896749122,,7.463282128958377e-06,7.463282128958377e-06,-7.956139244469636e-06,-7.956139244469636e-06,True
309,0.00019762944896749122,,0.00019762944896749122,,-1.0628759287385223e-05,-1.0628759287385223e-05,4.8492864521473506e-06,4.8492864521473506e-06,True
310,0.00019762944896749122,,0.00019762944896749122,,-7.632906810743556e-06,-7.632906810743556e-06,6.682579576010787e-06,6.682579576010787e-06,True
311,0.00019762944896749122,,0.00019762944896749122,,5.022363719480293e-06,5.022363719480293e-06,-1.878746099873028e-06,-1.878746099873028e-06,True
312,0.00019762944896749122,,0.00019762944896749122,,1.0133354127838579e-05,1.0133354127838579e-05,-1.0562427211766717e-05,-1.0562427211766717e-05,True
313,0.00019762944896749122,,0.00019762944896749122,,-2.445538428442077e-05,-2.445538428442077e-05,6.486298904563126e-06,6.486298904563126e-06,True
314,0.00019762944896749122,,0.00019762944896749122,,-1.781448952357829e-05,-1.781448952357829e-05,9.659053150088789e-06,9.659053150088789e-06,True
315,0.00019762944896749122,,0.00019762944896749122,,-2.3685150381264772e-06,-2.3685150381264772e-06,4.195545794996913e-06,4.195545794996913e-06,True
316,0.00019762944896749122,,0.00019762944896749122,,1.3636792760865354e-05,1.3636792760865354e-05,-9.72145269048671e-06,-9.72145269048671e-06,True
317,0.00019762944896749122,,0.00019762944896749122,,1.883022799462894e-05,1.883022799462894e-05,-2.2663361386967335e-05,-2.2663361386967335e-05,True
318,0.00019762944896749122,,0.00019762944896749122,,-2.347812826274781e-05,-2.347812826274781e-05,6.544640779115334e-06,6.544640779115334e-06,True
319,0.00019762944896749122,,0.00019762944896749122,,-2.9089856193968336e-05,-2.9089856193968336e-05,1.4499868833318951e-05,1.4499868833318951e-05,True
320,0.00019762944896749122,,0.00019762944896749122,,-3.938247324867777e-06,-3.938247324867777e-06,5.044800890282689e-06,5.044800890282689e-06,True
321,0.00019762944896749122,,0.00019762944896749122,,1.906779658081069e-05,1.906779658081069e-05,-1.6508786963627007e-05,-1.6508786963627007e-05,True
322,0.00019762944896749122,,0.00019762944896749122,,1.6698948484683957e-05,1.6698948484683957e-05,-2.1336715310899845e-05,-2.1336715310899845e-05,True
323,0.00019762944896749122,,0.00019762944896749122,,-2.6742697545918846e-05,-2.6742697545918846e-05,5.9659910029729074e-06,5.9659910029729074e-06,True
324,0.00019762944896749122,,0.00019762944896749122,,-5.552424164146259e-05,-5.552424164146259e-05,2.0634434081708508e-05,2.0634434081708508e-05,True
325,0.00019762944896749122,,0.00019762944896749122,,-2.208161449323521e-05,-2.208161449323521e-05,1.4655001366980493e-05,1.4655001366980493e-05,True
326,0.00019762944896749122,,0.00019762944896749122,,1.0795490946676402e-05,1.0795490946676402e-05,-6.927411512174732e-06,-6.927411512174732e-06,True
327,0.00019762944896749122,,0.00019762944896749122,,3.710128075516609e-05,3.710128075516609e-05,-3.794424236175849e-05,-3.794424236175849e-05,True
328,0.00019762944896749122,,0.00019762944896749122,,2.1921178919882035e-05,2.1921178919882035e-05,-3.015740187709478e-05,-3.015740187709478e-05,True
329,0.00019762944896749122,,0.00019762944896749122,,-3.635719260124154e-05,-3.635719260124154e-05,5.495138235960011e-06,5.495138235960011e-06,True
330,0.00019762944896749122,,0.00019762944896749122,,-7.138376192434938e-05,-7.138376192434938e-05,2.0785738673636027e-05,2.0785738673636027e-05,True
331,0.00019762944896749122,,0.00019762944896749122,,-4.4217860643060827e-05,-4.4217860643060827e-05,2.088201111485634e-05,2.088201111485634e-05,True
332,0.00019762944896749122,,0.00019762944896749122,,-8.551981804683125e-06,-8.551981804683125e-06,5.70458109415787e-06,5.70458109415787e-06,True
333,0.00019762944896749122,,0.00019762944896749122,,2.4042957505501974e-05,2.4042957505501974e-05,-2.107973932281701e-05,-2.107973932281701e-05,True
334,0.00019762944896749122,,0.00019762944896749122,,4.7364125623018026e-05,4.7364125623018026e-05,-5.34429630585901e-05,-5.34429630585901e-05,True
335,0.00019762944896749122,,0.00019762944896749122,,2.8101955205197136e-05,2.8101955205197136e-05,-4.157153255485288e-05,-4.157153255485288e-05,True
336,0.00019762944896749122,,0.00019762944896749122,,-3.132530883135375e-05,-3.132530883135375e-05,3.2690153388781245e-06,3.2690153388781245e-06,True
337,0.00019762944896749122,,0.00019762944896749122,,-8.191199517340314e-05,-8.191199517340314e-05,2.172800628384826e-05,2.172800628384826e-05,True
338,0.00019762944896749122,,0.00019762944896749122,,-5.408893311036523e-05,-5.408893311036523e-05,2.3224702066987462e-05,2.3224702066987462e-05,True
339,0.00019762944896749122,,0.00019762944896749122,,-1.1865383503218649e-05,-1.1865383503218649e-05,5.849826706919444e-06,5.849826706919444e-06,True
340,0.00019762944896749122,,0.00019762944896749122,,2.6730375602119634e-05,2.6730375602119634e-05,-2.5153861424526428e-05,-2.5153861424526428e-05,True
341,0.00019762944896749122,,0.00019762944896749122,,5.203071659404322e-05,5.203071659404322e-05,-6.076798456753492e-05,-6.076798456753492e-05,True
342,0.00019762944896749122,,0.00019762944896749122,,2.4762983625347867e-05,2.4762983625347867e-05,-3.892706115828047e-05,-3.892706115828047e-05,True
343,0.00019762944896749122,,0.00019762944896749122,,-3.501859436524228e-05,-3.501859436524228e-05,1.6820293105702988e-06,1.6820293105702988e-06,True
344,0.00019762944896749122,,0.00019762944896749122,,-8.980595053623222e-05,-8.980595053623222e-05,2.1680826041200772e-05,2.1680826041200772e-05,True
345,0.00019762944896749122,,0.00019762944896749122,,-6.175884614151688e-05,-6.175884614151688e-05,2.4243457515402457e-05,2.4243457515402457e-05,True
346,0.00019762944896749122,,0.00019762944896749122,,-1.5144164106741359e-05,-1.5144164106741359e-05,5.517207638302453e-06,5.517207638302453e-06,True
347,0.00019762944896749122,,0.00019762944896749122,,2.684121200627786e-05,2.684121200627786e-05,-2.778996508083734e-05,-2.778996508083734e-05,True
348,0.00019762944896749122,,0.00019762944896749122,,5.3546062798812014e-05,5.3546062798812014e-05,-6.530327634872485e-05,-6.530327634872485e-05,True
349,0.00019762944896749122,,0.00019762944896749122,,2.3552948439390434e-05,2.3552948439390434e-05,-4.0872450196437087e-05,-4.0872450196437087e-05,True
350,0.00019762944896749122,,0.00019762944896749122,,-3.645420268302651e-05,-3.645420268302651e-05,-1.2275125082634626e-06,-1.2275125082634626e-06,True
351,0.00019762944896749122,,0.00019762944896749122,,-9.331392791312293e-05,-9.331392791312293e-05,1.6648202250436214e-05,1.6648202250436214e-05,True
352,0.00019762944896749122,,0.00019762944896749122,,-9.025167644405946e-05,-9.025167644405946e-05,2.7775460704439324e-05,2.7775460704439324e-05,True
353,0.00019762944896749122,,0.00019762944896749122,,-1.8347065944112657e-05,-1.8347065944112657e-05,3.7121685420196302e-06,3.7121685420196302e-06,True
354,0.00019762944896749122,,0.00019762944896749122,,-2.0082666781125043e-05,-2.0082666781125043e-05,5.005047574800923e-06,5.005047574800923e-06,True
355,0.00019762944896749122,,0.00019762944896749122,,3.993775488951747e-05,3.993775488951747e-05,-4.5127937456783625e-05,-4.5127937456783625e-05,True
356,0.00019762944896749122,,0.00019762944896749122,,4.996143420226045e-05,4.996143420226045e-05,-6.795677994957073e-05,-6.795677994957073e-05,True
357,0.00019762944896749122,,0.00019762944896749122,,1.9137129864599146e-05,1.9137129864599146e-05,-3.887220659651526e-05,-3.887220659651526e-05,True
358,0.00019762944896749122,,0.00019762944896749122,,-4.347902795786203e-05,-4.347902795786203e-05,-4.170081734658346e-06,-4.170081734658346e-06,True
359,0.00019762944896749122,,0.00019762944896749122,,-9.9431463980768e-05,-9.9431463980768e-05,1.460989209192957e-05,1.460989209192957e-05,True
360,0.00019762944896749122,,0.00019762944896749122,,-9.582284037834029e-05,-9.582284037834029e-05,2.632953459251811e-05,2.632953459251811e-05,True
361,0.00019762944896749122,,0.00019762944896749122,,-1.920965110417505e-05,-1.920965110417505e-05,1.8774508913761013e-07,1.8774508913761013e-07,True
362,0.00019762944896749122,,0.00019762944896749122,,-2.8274222260219944e-05,-2.8274222260219944e-05,6.203222368055609e-06,6.203222368055609e-06,True
363,0.00019762944896749122,,0.00019762944896749122,,3.654055546090681e-05,3.654055546090681e-05,-4.662306716792775e-05,-4.662306716792775e-05,True
364,0.00019762944896749122,,0.00019762944896749122,,4.581921505412482e-05,4.581921505412482e-05,-6.885166991796584e-05,-6.885166991796584e-05,True
365,0.00019762944896749122,,0.00019762944896749122,,1.6167692548450617e-05,1.6167692548450617e-05,-4.1028004960991376e-05,-4.1028004960991376e-05,True
366,0.00019762944896749122,,0.00019762944896749122,,-3.745450263684914e-05,-3.745450263684914e-05,-8.17715961541243e-06,-8.17715961541243e-06,True
367,0.00019762944896749122,,0.00019762944896749122,,-9.778294974381793e-05,-9.778294974381793e-05,1.0805137296216902e-05,1.0805137296216902e-05,True
368,0.00019762944896749122,,0.00019762944896749122,,-9.466492132389256e-05,-9.466492132389256e-05,2.2722101707239544e-05,2.2722101707239544e-05,True
369,0.00019762944896749122,,0.00019762944896749122,,-2.7048725978576482e-05,-2.7048725978576482e-05,1.3494343669259507e-06,1.3494343669259507e-06,True
370,0.00019762944896749122,,0.00019762944896749122,,-3.0320096819666956e-05,-3.0320096819666956e-05,3.3832477877091994e-06,3.3832477877091994e-06,True
371,0.00019762944896749122,,0.00019762944896749122,,2.916822266184702e-05,2.916822266184702e-05,-4.419328643606103e-05,-4.419328643606103e-05,True
372,0.00019762944896749122,,0.00019762944896749122,,4.2221114535745005e-05,4.2221114535745005e-05,-6.900031675849141e-05,-6.900031675849141e-05,True
373,0.00019762944896749122,,0.00019762944896749122,,9.775642357516378e-06,9.775642357516378e-06,-3.7039516491798856e-05,-3.7039516491798856e-05,True
374,0.00019762944896749122,,0.00019762944896749122,,-3.5211241571422404e-05,-3.5211241571422404e-05,-1.1606500730637632e-05,-1.1606500730637632e-05,True
375,0.00019762944896749122,,0.00019762944896749122,,-9.206015744739216e-05,-9.206015744739216e-05,3.843854252038089e-06,3.843854252038089e-06,True
376,0.00019762944896749122,,0.00019762944896749122,,-0.00011024447650112896,-0.00011024447650112896,2.1006715907211858e-05,2.1006715907211858e-05,True
377,0.00019762944896749122,,0.00019762944896749122,,-7.537816207274124e-05,-7.537816207274124e-05,1.848457329096053e-05,1.848457329096053e-05,True
378,0.00019762944896749122,,0.00019762944896749122,,-3.280531189722335e-05,-3.280531189722335e-05,1.6076288387518428e-06,1.6076288387518428e-06,True
379,0.00019762944896749122,,0.00019762944896749122,,8.224771194280832e-06,8.224771194280832e-06,-2.6479828739172456e-05,-2.6479828739172456e-05,True
380,0.00019762944896749122,,0.00019762944896749122,,4.5346648370625685e-05,4.5346648370625685e-05,-6.528273936889871e-05,-6.528273936889871e-05,True
381,0.00019762944896749122,,0.00019762944896749122,,3.911824070794432e-05,3.911824070794432e-05,-7.121636519454595e-05,-7.121636519454595e-05,True
382,0.00019762944896749122,,0.00019762944896749122,,7.110120185373911e-06,7.110120185373911e-06,-3.616948597512352e-05,-3.616948597512352e-05,True
383,0.00019762944896749122,,0.00019762944896749122,,-2.7402387973336756e-05,-2.7402387973336756e-05,-1.0292615616721394e-05,-1.0292615616721394e-05,True
384,0.00019762944896749122,,0.00019762944896749122,,-7.73325719837434e-05,-7.73325719837434e-05,5.623796614754708e-06,5.623796614754708e-06,True
385,0.00019762944896749122,,0.00019762944896749122,,-0.00011259269105344343,-0.00011259269105344343,2.6044889793606997e-05,2.6044889793606997e-05,True
386,0.00019762944896749122,,0.00019762944896749122,,-0.00010357198311155557,-0.00010357198311155557,3.3118510010037366e-05,3.3118510010037366e-05,True
387,0.00019762944896749122,,0.00019762944896749122,,-3.510318036393667e-05,-3.510318036393667e-05,1.987051057943924e-06,1.987051057943924e-06,True
388,0.00019762944896749122,,0.00019762944896749122,,3.571747204713833e-05,3.571747204713833e-05,-5.328824674758701e-05,-5.328824674758701e-05,True
389,0.00019762944896749122,,0.00019762944896749122,,5.7947116643622434e-05,5.7947116643622434e-05,-8.771505583869235e-05,-8.771505583869235e-05,True
390,0.00019762944896749122,,0.00019762944896749122,,4.194721625237903e-05,4.194721625237903e-05,-8.559844013999212e-05,-8.559844013999212e-05,True
391,0.00019762944896749122,,0.00019762944896749122,,1.24137927562029e-05,1.24137927562029e-05,-5.315563800404387e-05,-5.315563800404387e-05,True
392,0.00019762944896749122,,0.00019762944896749122,,-2.099753191011771e-05,-2.099753191011771e-05,-1.3186643675466713e-05,-1.3186643675466713e-05,True
393,0.00019762944896749122,,0.00019762944896749122,,-8.547880010691675e-05,-8.547880010691675e-05,4.321303833544666e-06,4.321303833544666e-06,True
394,0.00019762944896749122,,0.00019762944896749122,,-0.00011579486492857268,-0.00011579486492857268,2.3899754375264177e-05,2.3899754375264177e-05,True
395,0.00019762944896749122,,0.00019762944896749122,,-9.548334878148267e-05,-9.548334878148267e-05,2.8223739868368595e-05,2.8223739868368595e-05,True
396,0.00019762944896749122,,0.00019762944896749122,,-3.449588699218117e-05,-3.449588699218117e-05,4.520293451515614e-07,4.520293451515614e-07,True
397,0.00019762944896749122,,0.00019762944896749122,,2.7095562911552973e-05,2.7095562911552973e-05,-4.7455837145378753e-05,-4.7455837145378753e-05,True
398,0.00019762944896749122,,0.00019762944896749122,,5.491746952684474e-05,5.491746952684474e-05,-8.322208041228196e-05,-8.322208041228196e-05,True
399,0.00019762944896749122,,0.00019762944896749122,,4.1573236346351815e-05,4.1573236346351815e-05,-8.328285161038629e-05,-8.328285161038629e-05,True
400,0.00019762944896749122,,0.00019762944896749122,,8.651363697787697e-06,8.651363697787697e-06,-4.754374933609538e-05,-4.754374933609538e-05,True
401,0.00019762944896749122,,0.00019762944896749122,,1.0623609171651216e-06,1.0623609171651216e-06,3.4752801204023274e-06,3.4752801204023274e-06,True
402,0.00019762944896749122,,0.00019762944896749122,,1.564121958025855e-06,1.564121958025855e-06,6.308391807308505e-06,6.308391807308505e-06,True
403,0.00019762944896749122,,0.00019762944896749122,,-2.582774738772471e-07,-2.582774738772471e-07,-1.1046576852706689e-05,-1.1046576852706689e-05,True
404,0.00019762944896749122,,0.00019762944896749122,,-2.602393813700986e-06,-2.602393813700986e-06,-1.0338230547245755e-05,-1.0338230547245755e-05,True
405,0.00019762944896749122,,0.00019762944896749122,,1.3790255280075912e-06,1.3790255280075912e-06,4.886151762867939e-06,4.886151762867939e-06,True
406,0.00019762944896749122,,0.00019762944896749122,,2.2497330002230654e-06,2.2497330002230654e-06,1.1371459873855313e-05,1.1371459873855313e-05,True
407,0.00019762944896749122,,0.00019762944896749122,,-1.1217232849934891e-06,-1.1217232849934891e-06,-1.6018853955272446e-05,-1.6018853955272446e-05,True
408,0.00019762944896749122,,0.00019762944896749122,,-3.861123051241481e-06,-3.861123051241481e-06,-1.0524446108412673e-05,-1.0524446108412673e-05,True
409,0.00019762944896749122,,0.00019762944896749122,,-1.6525716120191764e-06,-1.6525716120191764e-06,1.2264901172300299e-05,1.2264901172300299e-05,True
410,0.00019762944896749122,,0.00019762944896749122,,1.5957843086615184e-06,1.5957843086615184e-06,7.077515348361122e-06,7.077515348361122e-06,True
411,0.00019762944896749122,,0.00019762944896749122,,2.2217827459448153e-07,2.2217827459448153e-07,-4.9072129397492335e-06,-4.9072129397492335e-06,True
412,0.00019762944896749122,,0.00019762944896749122,,-4.90066086608197e-06,-4.90066086608197e-06,-1.4229741569230361e-05,-1.4229741569230361e-05,True
413,0.00019762944896749122,,0.00019762944896749122,,-7.114604627397408e-06,-7.114604627397408e-06,2.5014718598116438e-05,2.5014718598116438e-05,True
414,0.00019762944896749122,,0.00019762944896749122,,-7.730722281992068e-07,-7.730722281992068e-07,1.897969543848279e-05,1.897969543848279e-05,True
415,0.00019762944896749122,,0.00019762944896749122,,1.7898337390415333e-06,1.7898337390415333e-06,3.078583004904656e-06,3.078583004904656e-06,True
416,0.00019762944896749122,,0.00019762944896749122,,-2.0929675578557685e-06,-2.0929675578557685e-06,-1.5879266787102767e-05,-1.5879266787102767e-05,True
417,0.00019762944896749122,,0.00019762944896749122,,-1.0743750498152889e-05,-1.0743750498152889e-05,-2.718656705597201e-05,-2.718656705597201e-05,True
418,0.00019762944896749122,,0.00019762944896749122,,-6.240704991582725e-06,-6.240704991582725e-06,2.4257406074713313e-05,2.4257406074713313e-05,True
419,0.00019762944896749122,,0.00019762944896749122,,-1.9715769625886764e-06,-1.9715769625886764e-06,3.1511350122494484e-05,3.1511350122494484e-05,True
420,0.00019762944896749122,,0.00019762944896749122,,2.1505267298373783e-06,2.1505267298373783e-06,5.521904742771308e-06,5.521904742771308e-06,True
421,0.00019762944896749122,,0.00019762944896749122,,-5.060026693307108e-06,-5.060026693307108e-06,-2.4623448600071184e-05,-2.4623448600071184e-05,True
422,0.00019762944896749122,,0.00019762944896749122,,-1.0660946364963458e-05,-1.0660946364963458e-05,-2.5621431333954452e-05,-2.5621431333954452e-05,True
423,0.00019762944896749122,,0.00019762944896749122,,-7.787409832628516e-06,-7.787409832628516e-06,2.624002642771497e-05,2.624002642771497e-05,True
424,0.00019762944896749122,,0.00019762944896749122,,-9.99946693536958e-06,-9.99946693536958e-06,5.975016717595278e-05,5.975016717595278e-05,True
425,0.00019762944896749122,,0.00019762944896749122,,1.9322215826069906e-06,1.9322215826069906e-06,2.3781433910576843e-05,2.3781433910576843e-05,True
426,0.00019762944896749122,,0.00019762944896749122,,-2.0202114997737765e-07,-2.0202114997737765e-07,-9.821666293084828e-06,-9.821666293084828e-06,True
427,0.00019762944896749122,,0.00019762944896749122,,-1.4916897425026543e-05,-1.4916897425026543e-05,-5.36644641536494e-05,-5.36644641536494e-05,True
428,0.00019762944896749122,,0.00019762944896749122,,-1.500293123934422e-05,-1.500293123934422e-05,-3.404214461847112e-05,-3.404214461847112e-05,True
429,0.00019762944896749122,,0.00019762944896749122,,-1.249625030446975e-05,-1.249625030446975e-05,3.364257303305009e-05,3.364257303305009e-05,True
430,0.00019762944896749122,,0.00019762944896749122,,-1.7217736599582363e-05,-1.7217736599582363e-05,7.25956541691478e-05,7.25956541691478e-05,True
431,0.00019762944896749122,,0.00019762944896749122,,-3.4110413761869586e-06,-3.4110413761869586e-06,4.7723932136333476e-05,4.7723932136333476e-05,True
432,0.00019762944896749122,,0.00019762944896749122,,1.13277459563007e-06,1.13277459563007e-06,1.055919123690894e-05,1.055919123690894e-05,True
433,0.00019762944896749122,,0.00019762944896749122,,-5.6223557900519575e-06,-5.6223557900519575e-06,-3.061422362966336e-05,-3.061422362966336e-05,True
434,0.00019762944896749122,,0.00019762944896749122,,-2.2722889870950822e-05,-2.2722889870950822e-05,-6.97895205691275e-05,-6.97895205691275e-05,True
435,0.00019762944896749122,,0.00019762944896749122,,-2.136275771486891e-05,-2.136275771486891e-05,-4.510116256839855e-05,-4.510116256839855e-05,True
436,0.00019762944896749122,,0.00019762944896749122,,-1.1821215532967536e-05,-1.1821215532967536e-05,2.805365116623724e-05,2.805365116623724e-05,True
437,0.00019762944896749122,,0.00019762944896749122,,-2.1345012348140735e-05,-2.1345012348140735e-05,8.146468893590852e-05,8.146468893590852e-05,True
438,0.00019762944896749122,,0.00019762944896749122,,-6.148910969230919e-06,-6.148910969230919e-06,5.7499992459828864e-05,5.7499992459828864e-05,True
439,0.00019762944896749122,,0.00019762944896749122,,-1.926929886406838e-07,-1.926929886406838e-07,1.326288663117257e-05,1.326288663117257e-05,True
440,0.00019762944896749122,,0.00019762944896749122,,-7.75636641298782e-06,-7.75636641298782e-06,-3.60463368113331e-05,-3.60463368113331e-05,True
441,0.00019762944896749122,,0.00019762944896749122,,-2.6693841589506848e-05,-2.6693841589506848e-05,-7.807160628943376e-05,-7.807160628943376e-05,True
442,0.00019762944896749122,,0.00019762944896749122,,-2.0511498725128958e-05,-2.0511498725128958e-05,-4.0902530123287935e-05,-4.0902530123287935e-05,True
443,0.00019762944896749122,,0.00019762944896749122,,-1.4954435608227166e-05,-1.4954435608227166e-05,3.0442139645239194e-05,3.0442139645239194e-05,True
444,0.00019762944896749122,,0.00019762944896749122,,-2.5012608763336846e-05,-2.5012608763336846e-05,8.756307411496512e-05,8.756307411496512e-05,True
445,0.00019762944896749122,,0.00019762944896749122,,-8.929317876922371e-06,-8.929317876922371e-06,6.45467185459059e-05,6.45467185459059e-05,True
446,0.00019762944896749122,,0.00019762944896749122,,-1.923361788020506e-06,-1.923361788020506e-06,1.5862712058264973e-05,1.5862712058264973e-05,True
447,0.00019762944896749122,,0.00019762944896749122,,-9.931725915244858e-06,-9.931725915244858e-06,-3.843406565475406e-05,-3.843406565475406e-05,True
448,0.00019762944896749122,,0.00019762944896749122,,-2.9876204550742135e-05,-2.9876204550742135e-05,-8.229199597657949e-05,-8.229199597657949e-05,True
449,0.00019762944896749122,,0.00019762944896749122,,-2.2877154575944592e-05,-2.2877154575944592e-05,-4.1426265866424904e-05,-4.1426265866424904e-05,True
450,0.00019762944896749122,,0.00019762944896749122,,-1.7880583732883585e-05,-1.7880583732883585e-05,2.9917371515184402e-05,2.9917371515184402e-05,True
451,0.00019762944896749122,,0.00019762944896749122,,-3.052122020016047e-05,-3.052122020016047e-05,8.699908797024117e-05,8.699908797024117e-05,True
452,0.00019762944896749122,,0.00019762944896749122,,-1.9626720418943466e-05,-1.9626720418943466e-05,9.034270682960506e-05,9.034270682960506e-05,True
453,0.00019762944896749122,,0.00019762944896749122,,-4.684752533024108e-06,-4.684752533024108e-06,1.6625632132124742e-05,1.6625632132124742e-05,True
454,0.00019762944896749122,,0.00019762944896749122,,-4.275627157478093e-06,-4.275627157478093e-06,2.2065431210611166e-05,2.2065431210611166e-05,True
455,0.00019762944896749122,,0.00019762944896749122,,-1.857014104844644e-05,-1.857014104844644e-05,-6.127339457472787e-05,-6.127339457472787e-05,True
456,0.00019762944896749122,,0.00019762944896749122,,-3.392948975963457e-05,-3.392948975963457e-05,-8.136013323951453e-05,-8.136013323951453e-05,True
457,0.00019762944896749122,,0.00019762944896749122,,-2.359737612029066e-05,-2.359737612029066e-05,-3.7941257084537674e-05,-3.7941257084537674e-05,True
458,0.00019762944896749122,,0.00019762944896749122,,-2.3784286271600766e-05,-2.3784286271600766e-05,3.411001285992174e-05,3.411001285992174e-05,True
459,0.00019762944896749122,,0.00019762944896749122,,-3.505824750176617e-05,-3.505824750176617e-05,9.075823429502244e-05,9.075823429502244e-05,True
460,0.00019762944896749122,,0.00019762944896749122,,-2.3187155589231416e-05,-2.3187155589231416e-05,9.329872731459971e-05,9.329872731459971e-05,True
461,0.00019762944896749122,,0.00019762944896749122,,-7.830112552996675e-06,-7.830112552996675e-06,1.599084666331366e-05,1.599084666331366e-05,True
462,0.00019762944896749122,,0.00019762944896749122,,-6.937372828243319e-06,-6.937372828243319e-06,2.9329102739823925e-05,2.9329102739823925e-05,True
463,0.00019762944896749122,,0.00019762944896749122,,-2.1230564775409174e-05,-2.1230564775409174e-05,-5.884688084639545e-05,-5.884688084639545e-05,True
464,0.00019762944896749122,,0.00019762944896749122,,-3.636955845645619e-05,-3.636955845645619e-05,-7.833156069629112e-05,-7.833156069629112e-05,True
465,0.00019762944896749122,,0.00019762944896749122,,-2.6934236022494202e-05,-2.6934236022494202e-05,-3.749478877637293e-05,-3.749478877637293e-05,True
466,0.00019762944896749122,,0.00019762944896749122,,-2.4309968306345527e-05,-2.4309968306345527e-05,2.6506054645319445e-05,2.6506054645319445e-05,True
467,0.00019762944896749122,,0.00019762944896749122,,-3.756282715946705e-05,-3.756282715946705e-05,8.722833160875142e-05,8.722833160875142e-05,True
468,0.00019762944896749122,,0.00019762944896749122,,-2.56065596303548e-05,-2.56065596303548e-05,8.95679991386319e-05,8.95679991386319e-05,True
469,0.00019762944896749122,,0.00019762944896749122,,-1.0723678268776202e-05,-1.0723678268776202e-05,2.234122666714456e-05,2.234122666714456e-05,True
470,0.00019762944896749122,,0.00019762944896749122,,-1.0193847997712218e-05,-1.0193847997712218e-05,3.136128153511188e-05,3.136128153511188e-05,True
471,0.00019762944896749122,,0.00019762944896749122,,-2.219822508841801e-05,-2.219822508841801e-05,-4.945733482894857e-05,-4.945733482894857e-05,True
472,0.00019762944896749122,,0.00019762944896749122,,-3.758464229367807e-05,-3.758464229367807e-05,-7.358553458400482e-05,-7.358553458400482e-05,True
473,0.00019762944896749122,,0.00019762944896749122,,-2.5905200822367064e-05,-2.5905200822367064e-05,-2.8889415634609433e-05,-2.8889415634609433e-05,True
474,0.00019762944896749122,,0.00019762944896749122,,-2.6243156631901584e-05,-2.6243156631901584e-05,2.2950744572215348e-05,2.2950744572215348e-05,True
475,0.00019762944896749122,,0.00019762944896749122,,-4.052922200066009e-05,-4.052922200066009e-05,7.850410947936269e-05,7.850410947936269e-05,True
476,0.00019762944896749122,,0.00019762944896749122,,-3.4569471380253794e-05,-3.4569471380253794e-05,0.00010120503284831163,0.00010120503284831163,True
477,0.00019762944896749122,,0.00019762944896749122,,-1.9605802905817833e-05,-1.9605802905817833e-05,6.921957220125658e-05,6.921957220125658e-05,True
478,0.00019762944896749122,,0.00019762944896749122,,-1.3380585476110709e-05,-1.3380585476110709e-05,2.9102809290961818e-05,2.9102809290961818e-05,True
479,0.00019762944896749122,,0.00019762944896749122,,-1.6855364501276805e-05,-1.6855364501276805e-05,-1.795393278135925e-05,-1.795393278135925e-05,True
480,0.00019762944896749122,,0.00019762944896749122,,-3.206447273752568e-05,-3.206447273752568e-05,-7.103005265407511e-05,-7.103005265407511e-05,True
481,0.00019762944896749122,,0.00019762944896749122,,-4.076870772488842e-05,-4.076870772488842e-05,-6.96674308838712e-05,-6.96674308838712e-05,True
482,0.00019762944896749122,,0.00019762944896749122,,-2.6628050362243066e-05,-2.6628050362243066e-05,-2.4570639075730483e-05,-2.4570639075730483e-05,True
483,0.00019762944896749122,,0.00019762944896749122,,-2.1073575723812868e-05,-2.1073575723812868e-05,1.7531772451808554e-05,1.7531772451808554e-05,True
484,0.00019762944896749122,,0.00019762944896749122,,-3.0658925755156185e-05,-3.0658925755156185e-05,6.341697511261606e-05,6.341697511261606e-05,True
485,0.00019762944896749122,,0.00019762944896749122,,-3.079835988048754e-05,-3.079835988048754e-05,0.00010080157775366126,0.00010080157775366126,True
486,0.00019762944896749122,,0.00019762944896749122,,-2.0962123756631042e-05,-2.0962123756631042e-05,9.626329634197466e-05,9.626329634197466e-05,True
487,0.00019762944896749122,,0.00019762944896749122,,-1.439827374614076e-05,-1.439827374614076e-05,2.9733100095046738e-05,2.9733100095046738e-05,True
488,0.00019762944896749122,,0.00019762944896749122,,-2.5838236821901464e-05,-2.5838236821901464e-05,-5.1344385386567116e-05,-5.1344385386567116e-05,True
489,0.00019762944896749122,,0.00019762944896749122,,-4.344252835354563e-05,-4.344252835354563e-05,-8.623548684800008e-05,-8.623548684800008e-05,True
490,0.00019762944896749122,,0.00019762944896749122,,-4.9725919715929956e-05,-4.9725919715929956e-05,-7.366041076597697e-05,-7.366041076597697e-05,True
491,0.00019762944896749122,,0.00019762944896749122,,-3.763922222568029e-05,-3.763922222568029e-05,-3.540792711380524e-05,-3.540792711380524e-05,True
492,0.00019762944896749122,,0.00019762944896749122,,-2.0493524438045527e-05,-2.0493524438045527e-05,1.1148140054551031e-05,1.1148140054551031e-05,True
493,0.00019762944896749122,,0.00019762944896749122,,-3.607830703612324e-05,-3.607830703612324e-05,7.097989149074597e-05,7.097989149074597e-05,True
494,0.00019762944896749122,,0.00019762944896749122,,-3.4177888657298215e-05,-3.4177888657298215e-05,0.00010379675492982599,0.00010379675492982599,True
495,0.00019762944896749122,,0.00019762944896749122,,-2.1078731151161957e-05,-2.1078731151161957e-05,8.763017514430653e-05,8.763017514430653e-05,True
496,0.00019762944896749122,,0.00019762944896749122,,-1.5317418128176606e-05,-1.5317418128176606e-05,2.843986246596294e-05,2.843986246596294e-05,True
497,0.00019762944896749122,,0.00019762944896749122,,-2.5072560106257967e-05,-2.5072560106257967e-05,-4.1822280867890564e-05,-4.1822280867890564e-05,True
498,0.00019762944896749122,,0.00019762944896749122,,-4.1475280151092854e-05,-4.1475280151092854e-05,-8.364805283429301e-05,-8.364805283429301e-05,True
499,0.00019762944896749122,,0.00019762944896749122,,-4.838717079943379e-05,-4.838717079943379e-05,-7.406002840163204e-05,-7.406002840163204e-05,True
500,0.00019762944896749122,,0.00019762944896749122,,-3.481497540678993e-05,-3.481497540678993e-05,-2.9808412989549348e-05,-2.9808412989549348e-05,True
501,0.00019762944896749122,,0.00019762944896749122,,2.761271334193294e-06,2.761271334193294e-06,4.071291702105311e-07,4.071291702105311e-07,True
502,0.00019762944896749122,,0.00019762944896749122,,6.075021957669536e-06,6.075021957669536e-06,1.933371346868926e-06,1.933371346868926e-06,True
503,0.00019762944896749122,,0.00019762944896749122,,-9.596709597594911e-06,-9.596709597594911e-06,-5.45778884958171e-06,-5.45778884958171e-06,True
504,0.00019762944896749122,,0.00019762944896749122,,-8.980184421464398e-06,-8.980184421464398e-06,-3.1176504428801996e-06,-3.1176504428801996e-06,True
505,0.00019762944896749122,,0.00019762944896749122,,3.932449068927468e-06,3.932449068927468e-06,6.883018878074668e-07,6.883018878074668e-07,True
506,0.00019762944896749122,,0.00019762944896749122,,1.1352727718563094e-05,1.1352727718563094e-05,4.180973634796312e-06,4.180973634796312e-06,True
507,0.00019762944896749122,,0.00019762944896749122,,-1.525234350754887e-05,-1.525234350754887e-05,-7.660307420804013e-06,-7.660307420804013e-06,True
508,0.00019762944896749122,,0.00019762944896749122,,-9.472185369359389e-06,-9.472185369359389e-06,-2.3173235079122495e-06,-2.3173235079122495e-06,True
509,0.00019762944896749122,,0.00019762944896749122,,8.40169918339933e-06,8.40169918339933e-06,6.49956515766044e-06,6.49956515766044e-06,True
510,0.00019762944896749122,,0.00019762944896749122,,8.1334724806137e-06,8.1334724806137e-06,2.9352043278510305e-06,2.9352043278510305e-06,True
511,0.00019762944896749122,,0.00019762944896749122,,-6.722371092249837e-06,-6.722371092249837e-06,-4.083017341319521e-06,-4.083017341319521e-06,True
512,0.00019762944896749122,,0.00019762944896749122,,-1.2924893244409375e-05,-1.2924893244409375e-05,-3.3242628919123263e-06,-3.3242628919123263e-06,True
513,0.00019762944896749122,,0.00019762944896749122,,1.6811880900533533e-05,1.6811880900533533e-05,1.7394570894655368e-05,1.7394570894655368e-05,True
514,0.00019762944896749122,,0.00019762944896749122,,1.4881612197094766e-05,1.4881612197094766e-05,9.221847996554361e-06,9.221847996554361e-06,True
515,0.00019762944896749122,,0.00019762944896749122,,2.8791057917197193e-06,2.8791057917197193e-06,-5.997458202559832e-07,-5.997458202559832e-07,True
516,0.00019762944896749122,,0.00019762944896749122,,-1.2326461199074597e-05,-1.2326461199074597e-05,-6.039415100079366e-06,-6.039415100079366e-06,True
517,0.00019762944896749122,,0.00019762944896749122,,-2.676618069605506e-05,-2.676618069605506e-05,-4.635018689172902e-06,-4.635018689172902e-06,True
518,0.00019762944896749122,,0.00019762944896749122,,1.934328989310375e-05,1.934328989310375e-05,1.945836166605569e-05,1.945836166605569e-05,True
519,0.00019762944896749122,,0.00019762944896749122,,2.5253503016770642e-05,2.5253503016770642e-05,1.6399564314726028e-05,1.6399564314726028e-05,True
520,0.00019762944896749122,,0.00019762944896749122,,5.991619132315257e-06,5.991619132315257e-06,7.764246340752615e-07,7.764246340752615e-07,True
521,0.00019762944896749122,,0.00019762944896749122,,-2.1512089709668944e-05,-2.1512089709668944e-05,-7.410080315327758e-06,-7.410080315327758e-06,True
522,0.00019762944896749122,,0.00019762944896749122,,-2.7705890548936874e-05,-2.7705890548936874e-05,-3.723155322385775e-06,-3.723155322385775e-06,True
523,0.00019762944896749122,,0.00019762944896749122,,2.126582962997911e-05,2.126582962997911e-05,2.2821589015611683e-05,2.2821589015611683e-05,True
524,0.00019762944896749122,,0.00019762944896749122,,5.061038994837061e-05,5.061038994837061e-05,4.202042286730466e-05,4.202042286730466e-05,True
525,0.00019762944896749122,,0.00019762944896749122,,1.3031231700399961e-05,1.3031231700399961e-05,4.19210509776065e-06,4.19210509776065e-06,True
526,0.00019762944896749122,,0.00019762944896749122,,2.481654197959046e-06,2.481654197959046e-06,2.8035884732219376e-07,2.8035884732219376e-07,True
527,0.00019762944896749122,,0.00019762944896749122,,-5.777959139678779e-05,-5.777959139678779e-05,-1.4897102201794245e-05,-1.4897102201794245e-05,True
528,0.00019762944896749122,,0.00019762944896749122,,-3.75863074111515e-05,-3.75863074111515e-05,-3.869040837008484e-06,-3.869040837008484e-06,True
529,0.00019762944896749122,,0.00019762944896749122,,2.5947349479160733e-05,2.5947349479160733e-05,3.104637035904018e-05,3.104637035904018e-05,True
530,0.00019762944896749122,,0.00019762944896749122,,5.866635342775528e-05,5.866635342775528e-05,5.5215469848236814e-05,5.5215469848236814e-05,True
531,0.00019762944896749122,,0.00019762944896749122,,3.4865229822607836e-05,3.4865229822607836e-05,2.287886223144427e-05,2.287886223144427e-05,True
532,0.00019762944896749122,,0.00019762944896749122,,1.0772664762647259e-05,1.0772664762647259e-05,4.833673808344551e-06,4.833673808344551e-06,True
533,0.00019762944896749122,,0.00019762944896749122,,-2.1807939849483968e-05,-2.1807939849483968e-05,-7.445712362149204e-06,-7.445712362149204e-06,True
534,0.00019762944896749122,,0.00019762944896749122,,-7.63494439135068e-05,-7.63494439135068e-05,-1.5939651214669738e-05,-1.5939651214669738e-05,True
535,0.00019762944896749122,,0.00019762944896749122,,-5.226208528822738e-05,-5.226208528822738e-05,-3.7539186242041387e-06,-3.7539186242041387e-06,True
536,0.00019762944896749122,,0.00019762944896749122,,2.1109510358581307e-05,2.1109510358581307e-05,2.6801011632525838e-05,2.6801011632525838e-05,True
537,0.00019762944896749122,,0.00019762944896749122,,6.417702073740072e-05,6.417702073740072e-05,6.283997935351895e-05,6.283997935351895e-05,True
538,0.00019762944896749122,,0.00019762944896749122,,4.375160534338624e-05,4.375160534338624e-05,3.135147894706176e-05,3.135147894706176e-05,True
539,0.00019762944896749122,,0.00019762944896749122,,1.2775086958944228e-05,1.2775086958944228e-05,7.499139533464685e-06,7.499139533464685e-06,True
540,0.00019762944896749122,,0.00019762944896749122,,-2.9633565992470152e-05,-2.9633565992470152e-05,-9.011958127270996e-06,-9.011958127270996e-06,True
541,0.00019762944896749122,,0.00019762944896749122,,-8.585097372950415e-05,-8.585097372950415e-05,-1.6543228205050662e-05,-1.6543228205050662e-05,True
542,0.00019762944896749122,,0.00019762944896749122,,-4.828738512730166e-05,-4.828738512730166e-05,-2.188126184408859e-06,-2.188126184408859e-06,True
543,0.00019762944896749122,,0.00019762944896749122,,2.118903209677826e-05,2.118903209677826e-05,2.9781360013083735e-05,2.9781360013083735e-05,True
544,0.00019762944896749122,,0.00019762944896749122,,6.724951267174466e-05,6.724951267174466e-05,6.842106010606184e-05,6.842106010606184e-05,True
545,0.00019762944896749122,,0.00019762944896749122,,5.0111405298418784e-05,5.0111405298418784e-05,3.8367251695591805e-05,3.8367251695591805e-05,True
546,0.00019762944896749122,,0.00019762944896749122,,1.4268757850910014e-05,1.4268757850910014e-05,1.0218986772816906e-05,1.0218986772816906e-05,True
547,0.00019762944896749122,,0.00019762944896749122,,-3.5335946472292175e-05,-3.5335946472292175e-05,-9.421740997149213e-06,-9.421740997149213e-06,True
548,0.00019762944896749122,,0.00019762944896749122,,-9.156111782270304e-05,-9.156111782270304e-05,-1.6094857973830604e-05,-1.6094857973830604e-05,True
549,0.00019762944896749122,,0.00019762944896749122,,-5.028069412730426e-05,-5.028069412730426e-05,-5.670389778619954e-07,-5.670389778619954e-07,True
550,0.00019762944896749122,,0.00019762944896749122,,1.8472137476102627e-05,1.8472137476102627e-05,3.0316162408650977e-05,3.0316162408650977e-05,True
551,0.00019762944896749122,,0.00019762944896749122,,6.268945729733491e-05,6.268945729733491e-05,7.099860215781859e-05,7.099860215781859e-05,True
552,0.00019762944896749122,,0.00019762944896749122,,7.097054012122007e-05,7.097054012122007e-05,6.292539543877334e-05,6.292539543877334e-05,True
553,0.00019762944896749122,,0.00019762944896749122,,5.2494548083271934e-06,5.2494548083271934e-06,6.8813677913042174e-06,6.8813677913042174e-06,True
554,0.00019762944896749122,,0.00019762944896749122,,2.59075408556478e-05,2.59075408556478e-05,1.8585320861493664e-05,1.8585320861493664e-05,True
555,0.00019762944896749122,,0.00019762944896749122,,-6.777188008258915e-05,-6.777188008258915e-05,-1.635591896150032e-05,-1.635591896150032e-05,True
556,0.00019762944896749122,,0.00019762944896749122,,-9.275161338963593e-05,-9.275161338963593e-05,-1.2177980625491486e-05,-1.2177980625491486e-05,True
557,0.00019762944896749122,,0.00019762944896749122,,-4.7739216021650497e-05,-4.7739216021650497e-05,1.4959248497178056e-06,1.4959248497178056e-06,True
558,0.00019762944896749122,,0.00019762944896749122,,1.8395338149646785e-05,1.8395338149646785e-05,3.5585293132770646e-05,3.5585293132770646e-05,True
559,0.00019762944896749122,,0.00019762944896749122,,6.25912767199067e-05,6.25912767199067e-05,7.492535948595166e-05,7.492535948595166e-05,True
560,0.00019762944896749122,,0.00019762944896749122,,7.165029954096697e-05,7.165029954096697e-05,6.701239828691753e-05,6.701239828691753e-05,True
561,0.00019762944896749122,,0.00019762944896749122,,4.070818229667259e-06,4.070818229667259e-06,9.681935881112888e-06,9.681935881112888e-06,True
562,0.00019762944896749122,,0.00019762944896749122,,2.9737657208005248e-05,2.9737657208005248e-05,2.3286684829912126e-05,2.3286684829912126e-05,True
563,0.00019762944896749122,,0.00019762944896749122,,-6.808980333225054e-05,-6.808980333225054e-05,-1.435617446120419e-05,-1.435617446120419e-05,True
564,0.00019762944896749122,,0.00019762944896749122,,-9.17961524463176e-05,-9.17961524463176e-05,-9.467834495310452e-06,-9.467834495310452e-06,True
565,0.00019762944896749122,,0.00019762944896749122,,-4.890432738633963e-05,-4.890432738633963e-05,3.98012032988526e-06,3.98012032988526e-06,True
566,0.00019762944896749122,,0.00019762944896749122,,1.1023590781569987e-05,1.1023590781569987e-05,3.1126423676773996e-05,3.1126423676773996e-05,True
567,0.00019762944896749122,,0.00019762944896749122,,5.608507042824247e-05,5.608507042824247e-05,7.295174919456708e-05,7.295174919456708e-05,True
568,0.00019762944896749122,,0.00019762944896749122,,6.471300532913369e-05,6.471300532913369e-05,6.493879775508022e-05,6.493879775508022e-05,True
569,0.00019762944896749122,,0.00019762944896749122,,1.1380838117849629e-05,1.1380838117849629e-05,1.698559985576703e-05,1.698559985576703e-05,True
570,0.00019762944896749122,,0.00019762944896749122,,2.1295911404818954e-05,2.1295911404818954e-05,2.2726396368987737e-05,2.2726396368987737e-05,True
571,0.00019762944896749122,,0.00019762944896749122,,-5.9425619526805177e-05,-5.9425619526805177e-05,-8.337401759826294e-06,-8.337401759826294e-06,True
572,0.00019762944896749122,,0.00019762944896749122,,-8.595419126152028e-05,-8.595419126152028e-05,-5.7131551321636096e-06,-5.7131551321636096e-06,True
573,0.00019762944896749122,,0.00019762944896749122,,-3.8716130598464125e-05,-3.8716130598464125e-05,7.239199212084402e-06,7.239199212084402e-06,True
574,0.00019762944896749122,,0.00019762944896749122,,6.674947723910484e-06,6.674947723910484e-06,3.192484101762872e-05,3.192484101762872e-05,True
575,0.00019762944896749122,,0.00019762944896749122,,4.583401118382527e-05,4.583401118382527e-05,7.050136123761507e-05,7.050136123761507e-05,True
576,0.00019762944896749122,,0.00019762944896749122,,6.784192430334799e-05,6.784192430334799e-05,7.697336731388341e-05,7.697336731388341e-05,True
577,0.00019762944896749122,,0.00019762944896749122,,4.7723345181758675e-05,4.7723345181758675e-05,4.872744037520439e-05,4.872744037520439e-05,True
578,0.00019762944896749122,,0.00019762944896749122,,1.5926583459709366e-05,1.5926583459709366e-05,2.369667644951411e-05,2.369667644951411e-05,True
579,0.00019762944896749122,,0.00019762944896749122,,-2.7446883308581113e-05,-2.7446883308581113e-05,3.257375122925965e-06,3.257375122925965e-06,True
580,0.00019762944896749122,,0.00019762944896749122,,-8.180335882360327e-05,-8.180335882360327e-05,-9.852026359441536e-06,-9.852026359441536e-06,True
581,0.00019762944896749122,,0.00019762944896749122,,-8.221511030034613e-05,-8.221511030034613e-05,-5.76775006078577e-07,-5.76775006078577e-07,True
582,0.00019762944896749122,,0.00019762944896749122,,-3.426854009624443e-05,-3.426854009624443e-05,1.008229954701161e-05,1.008229954701161e-05,True
583,0.00019762944896749122,,0.00019762944896749122,,4.2430480747759885e-06,4.2430480747759885e-06,2.5405091012649828e-05,2.5405091012649828e-05,True
584,0.00019762944896749122,,0.00019762944896749122,,3.688068843092677e-05,3.688068843092677e-05,5.519062318751108e-05,5.519062318751108e-05,True
585,0.00019762944896749122,,0.00019762944896749122,,6.66400981166747e-05,6.66400981166747e-05,7.244750308405638e-05,7.244750308405638e-05,True
586,0.00019762944896749122,,0.00019762944896749122,,6.806889110207959e-05,6.806889110207959e-05,6.252690930767191e-05,6.252690930767191e-05,True
587,0.00019762944896749122,,0.00019762944896749122,,1.3697219144214552e-05,1.3697219144214552e-05,2.4111758227265154e-05,2.4111758227265154e-05,True
588,0.00019762944896749122,,0.00019762944896749122,,-6.192024296215142e-05,-6.192024296215142e-05,-5.594210183816148e-06,-5.594210183816148e-06,True
589,0.00019762944896749122,,0.00019762944896749122,,-9.999312143579258e-05,-9.999312143579258e-05,-6.947237722446889e-06,-6.947237722446889e-06,True
590,0.00019762944896749122,,0.00019762944896749122,,-8.961587722460508e-05,-8.961587722460508e-05,5.554823593281955e-06,5.554823593281955e-06,True
591,0.00019762944896749122,,0.00019762944896749122,,-4.849582655401313e-05,-4.849582655401313e-05,1.429205769719427e-05,1.429205769719427e-05,True
592,0.00019762944896749122,,0.00019762944896749122,,-6.21036174614944e-07,-6.21036174614944e-07,2.1913625735012103e-05,2.1913625735012103e-05,True
593,0.00019762944896749122,,0.00019762944896749122,,4.1003136881695635e-05,4.1003136881695635e-05,6.309840038415827e-05,6.309840038415827e-05,True
594,0.00019762944896749122,,0.00019762944896749122,,6.867788060347018e-05,6.867788060347018e-05,7.715622627015958e-05,7.715622627015958e-05,True
595,0.00019762944896749122,,0.00019762944896749122,,6.04692933276471e-05,6.04692933276471e-05,5.8099515626798014e-05,5.8099515626798014e-05,True
596,0.00019762944896749122,,0.00019762944896749122,,1.1888387419599996e-05,1.1888387419599996e-05,2.4071082114730723e-05,2.4071082114730723e-05,True
597,0.00019762944896749122,,0.00019762944896749122,,-5.3601653576297226e-05,-5.3601653576297226e-05,-1.7952546105465225e-06,-1.7952546105465225e-06,True
598,0.00019762944896749122,,0.00019762944896749122,,-9.68555612889568e-05,-9.68555612889568e-05,-7.612223692451507e-06,-7.612223692451507e-06,True
599,0.00019762944896749122,,0.00019762944896749122,,-8.938179666732022e-05,-8.938179666732022e-05,3.9919976516764466e-06,3.9919976516764466e-06,True
600,0.00019762944896749122,,0.00019762944896749122,,-4.1981114018306064e-05,-4.1981114018306064e-05,1.4659724711698213e-05,1.4659724711698213e-05,True
