MM #,m_rad,m_azi,sigma_rad,sigma_azi,distribution,alpha_azi,alpha_rad,weight,sigmax,sigmay,theta_degrees,theta_position,mux,muy
1,0.0,0.0,5e-08,5e-08,gaussian,0.2938662186809129,0.6909252567049573,0.0011432763066666666,5e-08,5e-08,-39.095299338642405,-39.095299338642405,0.0,0.0
2,0.0,0.0,5e-08,5e-08,gaussian,0.3092016267443135,0.8578854830958985,0.0011432763066666666,5e-08,5e-08,6.968233553785865,6.968233553785865,0.0,-0.0
3,0.0,0.0,5e-08,5e-08,gaussian,0.2499998843066859,0.7514747077577804,0.0011432763066666666,5e-08,5e-08,-20.904700661357595,-20.904700661357595,-0.0,0.0
4,0.0,0.0,5e-08,5e-08,gaussian,0.2540371803533468,0.7827586008316862,0.0011432763066666666,5e-08,5e-08,-66.96823355378586,-66.96823355378586,0.0,0.0
5,0.0,0.0,5e-08,5e-08,gaussian,0.2512300910131376,0.9363858684525187,0.0,5e-08,5e-08,-38.747727037131426,-38.747727037131426,-0.0,0.0
6,0.0,0.0,5e-08,5e-08,gaussian,0.2238423070478022,0.6631901838007338,0.0,5e-08,5e-08,7.084090987622858,7.084090987622858,0.0,0.0
7,0.0,0.0,5e-08,5e-08,gaussian,0.2422824110656982,0.739517892948492,0.0,5e-08,5e-08,-21.252272962868602,-21.252272962868602,0.0,0.0
8,0.0,0.0,5e-08,5e-08,gaussian,0.2619421837628852,0.8783451372173573,0.0,5e-08,5e-08,67.08409098762289,67.08409098762289,0.0,-0.0
9,0.0,0.0,5e-08,5e-08,gaussian,0.3156070954549774,0.5358076196688661,0.0,5e-08,5e-08,-67.15846454702898,-67.15846454702898,-0.0,0.0
10,0.0,0.0,5e-08,5e-08,gaussian,0.3304781122592519,0.7540226111644235,0.0,5e-08,5e-08,-38.52460635891305,-38.52460635891305,0.0,0.0
11,0.0,0.0,5e-08,5e-08,gaussian,0.2778223376637571,0.6940407988242661,0.0,5e-08,5e-08,67.158464547029,67.158464547029,0.0,0.0
12,0.0,0.0,5e-08,5e-08,gaussian,0.2862442077187648,0.8459082453348209,0.0,5e-08,5e-08,-81.47539364108695,-81.47539364108695,0.0,0.0
13,0.0,0.0,5e-08,5e-08,gaussian,0.2586521866111388,0.789882011775209,0.0,5e-08,5e-08,71.53641802775232,71.53641802775232,0.0,-0.0
14,0.0,0.0,5e-08,5e-08,gaussian,0.3047172050596247,0.6952316195229619,0.0,5e-08,5e-08,-59.99999999999997,-59.99999999999997,-0.0,0.0
15,0.0,0.0,5e-08,5e-08,gaussian,0.2374162236214889,0.6840776221676219,0.0,5e-08,5e-08,11.536418027752262,11.536418027752262,0.0,0.0
16,0.0,0.0,5e-08,5e-08,gaussian,0.2949757063544478,0.8518906861107731,0.0,5e-08,5e-08,-36.927163944495476,-36.927163944495476,-0.0,0.0
17,0.0,0.0,5e-08,5e-08,gaussian,0.2801690216282846,0.6569144381349988,0.0,5e-08,5e-08,36.927163944495476,36.927163944495476,0.0,-0.0
18,0.0,0.0,5e-08,5e-08,gaussian,0.2694349205483221,0.7172456756269767,0.0,5e-08,5e-08,36.805088086910004,36.805088086910004,0.0,-0.0
19,0.0,0.0,5e-08,5e-08,gaussian,0.3157133959874089,0.8497521585254127,0.0,5e-08,5e-08,-36.805088086910004,-36.805088086910004,0.0,0.0
20,0.0,0.0,5e-08,5e-08,gaussian,0.3257696227596356,0.9170554595387828,0.0,5e-08,5e-08,-60.00000000000003,-60.00000000000003,0.0,0.0
21,0.0,0.0,5e-08,5e-08,gaussian,0.3200676750756927,0.7517065225752787,0.0,5e-08,5e-08,-1.4210854715202004e-14,-1.4210854715202004e-14,0.0,0.0
22,0.0,0.0,5e-08,5e-08,gaussian,0.3132620604543345,0.6840149234892747,0.0,5e-08,5e-08,36.805088086909976,36.805088086909976,0.0,0.0
23,0.0,0.0,5e-08,5e-08,gaussian,0.2869982637318513,0.7857142957138818,0.0,5e-08,5e-08,-45.444643381176235,-45.444643381176235,0.0,0.0
24,0.0,0.0,5e-08,5e-08,gaussian,0.2908451056810665,0.5985548512933923,0.0,5e-08,5e-08,74.55535661882374,74.55535661882374,0.0,0.0
25,0.0,0.0,5e-08,5e-08,gaussian,0.2734828427824037,0.833424838822311,0.0,5e-08,5e-08,-64.8517855396079,-64.8517855396079,0.0,0.0
26,0.0,0.0,5e-08,5e-08,gaussian,0.2894369612307691,0.7383201908137915,0.0,5e-08,5e-08,-4.851785539607874,-4.851785539607874,-0.0,0.0
27,0.0,0.0,5e-08,5e-08,gaussian,0.3531671374737339,0.829749694731514,0.0,5e-08,5e-08,-35.7410723019604,-35.7410723019604,-0.0,0.0
28,0.0,0.0,5e-08,5e-08,gaussian,0.2821860558888039,0.6747094837858281,0.0,5e-08,5e-08,45.44464338117625,45.44464338117625,0.0,0.0
29,0.0,0.0,5e-08,5e-08,gaussian,0.3180283111299446,0.8177102201054942,0.0,5e-08,5e-08,-51.6561778211601,-51.6561778211601,-0.0,0.0
30,0.0,0.0,5e-08,5e-08,gaussian,0.267632202477071,0.8009686180156025,0.0,5e-08,5e-08,85.03146653651956,85.03146653651956,0.0,0.0
31,0.0,0.0,5e-08,5e-08,gaussian,0.2987542038441074,0.6103456153317439,0.0,5e-08,5e-08,-59.99999999999997,-59.99999999999997,0.0,0.0
32,0.0,0.0,5e-08,5e-08,gaussian,0.3187905418590231,0.9240776824129568,0.0,5e-08,5e-08,-85.0314665365195,-85.0314665365195,-0.0,0.0
33,0.0,0.0,5e-08,5e-08,gaussian,0.2895132777786235,0.7062183379783776,0.0,5e-08,5e-08,16.687644357679716,16.687644357679716,0.0,0.0
34,0.0,0.0,5e-08,5e-08,gaussian,0.3201453436564796,0.8240375548768755,0.0,5e-08,5e-08,43.312355642320284,43.312355642320284,0.0,-0.0
35,0.0,0.0,5e-08,5e-08,gaussian,0.3356748724850168,0.6550078631475045,0.0,5e-08,5e-08,-25.03146653651953,-25.03146653651953,-0.0,0.0
36,0.0,0.0,5e-08,5e-08,gaussian,0.3064509259393936,0.6329315752074484,0.0,5e-08,5e-08,-8.365299200714006,-8.365299200714006,-0.0,0.0
37,0.0,0.0,5e-08,5e-08,gaussian,0.3283188352698079,0.7074116766666891,0.0,5e-08,5e-08,51.63470079928604,51.63470079928604,0.0,-0.0
38,0.0,0.0,5e-08,5e-08,gaussian,0.3081197122836798,0.7465857441629444,0.0,5e-08,5e-08,51.634700799286,51.634700799286,0.0,0.0
39,0.0,0.0,5e-08,5e-08,gaussian,0.2557409335864941,0.648778704501608,0.0,5e-08,5e-08,25.09589760214199,25.09589760214199,0.0,0.0
40,0.0,0.0,5e-08,5e-08,gaussian,0.3406534064438296,0.7970127533811256,0.0,5e-08,5e-08,34.90410239785798,34.90410239785798,0.0,-0.0
41,0.0,0.0,5e-08,5e-08,gaussian,0.2833000697773581,0.7059686638956498,0.0,5e-08,5e-08,-85.09589760214197,-85.09589760214197,0.0,0.0
42,0.0,0.0,5e-08,5e-08,gaussian,0.3113136834126231,0.844130929963957,0.0,5e-08,5e-08,68.36529920071399,68.36529920071399,0.0,-0.0
43,0.0,0.0,5e-08,5e-08,gaussian,0.2921438972591241,0.5975893375462631,0.0,5e-08,5e-08,25.14921397944846,25.14921397944846,0.0,0.0
44,0.0,0.0,5e-08,5e-08,gaussian,0.3192992405575061,0.6487573560824341,0.0,5e-08,5e-08,43.23385734703436,43.23385734703436,0.0,-0.0
45,0.0,0.0,5e-08,5e-08,gaussian,0.3265354737551159,0.7644882917830554,0.0,5e-08,5e-08,-51.61692867351715,-51.61692867351715,-0.0,0.0
46,0.0,0.0,5e-08,5e-08,gaussian,0.2722103463814949,0.8049869208055183,0.0,5e-08,5e-08,34.85078602055157,34.85078602055157,0.0,-0.0
47,0.0,0.0,5e-08,5e-08,gaussian,0.2954614525722571,0.7936139864460331,0.0,5e-08,5e-08,8.38307132648282,8.38307132648282,0.0,0.0
48,0.0,0.0,5e-08,5e-08,gaussian,0.2542437826477947,0.6829559485972044,0.0,5e-08,5e-08,-51.61692867351718,-51.61692867351718,0.0,0.0
49,0.0,0.0,5e-08,5e-08,gaussian,0.2338762247758548,0.7801107590182444,0.0,5e-08,5e-08,60.00000000000001,60.00000000000001,0.0,0.0
50,0.0,0.0,5e-08,5e-08,gaussian,0.2514932641781377,0.755203103067283,0.0,5e-08,5e-08,63.67406796615316,63.67406796615316,0.0,-0.0
51,0.0,0.0,5e-08,5e-08,gaussian,0.271122891690588,0.7825834185617647,0.0,5e-08,5e-08,85.71847576307192,85.71847576307192,0.0,-0.0
52,0.0,0.0,5e-08,5e-08,gaussian,0.2795895028361949,0.8378827445866552,0.0,5e-08,5e-08,85.7184757630719,85.7184757630719,0.0,0.0
53,0.0,0.0,5e-08,5e-08,gaussian,0.2608497694336787,0.6879932100812882,0.0,5e-08,5e-08,18.370339830765644,18.370339830765644,0.0,-0.0
54,0.0,0.0,5e-08,5e-08,gaussian,0.2354027075260376,0.8246789121718295,0.0,5e-08,5e-08,-18.370339830765644,-18.370339830765644,0.0,0.0
55,0.0,0.0,5e-08,5e-08,gaussian,0.3255146802593751,0.8061059066277314,0.0,5e-08,5e-08,-85.71847576307187,-85.71847576307187,-0.0,0.0
56,0.0,0.0,5e-08,5e-08,gaussian,0.2458898561488594,0.8297500008190792,0.0,5e-08,5e-08,71.02220389845937,71.02220389845937,0.0,-0.0
57,0.0,0.0,5e-08,5e-08,gaussian,0.2998566058129453,0.8275641857906526,0.0,5e-08,5e-08,11.022203898459395,11.022203898459395,0.0,-0.0
58,0.0,0.0,5e-08,5e-08,gaussian,0.2430410531982918,0.7153650514984444,0.0,5e-08,5e-08,25.75719081890182,25.75719081890182,0.0,-0.0
59,0.0,0.0,5e-08,5e-08,gaussian,0.232737543598911,0.7194818078169019,0.0,5e-08,5e-08,34.242809181098174,34.242809181098174,0.0,0.0
60,0.0,0.0,5e-08,5e-08,gaussian,0.2904694313081103,0.7507703295284872,0.0,5e-08,5e-08,63.67959868841453,63.67959868841453,0.0,-0.0
61,0.0,0.0,5e-08,5e-08,gaussian,0.3071084242676698,0.7436336838883897,0.0,5e-08,5e-08,78.39799344207272,78.39799344207272,0.0,0.0
62,0.0,0.0,5e-08,5e-08,gaussian,0.2945792506167218,0.5853906161154707,0.0,5e-08,5e-08,18.397993442072746,18.397993442072746,0.0,-0.0
63,0.0,0.0,5e-08,5e-08,gaussian,0.2587459073215618,0.9544660876082602,0.0,5e-08,5e-08,-63.67959868841456,-63.67959868841456,0.0,0.0
64,0.0,0.0,5e-08,5e-08,gaussian,0.3186341386781596,0.751272503255551,0.0,5e-08,5e-08,-48.961203934756355,-48.961203934756355,-0.0,0.0
65,0.0,0.0,5e-08,5e-08,gaussian,0.307395470925367,0.823914407432985,0.0,5e-08,5e-08,-85.75719081890185,-85.75719081890185,0.0,0.0
66,0.0,0.0,5e-08,5e-08,gaussian,0.3015660653507908,0.7987206180604955,0.0,5e-08,5e-08,-34.20935308787722,-34.20935308787722,-0.0,0.0
67,0.0,0.0,5e-08,5e-08,gaussian,0.310718945831125,0.7638297014278899,0.0,5e-08,5e-08,-71.05313439090978,-71.05313439090978,0.0,0.0
68,0.0,0.0,5e-08,5e-08,gaussian,0.2776729361158065,0.5631398710210814,0.0,5e-08,5e-08,-56.31562186969674,-56.31562186969674,0.0,0.0
69,0.0,0.0,5e-08,5e-08,gaussian,0.2562147513849919,0.7441161933862971,0.0,5e-08,5e-08,25.79064691212278,25.79064691212278,0.0,0.0
70,0.0,0.0,5e-08,5e-08,gaussian,0.2431437697627142,0.8051481064532672,0.0,5e-08,5e-08,18.42189065151628,18.42189065151628,0.0,0.0
71,0.0,0.0,5e-08,5e-08,gaussian,0.3039654311403233,0.6674847181819313,0.0,5e-08,5e-08,-18.42189065151632,-18.42189065151632,-0.0,0.0
72,0.0,0.0,5e-08,5e-08,gaussian,0.3213664275640817,0.9693838219716276,0.0,5e-08,5e-08,18.42189065151625,18.42189065151625,0.0,-0.0
73,0.0,0.0,5e-08,5e-08,gaussian,0.3607600507833251,0.6615989873569391,0.0,5e-08,5e-08,-41.578109348483736,-41.578109348483736,0.0,0.0
74,0.0,0.0,5e-08,5e-08,gaussian,0.2236705236849021,0.8532426240116363,0.0,5e-08,5e-08,-19.672264715641276,-19.672264715641276,-0.0,0.0
75,0.0,0.0,5e-08,5e-08,gaussian,0.3009937418593609,0.8622055670717876,0.0,5e-08,5e-08,-40.32773528435871,-40.32773528435871,0.0,0.0
76,0.0,0.0,5e-08,5e-08,gaussian,0.2868644208729223,0.8201115096431242,0.0,5e-08,5e-08,86.22968628752173,86.22968628752173,0.0,0.0
77,0.0,0.0,5e-08,5e-08,gaussian,0.2655573261792257,0.810423205940342,0.0,5e-08,5e-08,60.0,60.0,0.0,0.0
78,0.0,0.0,5e-08,5e-08,gaussian,0.2766978940383274,0.8165100176594445,0.0,5e-08,5e-08,86.22968628752176,86.22968628752176,0.0,-0.0
79,0.0,0.0,5e-08,5e-08,gaussian,0.2791065450700332,0.8950485915361436,0.0,5e-08,5e-08,40.327735284358766,40.327735284358766,0.0,-0.0
80,0.0,0.0,5e-08,5e-08,gaussian,0.2864624319089646,0.8593895477670251,0.0,5e-08,5e-08,73.11484314376088,73.11484314376088,0.0,-0.0
81,0.0,0.0,5e-08,5e-08,gaussian,0.3292054467154034,0.6497066162866663,0.0,5e-08,5e-08,-66.55742157188044,-66.55742157188044,-0.0,0.0
82,0.0,0.0,5e-08,5e-08,gaussian,0.3218534252097113,0.735188470287858,0.0,5e-08,5e-08,66.55742157188043,66.55742157188043,0.0,0.0
83,0.0,0.0,5e-08,5e-08,gaussian,0.3492490324893227,0.8476114512054346,0.0,5e-08,5e-08,-19.6918520228715,-19.6918520228715,0.0,0.0
84,0.0,0.0,5e-08,5e-08,gaussian,0.3068598512023778,0.9024561929852948,0.0,5e-08,5e-08,-59.999999999999915,-59.999999999999915,-0.0,0.0
85,0.0,0.0,5e-08,5e-08,gaussian,0.279407282912409,0.6682870596086826,0.0,5e-08,5e-08,73.12790134858102,73.12790134858102,0.0,-0.0
86,0.0,0.0,5e-08,5e-08,gaussian,0.272620178044131,0.6903689765979125,0.0,5e-08,5e-08,-73.12790134858102,-73.12790134858102,0.0,0.0
87,0.0,0.0,5e-08,5e-08,gaussian,0.2656695263825486,0.8026483047477173,0.0,5e-08,5e-08,-26.25580269716201,-26.25580269716201,-0.0,0.0
88,0.0,0.0,5e-08,5e-08,gaussian,0.2957032073415667,0.7350966083387359,0.0,5e-08,5e-08,53.436049325709504,53.436049325709504,0.0,0.0
89,0.0,0.0,5e-08,5e-08,gaussian,0.2764577658609647,0.7753000609188263,0.0,5e-08,5e-08,79.69185202287147,79.69185202287147,0.0,-0.0
90,0.0,0.0,5e-08,5e-08,gaussian,0.2912979034542534,0.7814804664587898,0.0,5e-08,5e-08,-33.744197302837975,-33.744197302837975,-0.0,0.0
91,0.0,0.0,5e-08,5e-08,gaussian,0.2846485693356988,0.6435138603064344,0.0,5e-08,5e-08,33.744197302838,33.744197302838,0.0,-0.0
92,0.0,0.0,5e-08,5e-08,gaussian,0.2749443170511785,0.7952686080982133,0.0,5e-08,5e-08,-6.569742989289281,-6.569742989289281,-0.0,0.0
93,0.0,0.0,5e-08,5e-08,gaussian,0.2887155663543919,0.8036789311271981,0.0,5e-08,5e-08,73.13948597857862,73.13948597857862,0.0,0.0
94,0.0,0.0,5e-08,5e-08,gaussian,0.2943884653184236,0.7984487074983021,0.0,5e-08,5e-08,86.27897195715724,86.27897195715724,0.0,-0.0
95,0.0,0.0,5e-08,5e-08,gaussian,0.3063668412339434,0.7941286108015999,0.0,5e-08,5e-08,19.709228967867944,19.709228967867944,0.0,-0.0
96,0.0,0.0,5e-08,5e-08,gaussian,0.2537475178873173,0.7279478598064884,0.0,5e-08,5e-08,-53.430257010710704,-53.430257010710704,0.0,0.0
97,0.0,0.0,5e-08,5e-08,gaussian,0.3329443035833266,0.7433394435563851,0.0,5e-08,5e-08,33.72102804284276,33.72102804284276,0.0,0.0
98,0.0,0.0,5e-08,5e-08,gaussian,0.2918556654158573,0.8629638055407576,0.0,5e-08,5e-08,53.430257010710704,53.430257010710704,0.0,-0.0
99,0.0,0.0,5e-08,5e-08,gaussian,0.2782620321803461,0.8387619849854957,0.0,5e-08,5e-08,-46.86051402142135,-46.86051402142135,0.0,0.0
100,0.0,0.0,5e-08,5e-08,gaussian,0.2384281685376321,0.7172083712364486,0.0,5e-08,5e-08,-73.13948597857859,-73.13948597857859,-0.0,0.0
101,0.0,0.0,5e-08,5e-08,gaussian,0.2819982268816048,0.7234691477179988,0.0011432763066666666,5e-08,5e-08,-39.095299338642434,-39.095299338642434,-0.0,0.0
102,0.0,0.0,5e-08,5e-08,gaussian,0.2674822977420248,0.5399023257466122,0.0011432763066666666,5e-08,5e-08,39.09529933864241,39.09529933864241,0.0,0.0
103,0.0,0.0,5e-08,5e-08,gaussian,0.3142639558869587,0.9435298308139681,0.0011432763066666666,5e-08,5e-08,53.031766446214164,53.031766446214164,0.0,-0.0
104,0.0,0.0,5e-08,5e-08,gaussian,0.2867347794767054,0.7575278520131815,0.0011432763066666666,5e-08,5e-08,80.90470066135762,80.90470066135762,0.0,-0.0
105,0.0,0.0,5e-08,5e-08,gaussian,0.2793464397281063,0.877759127056026,0.0,5e-08,5e-08,52.91590901237717,52.91590901237717,0.0,-0.0
106,0.0,0.0,5e-08,5e-08,gaussian,0.2326193166684971,0.7424732584342425,0.0,5e-08,5e-08,-7.084090987622872,-7.084090987622872,0.0,0.0
107,0.0,0.0,5e-08,5e-08,gaussian,0.3015580621021013,0.6756165852587945,0.0,5e-08,5e-08,-81.25227296286857,-81.25227296286857,0.0,0.0
108,0.0,0.0,5e-08,5e-08,gaussian,0.2742458001290036,0.6639277044493995,0.0,5e-08,5e-08,-52.91590901237714,-52.91590901237714,-0.0,0.0
109,0.0,0.0,5e-08,5e-08,gaussian,0.299373809772755,0.876794289547568,0.0,5e-08,5e-08,-21.475393641086953,-21.475393641086953,0.0,0.0
110,0.0,0.0,5e-08,5e-08,gaussian,0.2922041152757701,0.7882104140935376,0.0,5e-08,5e-08,-7.15846454702897,-7.15846454702897,-0.0,0.0
111,0.0,0.0,5e-08,5e-08,gaussian,0.3168920638514697,0.8947057990455328,0.0,5e-08,5e-08,7.1584645470289985,7.1584645470289985,0.0,0.0
112,0.0,0.0,5e-08,5e-08,gaussian,0.2691364566344271,0.8045929572298254,0.0,5e-08,5e-08,7.1584645470289985,7.1584645470289985,0.0,-0.0
113,0.0,0.0,5e-08,5e-08,gaussian,0.2567050057908133,0.6636949238132754,0.0,5e-08,5e-08,-36.92716394449545,-36.92716394449545,0.0,0.0
114,0.0,0.0,5e-08,5e-08,gaussian,0.2669641382058888,0.8561548458381704,0.0,5e-08,5e-08,-83.07283605550452,-83.07283605550452,-0.0,0.0
115,0.0,0.0,5e-08,5e-08,gaussian,0.2838624815454566,0.8124723101227509,0.0,5e-08,5e-08,-11.536418027752276,-11.536418027752276,0.0,0.0
116,0.0,0.0,5e-08,5e-08,gaussian,0.3316764787188318,0.6461845105135177,0.0,5e-08,5e-08,-60.0,-60.0,0.0,0.0
117,0.0,0.0,5e-08,5e-08,gaussian,0.2911779135928069,0.7983397739962849,0.0,5e-08,5e-08,23.07283605550451,23.07283605550451,0.0,-0.0
118,0.0,0.0,5e-08,5e-08,gaussian,0.3086450272692751,0.7910247808120933,0.0,5e-08,5e-08,-83.19491191309007,-83.19491191309007,0.0,0.0
119,0.0,0.0,5e-08,5e-08,gaussian,0.2848467950105126,0.7180607770419679,0.0,5e-08,5e-08,83.19491191309001,83.19491191309001,0.0,-0.0
120,0.0,0.0,5e-08,5e-08,gaussian,0.2453295513386381,0.7555617393212745,0.0,5e-08,5e-08,-11.59745595654502,-11.59745595654502,0.0,0.0
121,0.0,0.0,5e-08,5e-08,gaussian,0.2837712409659842,0.8063883254251148,0.0,5e-08,5e-08,-71.59745595654502,-71.59745595654502,0.0,0.0
122,0.0,0.0,5e-08,5e-08,gaussian,0.2680881514449859,0.6053904100091515,0.0,5e-08,5e-08,-23.194911913089996,-23.194911913089996,-0.0,0.0
123,0.0,0.0,5e-08,5e-08,gaussian,0.2768312918677576,0.9446118930678673,0.0,5e-08,5e-08,-45.444643381176206,-45.444643381176206,-0.0,0.0
124,0.0,0.0,5e-08,5e-08,gaussian,0.2699651165963634,0.8358658485644725,0.0,5e-08,5e-08,-74.55535661882374,-74.55535661882374,0.0,0.0
125,0.0,0.0,5e-08,5e-08,gaussian,0.2950657973890427,0.6498930997563689,0.0,5e-08,5e-08,-4.851785539607917,-4.851785539607917,0.0,0.0
126,0.0,0.0,5e-08,5e-08,gaussian,0.2582404531409684,0.8192889815480853,0.0,5e-08,5e-08,-55.1482144603921,-55.1482144603921,-0.0,0.0
127,0.0,0.0,5e-08,5e-08,gaussian,0.2885232921645734,0.6767572757554263,0.0,5e-08,5e-08,84.2589276980396,84.2589276980396,0.0,-0.0
128,0.0,0.0,5e-08,5e-08,gaussian,0.3184346914045065,0.7102790425775959,0.0,5e-08,5e-08,24.25892769803957,24.25892769803957,0.0,0.0
129,0.0,0.0,5e-08,5e-08,gaussian,0.3383852554604482,0.7537004670107448,0.0,5e-08,5e-08,-34.968533463480426,-34.968533463480426,-0.0,0.0
130,0.0,0.0,5e-08,5e-08,gaussian,0.295640572190374,0.6780966626806428,0.0,5e-08,5e-08,68.34382217883986,68.34382217883986,0.0,0.0
131,0.0,0.0,5e-08,5e-08,gaussian,0.2374924633210727,0.7500521963879623,0.0,5e-08,5e-08,-0.0,-0.0,0.0,0.0
132,0.0,0.0,5e-08,5e-08,gaussian,0.2895171943677843,0.8088778176130464,0.0,5e-08,5e-08,43.3123556423203,43.3123556423203,0.0,0.0
133,0.0,0.0,5e-08,5e-08,gaussian,0.2661255429999109,0.757246373383392,0.0,5e-08,5e-08,8.343822178839886,8.343822178839886,0.0,-0.0
134,0.0,0.0,5e-08,5e-08,gaussian,0.3018801799294146,0.795954196020353,0.0,5e-08,5e-08,-68.34382217883984,-68.34382217883984,0.0,0.0
135,0.0,0.0,5e-08,5e-08,gaussian,0.3118417068723603,0.9231153337579067,0.0,5e-08,5e-08,-16.6876443576797,-16.6876443576797,-0.0,0.0
136,0.0,0.0,5e-08,5e-08,gaussian,0.3072198146136699,0.8585161964306853,0.0,5e-08,5e-08,43.269401598572045,43.269401598572045,0.0,-0.0
137,0.0,0.0,5e-08,5e-08,gaussian,0.2735692488891946,0.7047192423217845,0.0,5e-08,5e-08,85.09589760214199,85.09589760214199,0.0,0.0
138,0.0,0.0,5e-08,5e-08,gaussian,0.2985251759839044,0.7996909452287609,0.0,5e-08,5e-08,16.730598401427997,16.730598401427997,0.0,-0.0
139,0.0,0.0,5e-08,5e-08,gaussian,0.3020448582222819,0.7046668369051621,0.0,5e-08,5e-08,-16.73059840142797,-16.73059840142797,-0.0,0.0
140,0.0,0.0,5e-08,5e-08,gaussian,0.2895821788486961,0.8038913545088563,0.0,5e-08,5e-08,-43.26940159857202,-43.26940159857202,0.0,0.0
141,0.0,0.0,5e-08,5e-08,gaussian,0.2805367840553009,0.6494528898797615,0.0,5e-08,5e-08,-76.7305984014279,-76.7305984014279,-0.0,0.0
142,0.0,0.0,5e-08,5e-08,gaussian,0.2629940735330104,0.8204026046985667,0.0,5e-08,5e-08,-0.0,-0.0,0.0,0.0
143,0.0,0.0,5e-08,5e-08,gaussian,0.2493231525796108,0.8652129286476755,0.0,5e-08,5e-08,-16.766142652965556,-16.766142652965556,-0.0,0.0
144,0.0,0.0,5e-08,5e-08,gaussian,0.2815946553707415,0.7926563841446937,0.0,5e-08,5e-08,76.76614265296564,76.76614265296564,0.0,0.0
145,0.0,0.0,5e-08,5e-08,gaussian,0.2921706228176597,0.8752946032804932,0.0,5e-08,5e-08,25.14921397944846,25.14921397944846,0.0,-0.0
146,0.0,0.0,5e-08,5e-08,gaussian,0.2950071421957246,0.8676946148043576,0.0,5e-08,5e-08,34.85078602055153,34.85078602055153,0.0,0.0
147,0.0,0.0,5e-08,5e-08,gaussian,0.3139531255455807,0.8474827705006593,0.0,5e-08,5e-08,76.76614265296564,76.76614265296564,0.0,-0.0
148,0.0,0.0,5e-08,5e-08,gaussian,0.2994258457956763,0.8575397018610421,0.0,5e-08,5e-08,68.38307132648285,68.38307132648285,0.0,-0.0
149,0.0,0.0,5e-08,5e-08,gaussian,0.3122780599669844,0.6739728412636987,0.0,5e-08,5e-08,16.76614265296564,16.76614265296564,0.0,0.0
150,0.0,0.0,5e-08,5e-08,gaussian,0.282734426242036,0.714824121884955,0.0,5e-08,5e-08,-18.370339830765573,-18.370339830765573,-0.0,0.0
151,0.0,0.0,5e-08,5e-08,gaussian,0.2598440854218882,0.817260399425873,0.0,5e-08,5e-08,-63.67406796615313,-63.67406796615313,0.0,0.0
152,0.0,0.0,5e-08,5e-08,gaussian,0.2478017512513114,0.7882891287622014,0.0,5e-08,5e-08,78.37033983076564,78.37033983076564,0.0,0.0
153,0.0,0.0,5e-08,5e-08,gaussian,0.3149723619608779,0.7231207463959425,0.0,5e-08,5e-08,-3.674067966153146,-3.674067966153146,0.0,0.0
154,0.0,0.0,5e-08,5e-08,gaussian,0.2857115279951287,0.7749220927957969,0.0,5e-08,5e-08,-41.62966016923437,-41.62966016923437,0.0,0.0
155,0.0,0.0,5e-08,5e-08,gaussian,0.3217041553387907,0.8675945250338677,0.0,5e-08,5e-08,-71.0222038984594,-71.0222038984594,0.0,0.0
156,0.0,0.0,5e-08,5e-08,gaussian,0.3179063603066808,0.8191069562005996,0.0,5e-08,5e-08,-25.718475763071865,-25.718475763071865,-0.0,0.0
157,0.0,0.0,5e-08,5e-08,gaussian,0.268414768693245,0.835261628673522,0.0,5e-08,5e-08,41.62966016923434,41.62966016923434,0.0,-0.0
158,0.0,0.0,5e-08,5e-08,gaussian,0.3134705430915554,0.8569017758767059,0.0,5e-08,5e-08,-18.397993442072718,-18.397993442072718,-0.0,0.0
159,0.0,0.0,5e-08,5e-08,gaussian,0.3381462573989027,0.7711071623524809,0.0,5e-08,5e-08,71.03879606524362,71.03879606524362,0.0,-0.0
160,0.0,0.0,5e-08,5e-08,gaussian,0.2712161378442693,0.763543880231777,0.0,5e-08,5e-08,-85.75719081890182,-85.75719081890182,-0.0,0.0
161,0.0,0.0,5e-08,5e-08,gaussian,0.2991487418585891,0.7581105882734461,0.0,5e-08,5e-08,-71.03879606524362,-71.03879606524362,0.0,0.0
162,0.0,0.0,5e-08,5e-08,gaussian,0.2733119111387183,0.674936628083454,0.0,5e-08,5e-08,-3.6795986884145435,-3.6795986884145435,0.0,0.0
163,0.0,0.0,5e-08,5e-08,gaussian,0.2847130734156788,0.7915134641793973,0.0,5e-08,5e-08,25.75719081890182,25.75719081890182,0.0,0.0
164,0.0,0.0,5e-08,5e-08,gaussian,0.298059156986887,0.7459895942210214,0.0,5e-08,5e-08,71.03879606524364,71.03879606524364,0.0,0.0
165,0.0,0.0,5e-08,5e-08,gaussian,0.2510955025018893,0.8802654865298766,0.0,5e-08,5e-08,-3.679598688414572,-3.679598688414572,-0.0,0.0
166,0.0,0.0,5e-08,5e-08,gaussian,0.2966693319098497,0.7472533423545831,0.0,5e-08,5e-08,-63.68437813030326,-63.68437813030326,-0.0,0.0
167,0.0,0.0,5e-08,5e-08,gaussian,0.3111858639255905,0.8048533998122825,0.0,5e-08,5e-08,85.7906469121228,85.7906469121228,0.0,0.0
168,0.0,0.0,5e-08,5e-08,gaussian,0.3257051459721748,0.8034880193385695,0.0,5e-08,5e-08,71.05313439090978,71.05313439090978,0.0,0.0
169,0.0,0.0,5e-08,5e-08,gaussian,0.3369302249503734,0.808075117018397,0.0,5e-08,5e-08,-63.68437813030326,-63.68437813030326,0.0,0.0
170,0.0,0.0,5e-08,5e-08,gaussian,0.2575312444294977,0.7902678967832975,0.0,5e-08,5e-08,-48.946865609090224,-48.946865609090224,0.0,0.0
171,0.0,0.0,5e-08,5e-08,gaussian,0.3264066499852396,0.8676829440258785,0.0,5e-08,5e-08,3.6843781303032586,3.6843781303032586,0.0,0.0
172,0.0,0.0,5e-08,5e-08,gaussian,0.2897205642132952,0.738500800345655,0.0,5e-08,5e-08,71.05313439090978,71.05313439090978,0.0,-0.0
173,0.0,0.0,5e-08,5e-08,gaussian,0.3202313573183465,0.5409811091536167,0.0,5e-08,5e-08,11.053134390909776,11.053134390909776,0.0,-0.0
174,0.0,0.0,5e-08,5e-08,gaussian,0.3404879439594564,0.7459507740928875,0.0,5e-08,5e-08,6.55742157188044,6.55742157188044,0.0,-0.0
175,0.0,0.0,5e-08,5e-08,gaussian,0.2735141315390736,0.699303609191963,0.0,5e-08,5e-08,-13.114843143760893,-13.114843143760893,-0.0,0.0
176,0.0,0.0,5e-08,5e-08,gaussian,0.2849049842112414,0.9068936114288917,0.0,5e-08,5e-08,-33.7703137124783,-33.7703137124783,-0.0,0.0
177,0.0,0.0,5e-08,5e-08,gaussian,0.2518894433391807,0.7275229202813338,0.0,5e-08,5e-08,-79.67226471564126,-79.67226471564126,0.0,0.0
178,0.0,0.0,5e-08,5e-08,gaussian,0.3000462585081994,0.7398980285108236,0.0,5e-08,5e-08,-59.99999999999997,-59.99999999999997,0.0,0.0
179,0.0,0.0,5e-08,5e-08,gaussian,0.306697741434241,0.7984951178659788,0.0,5e-08,5e-08,-19.67226471564129,-19.67226471564129,0.0,0.0
180,0.0,0.0,5e-08,5e-08,gaussian,0.3277630558084159,0.7397061289306069,0.0,5e-08,5e-08,-66.55742157188041,-66.55742157188041,0.0,0.0
181,0.0,0.0,5e-08,5e-08,gaussian,0.2863656530305818,0.7591942703841055,0.0,5e-08,5e-08,53.44257842811958,53.44257842811958,0.0,0.0
182,0.0,0.0,5e-08,5e-08,gaussian,0.3255551909466199,0.781922066705546,0.0,5e-08,5e-08,46.88515685623915,46.88515685623915,0.0,-0.0
183,0.0,0.0,5e-08,5e-08,gaussian,0.2633822068180074,0.7909726533838346,0.0,5e-08,5e-08,-86.25580269716193,-86.25580269716193,-0.0,0.0
184,0.0,0.0,5e-08,5e-08,gaussian,0.3172688678519182,0.7313968471198508,0.0,5e-08,5e-08,66.56395067429048,66.56395067429048,0.0,0.0
185,0.0,0.0,5e-08,5e-08,gaussian,0.2718382018837261,0.8237445111220818,0.0,5e-08,5e-08,-86.25580269716201,-86.25580269716201,0.0,0.0
186,0.0,0.0,5e-08,5e-08,gaussian,0.2478778480139474,0.7418926247328917,0.0,5e-08,5e-08,-40.3081479771285,-40.3081479771285,0.0,0.0
187,0.0,0.0,5e-08,5e-08,gaussian,0.2846280376868199,0.5441427947965266,0.0,5e-08,5e-08,26.255802697162025,26.255802697162025,0.0,-0.0
188,0.0,0.0,5e-08,5e-08,gaussian,0.3087554759038496,0.8600137324439135,0.0,5e-08,5e-08,73.12790134858099,73.12790134858099,0.0,0.0
189,0.0,0.0,5e-08,5e-08,gaussian,0.2720308531560229,0.8522794509970667,0.0,5e-08,5e-08,86.25580269716198,86.25580269716198,0.0,-0.0
190,0.0,0.0,5e-08,5e-08,gaussian,0.2977588568245613,0.8034168902892246,0.0,5e-08,5e-08,-73.12790134858096,-73.12790134858096,-0.0,0.0
191,0.0,0.0,5e-08,5e-08,gaussian,0.2840878197280211,0.8237945691375567,0.0,5e-08,5e-08,6.563950674290524,6.563950674290524,0.0,-0.0
192,0.0,0.0,5e-08,5e-08,gaussian,0.3471409215198832,0.8557230020719604,0.0,5e-08,5e-08,-33.72102804284276,-33.72102804284276,-0.0,0.0
193,0.0,0.0,5e-08,5e-08,gaussian,0.2801381927653251,0.7801670447899328,0.0,5e-08,5e-08,-53.430257010710676,-53.430257010710676,-0.0,0.0
194,0.0,0.0,5e-08,5e-08,gaussian,0.3094918132254053,0.843796840466795,0.0,5e-08,5e-08,53.4302570107107,53.4302570107107,0.0,0.0
195,0.0,0.0,5e-08,5e-08,gaussian,0.2539104244188383,0.8751084676239227,0.0,5e-08,5e-08,-59.99999999999997,-59.99999999999997,-0.0,0.0
196,0.0,0.0,5e-08,5e-08,gaussian,0.2592881045193118,0.743272712955057,0.0,5e-08,5e-08,13.13948597857862,13.13948597857862,0.0,0.0
197,0.0,0.0,5e-08,5e-08,gaussian,0.3480972708373919,0.5248736498503735,0.0,5e-08,5e-08,-79.70922896786792,-79.70922896786792,0.0,0.0
198,0.0,0.0,5e-08,5e-08,gaussian,0.3142914126507941,0.7824092392386751,0.0,5e-08,5e-08,86.27897195715724,86.27897195715724,0.0,0.0
199,0.0,0.0,5e-08,5e-08,gaussian,0.3077522804592231,0.76837788676077,0.0,5e-08,5e-08,-26.27897195715721,-26.27897195715721,0.0,0.0
200,0.0,0.0,5e-08,5e-08,gaussian,0.2477291314843198,0.7387770282420337,0.0,5e-08,5e-08,-19.70922896786786,-19.70922896786786,-0.0,0.0
201,0.0,0.0,5e-08,5e-08,gaussian,0.249970344006372,0.8081160285667524,0.0011432763066666666,5e-08,5e-08,53.03176644621414,53.03176644621414,0.0,0.0
202,0.0,0.0,5e-08,5e-08,gaussian,0.2718605210343082,0.7702547101696259,0.0011432763066666666,5e-08,5e-08,-53.031766446214135,-53.031766446214135,-0.0,0.0
203,0.0,0.0,5e-08,5e-08,gaussian,0.306412983574331,0.7653000418234982,0.0011432763066666666,5e-08,5e-08,66.96823355378586,66.96823355378586,0.0,-0.0
204,0.0,0.0,5e-08,5e-08,gaussian,0.3322240750859294,0.7105676625560006,0.0011432763066666666,5e-08,5e-08,20.90470066135761,20.90470066135761,0.0,-0.0
205,0.0,0.0,5e-08,5e-08,gaussian,0.2944938700058825,0.769582232820099,0.0,5e-08,5e-08,67.08409098762286,67.08409098762286,0.0,0.0
206,0.0,0.0,5e-08,5e-08,gaussian,0.3221692748299129,0.8868445847905165,0.0,5e-08,5e-08,-81.25227296286855,-81.25227296286855,-0.0,0.0
207,0.0,0.0,5e-08,5e-08,gaussian,0.2904579120431857,0.7343087211695918,0.0,5e-08,5e-08,81.2522729628686,81.2522729628686,0.0,-0.0
208,0.0,0.0,5e-08,5e-08,gaussian,0.2909440619131256,0.712561673357996,0.0,5e-08,5e-08,-21.252272962868574,-21.252272962868574,-0.0,0.0
209,0.0,0.0,5e-08,5e-08,gaussian,0.2952960394611291,0.7753757937259688,0.0,5e-08,5e-08,38.524606358913076,38.524606358913076,0.0,-0.0
210,0.0,0.0,5e-08,5e-08,gaussian,0.2886791745506473,0.7857534755507679,0.0,5e-08,5e-08,-67.15846454702898,-67.15846454702898,0.0,0.0
211,0.0,0.0,5e-08,5e-08,gaussian,0.2810633585814659,0.6609326435742935,0.0,5e-08,5e-08,21.475393641086995,21.475393641086995,0.0,-0.0
212,0.0,0.0,5e-08,5e-08,gaussian,0.3135451034318701,0.7843395274629469,0.0,5e-08,5e-08,52.841535452971044,52.841535452971044,0.0,-0.0
213,0.0,0.0,5e-08,5e-08,gaussian,0.3068188273035891,0.7237676231049543,0.0,5e-08,5e-08,83.07283605550454,83.07283605550454,0.0,0.0
214,0.0,0.0,5e-08,5e-08,gaussian,0.2836011258284813,0.7626260306431718,0.0,5e-08,5e-08,-83.07283605550452,-83.07283605550452,0.0,0.0
215,0.0,0.0,5e-08,5e-08,gaussian,0.2490506170814926,0.6845282198691147,0.0,5e-08,5e-08,-4.263256414560601e-14,-4.263256414560601e-14,-0.0,0.0
216,0.0,0.0,5e-08,5e-08,gaussian,0.3135677297732113,0.7699504087743112,0.0,5e-08,5e-08,71.53641802775226,71.53641802775226,0.0,0.0
217,0.0,0.0,5e-08,5e-08,gaussian,0.3108342921948332,0.7494974088958146,0.0,5e-08,5e-08,-23.072836055504553,-23.072836055504553,0.0,0.0
218,0.0,0.0,5e-08,5e-08,gaussian,0.3155759946264294,0.781691726391336,0.0,5e-08,5e-08,23.194911913090024,23.194911913090024,0.0,-0.0
219,0.0,0.0,5e-08,5e-08,gaussian,0.2893987782116624,0.6966650582864461,0.0,5e-08,5e-08,48.40254404345498,48.40254404345498,0.0,0.0
220,0.0,0.0,5e-08,5e-08,gaussian,0.2710710062698206,0.8042339068392566,0.0,5e-08,5e-08,59.99999999999997,59.99999999999997,0.0,-0.0
221,0.0,0.0,5e-08,5e-08,gaussian,0.2952435415323075,0.8238315986598237,0.0,5e-08,5e-08,-59.99999999999997,-59.99999999999997,-0.0,0.0
222,0.0,0.0,5e-08,5e-08,gaussian,0.322446188493071,0.6968032976441042,0.0,5e-08,5e-08,83.19491191309002,83.19491191309002,0.0,0.0
223,0.0,0.0,5e-08,5e-08,gaussian,0.2657189209914826,0.7938021858857484,0.0,5e-08,5e-08,-14.555356618823751,-14.555356618823751,0.0,0.0
224,0.0,0.0,5e-08,5e-08,gaussian,0.3281020821211859,0.8427139845816553,0.0,5e-08,5e-08,-64.85178553960785,-64.85178553960785,-0.0,0.0
225,0.0,0.0,5e-08,5e-08,gaussian,0.3169990002339471,0.8704204155745794,0.0,5e-08,5e-08,64.8517855396079,64.8517855396079,0.0,-0.0
226,0.0,0.0,5e-08,5e-08,gaussian,0.3299320691148069,0.6599871176831164,0.0,5e-08,5e-08,4.8517855396079455,4.8517855396079455,0.0,-0.0
227,0.0,0.0,5e-08,5e-08,gaussian,0.2758647802050893,0.7474935457234415,0.0,5e-08,5e-08,45.44464338117626,45.44464338117626,0.0,-0.0
228,0.0,0.0,5e-08,5e-08,gaussian,0.3297650969839183,0.8276439590826886,0.0,5e-08,5e-08,-55.14821446039207,-55.14821446039207,0.0,0.0
229,0.0,0.0,5e-08,5e-08,gaussian,0.3124062642405946,0.9094316730124009,0.0,5e-08,5e-08,8.343822178839858,8.343822178839858,0.0,0.0
230,0.0,0.0,5e-08,5e-08,gaussian,0.2673776576083483,0.7810860463978672,0.0,5e-08,5e-08,76.68764435767974,76.68764435767974,0.0,-0.0
231,0.0,0.0,5e-08,5e-08,gaussian,0.2796569994190748,0.5939918525240114,0.0,5e-08,5e-08,-25.03146653651956,-25.03146653651956,0.0,0.0
232,0.0,0.0,5e-08,5e-08,gaussian,0.292832641684461,0.7650729038139337,0.0,5e-08,5e-08,-8.343822178839815,-8.343822178839815,-0.0,0.0
233,0.0,0.0,5e-08,5e-08,gaussian,0.3275594161637223,0.8774331991782889,0.0,5e-08,5e-08,25.03146653651956,25.03146653651956,0.0,0.0
234,0.0,0.0,5e-08,5e-08,gaussian,0.2830292886325315,0.9168512574695411,0.0,5e-08,5e-08,51.656177821160185,51.656177821160185,0.0,-0.0
235,0.0,0.0,5e-08,5e-08,gaussian,0.3246263349996822,0.9208031092389475,0.0,5e-08,5e-08,34.96853346348045,34.96853346348045,0.0,0.0
236,0.0,0.0,5e-08,5e-08,gaussian,0.282186591145242,0.6658842530924095,0.0,5e-08,5e-08,68.36529920071399,68.36529920071399,0.0,0.0
237,0.0,0.0,5e-08,5e-08,gaussian,0.2895698421788667,0.7489843086036482,0.0,5e-08,5e-08,85.09589760214197,85.09589760214197,0.0,-0.0
238,0.0,0.0,5e-08,5e-08,gaussian,0.2744555642271054,0.8776293234513463,0.0,5e-08,5e-08,60.0,60.0,0.0,-0.0
239,0.0,0.0,5e-08,5e-08,gaussian,0.3134368780326658,0.6106510442875178,0.0,5e-08,5e-08,-25.09589760214199,-25.09589760214199,-0.0,0.0
240,0.0,0.0,5e-08,5e-08,gaussian,0.3025176290947885,0.9026202597627234,0.0,5e-08,5e-08,25.095897602141974,25.095897602141974,0.0,-0.0
241,0.0,0.0,5e-08,5e-08,gaussian,0.2844906991718323,0.7466398645155109,0.0,5e-08,5e-08,-68.36529920071393,-68.36529920071393,-0.0,0.0
242,0.0,0.0,5e-08,5e-08,gaussian,0.285653988395171,0.6687450274027962,0.0,5e-08,5e-08,-43.26940159857193,-43.26940159857193,-0.0,0.0
243,0.0,0.0,5e-08,5e-08,gaussian,0.2838301402689345,0.7623936725078008,0.0,5e-08,5e-08,-25.149213979448476,-25.149213979448476,-0.0,0.0
244,0.0,0.0,5e-08,5e-08,gaussian,0.291766544055136,0.7600554260982373,0.0,5e-08,5e-08,68.38307132648282,68.38307132648282,0.0,0.0
245,0.0,0.0,5e-08,5e-08,gaussian,0.2720318848308495,0.7047589480943018,0.0,5e-08,5e-08,59.99999999999997,59.99999999999997,0.0,-0.0
246,0.0,0.0,5e-08,5e-08,gaussian,0.2448398623712284,0.73702615107917,0.0,5e-08,5e-08,-34.85078602055154,-34.85078602055154,-0.0,0.0
247,0.0,0.0,5e-08,5e-08,gaussian,0.2571943386212579,0.7332221696540454,0.0,5e-08,5e-08,-60.0,-60.0,0.0,0.0
248,0.0,0.0,5e-08,5e-08,gaussian,0.2952645595944558,0.8088829248311445,0.0,5e-08,5e-08,85.14921397944846,85.14921397944846,0.0,0.0
249,0.0,0.0,5e-08,5e-08,gaussian,0.3070085649787699,0.8625232905807133,0.0,5e-08,5e-08,43.233857347034366,43.233857347034366,0.0,0.0
250,0.0,0.0,5e-08,5e-08,gaussian,0.3225599246945432,0.7774081412198669,0.0,5e-08,5e-08,25.718475763071893,25.718475763071893,0.0,-0.0
251,0.0,0.0,5e-08,5e-08,gaussian,0.3386126343161021,0.6824578085457004,0.0,5e-08,5e-08,34.28152423692809,34.28152423692809,0.0,0.0
252,0.0,0.0,5e-08,5e-08,gaussian,0.2495231981041171,0.5784027279307729,0.0,5e-08,5e-08,-78.3703398307656,-78.3703398307656,-0.0,0.0
253,0.0,0.0,5e-08,5e-08,gaussian,0.2929197463778469,0.713084585774685,0.0,5e-08,5e-08,11.02220389845938,11.02220389845938,0.0,0.0
254,0.0,0.0,5e-08,5e-08,gaussian,0.3208159461604117,0.6941104213916899,0.0,5e-08,5e-08,-85.71847576307192,-85.71847576307192,0.0,0.0
255,0.0,0.0,5e-08,5e-08,gaussian,0.3069328279281213,0.8843962908689844,0.0,5e-08,5e-08,-25.718475763071908,-25.718475763071908,0.0,0.0
256,0.0,0.0,5e-08,5e-08,gaussian,0.3099437047300403,0.5757768079664805,0.0,5e-08,5e-08,-78.37033983076566,-78.37033983076566,0.0,0.0
257,0.0,0.0,5e-08,5e-08,gaussian,0.2936878186580649,0.7079637109283543,0.0,5e-08,5e-08,-48.97779610154058,-48.97779610154058,-0.0,0.0
258,0.0,0.0,5e-08,5e-08,gaussian,0.3029904628006163,0.8759599220564116,0.0,5e-08,5e-08,-48.961203934756384,-48.961203934756384,0.0,0.0
259,0.0,0.0,5e-08,5e-08,gaussian,0.2406197056481517,0.6407433013687484,0.0,5e-08,5e-08,-25.75719081890182,-25.75719081890182,0.0,0.0
260,0.0,0.0,5e-08,5e-08,gaussian,0.2984501651617109,0.7113808806695251,0.0,5e-08,5e-08,85.75719081890182,85.75719081890182,0.0,-0.0
261,0.0,0.0,5e-08,5e-08,gaussian,0.2580952270120438,0.7917610775062093,0.0,5e-08,5e-08,78.39799344207273,78.39799344207273,0.0,-0.0
262,0.0,0.0,5e-08,5e-08,gaussian,0.2911806230929137,0.7089788893037682,0.0,5e-08,5e-08,56.32040131158546,56.32040131158546,0.0,0.0
263,0.0,0.0,5e-08,5e-08,gaussian,0.2514924641337018,0.7226601965934932,0.0,5e-08,5e-08,11.03879606524363,11.03879606524363,0.0,0.0
264,0.0,0.0,5e-08,5e-08,gaussian,0.2506342553644715,0.8441779106558678,0.0,5e-08,5e-08,48.96120393475636,48.96120393475636,0.0,0.0
265,0.0,0.0,5e-08,5e-08,gaussian,0.3053252984634672,0.741844749630788,0.0,5e-08,5e-08,18.397993442072732,18.397993442072732,0.0,0.0
266,0.0,0.0,5e-08,5e-08,gaussian,0.2866160411344245,0.6301505992447933,0.0,5e-08,5e-08,11.053134390909776,11.053134390909776,0.0,0.0
267,0.0,0.0,5e-08,5e-08,gaussian,0.3154617781067335,0.6951086721838067,0.0,5e-08,5e-08,78.42189065151629,78.42189065151629,0.0,0.0
268,0.0,0.0,5e-08,5e-08,gaussian,0.3179353606413652,0.7601864567916892,0.0,5e-08,5e-08,48.94686560909024,48.94686560909024,0.0,0.0
269,0.0,0.0,5e-08,5e-08,gaussian,0.2784544516520829,0.7855158201682515,0.0,5e-08,5e-08,-3.6843781303032728,-3.6843781303032728,-0.0,0.0
270,0.0,0.0,5e-08,5e-08,gaussian,0.2999600223161544,0.7213895272037828,0.0,5e-08,5e-08,-71.05313439090978,-71.05313439090978,-0.0,0.0
271,0.0,0.0,5e-08,5e-08,gaussian,0.2817927183039758,0.6920100376826046,0.0,5e-08,5e-08,63.68437813030326,63.68437813030326,0.0,-0.0
272,0.0,0.0,5e-08,5e-08,gaussian,0.2366931665304714,0.8082106314008008,0.0,5e-08,5e-08,-85.79064691212278,-85.79064691212278,-0.0,0.0
273,0.0,0.0,5e-08,5e-08,gaussian,0.3016589955381771,0.8584819206564569,0.0,5e-08,5e-08,-41.578109348483736,-41.578109348483736,-0.0,0.0
274,0.0,0.0,5e-08,5e-08,gaussian,0.2582147173161263,0.8589354730524452,0.0,5e-08,5e-08,-26.229686287521716,-26.229686287521716,0.0,0.0
275,0.0,0.0,5e-08,5e-08,gaussian,0.3001107893861755,0.9136655338005035,0.0,5e-08,5e-08,-59.99999999999997,-59.99999999999997,-0.0,0.0
276,0.0,0.0,5e-08,5e-08,gaussian,0.2530485263176845,0.8071360580221736,0.0,5e-08,5e-08,-79.67226471564129,-79.67226471564129,-0.0,0.0
277,0.0,0.0,5e-08,5e-08,gaussian,0.3084699085724402,0.7056525494384828,0.0,5e-08,5e-08,-73.11484314376088,-73.11484314376088,-0.0,0.0
278,0.0,0.0,5e-08,5e-08,gaussian,0.2709393227613728,0.7475801714078237,0.0,5e-08,5e-08,-6.557421571880468,-6.557421571880468,-0.0,0.0
279,0.0,0.0,5e-08,5e-08,gaussian,0.2593310853205702,0.7377099368938107,0.0,5e-08,5e-08,-13.114843143760865,-13.114843143760865,0.0,0.0
280,0.0,0.0,5e-08,5e-08,gaussian,0.3105591119412384,0.7192471621495928,0.0,5e-08,5e-08,19.672264715641276,19.672264715641276,0.0,0.0
281,0.0,0.0,5e-08,5e-08,gaussian,0.3379266818883701,0.8449453867993136,0.0,5e-08,5e-08,26.229686287521716,26.229686287521716,0.0,-0.0
282,0.0,0.0,5e-08,5e-08,gaussian,0.2813031973736842,0.6852827106462263,0.0,5e-08,5e-08,6.557421571880425,6.557421571880425,0.0,0.0
283,0.0,0.0,5e-08,5e-08,gaussian,0.3214361293339838,0.8164698122612725,0.0,5e-08,5e-08,-0.0,-0.0,0.0,0.0
284,0.0,0.0,5e-08,5e-08,gaussian,0.2704721573159598,0.7555814497006413,0.0,5e-08,5e-08,-66.56395067429048,-66.56395067429048,-0.0,0.0
285,0.0,0.0,5e-08,5e-08,gaussian,0.3012752411222832,0.8274301602489668,0.0,5e-08,5e-08,-46.87209865141898,-46.87209865141898,-0.0,0.0
286,0.0,0.0,5e-08,5e-08,gaussian,0.299655136789431,0.7880735411091109,0.0,5e-08,5e-08,-33.744197302838,-33.744197302838,0.0,0.0
287,0.0,0.0,5e-08,5e-08,gaussian,0.3090199283045162,0.7840679837608029,0.0,5e-08,5e-08,1.4210854715202004e-14,1.4210854715202004e-14,0.0,-0.0
288,0.0,0.0,5e-08,5e-08,gaussian,0.3420907015665279,0.867259952733419,0.0,5e-08,5e-08,-53.43604932570952,-53.43604932570952,0.0,0.0
289,0.0,0.0,5e-08,5e-08,gaussian,0.2898107109296776,0.6590126087463618,0.0,5e-08,5e-08,60.00000000000001,60.00000000000001,0.0,0.0
290,0.0,0.0,5e-08,5e-08,gaussian,0.2626541201436868,0.8138369390269533,0.0,5e-08,5e-08,-53.43604932570946,-53.43604932570946,-0.0,0.0
291,0.0,0.0,5e-08,5e-08,gaussian,0.3093655668887833,0.7492768910567311,0.0,5e-08,5e-08,-19.691852022871473,-19.691852022871473,-0.0,0.0
292,0.0,0.0,5e-08,5e-08,gaussian,0.2986056446305336,0.8333487207414961,0.0,5e-08,5e-08,13.139485978578648,13.139485978578648,0.0,-0.0
293,0.0,0.0,5e-08,5e-08,gaussian,0.2752106073832086,0.8690835276854697,0.0,5e-08,5e-08,33.72102804284276,33.72102804284276,0.0,-0.0
294,0.0,0.0,5e-08,5e-08,gaussian,0.2831598909638998,0.75497761070547,0.0,5e-08,5e-08,40.290771032132085,40.290771032132085,0.0,-0.0
295,0.0,0.0,5e-08,5e-08,gaussian,0.3282802359004392,0.7122478187259589,0.0,5e-08,5e-08,60.0,60.0,0.0,-0.0
296,0.0,0.0,5e-08,5e-08,gaussian,0.2598588660481926,0.730198171703513,0.0,5e-08,5e-08,-33.72102804284276,-33.72102804284276,0.0,0.0
297,0.0,0.0,5e-08,5e-08,gaussian,0.2791545328223346,0.9102024125308306,0.0,5e-08,5e-08,-19.709228967867944,-19.709228967867944,0.0,0.0
298,0.0,0.0,5e-08,5e-08,gaussian,0.267226321054987,0.8090418652061182,0.0,5e-08,5e-08,-66.56974298928932,-66.56974298928932,-0.0,0.0
299,0.0,0.0,5e-08,5e-08,gaussian,0.3021460141263086,0.7359624951892302,0.0,5e-08,5e-08,-86.27897195715721,-86.27897195715721,0.0,0.0
300,0.0,0.0,5e-08,5e-08,gaussian,0.3117225597413767,0.8667787509657392,0.0,5e-08,5e-08,6.569742989289352,6.569742989289352,0.0,-0.0
301,0.0,0.0,5e-08,5e-08,gaussian,0.2720832821774349,0.6633764871057745,0.0011432763066666666,5e-08,5e-08,-80.90470066135757,-80.90470066135757,-0.0,0.0
302,0.0,0.0,5e-08,5e-08,gaussian,0.2612846367986485,0.6984691052385081,0.0011432763066666666,5e-08,5e-08,-80.90470066135762,-80.90470066135762,0.0,0.0
303,0.0,0.0,5e-08,5e-08,gaussian,0.2888945369998673,0.7823673222332519,0.0011432763066666666,5e-08,5e-08,80.9047006613576,80.9047006613576,0.0,0.0
304,0.0,0.0,5e-08,5e-08,gaussian,0.262313392915873,0.6159510505344659,0.0011432763066666666,5e-08,5e-08,-20.904700661357595,-20.904700661357595,0.0,0.0
305,0.0,0.0,5e-08,5e-08,gaussian,0.3156277015327018,0.7477211525309606,0.0,5e-08,5e-08,7.084090987622858,7.084090987622858,0.0,-0.0
306,0.0,0.0,5e-08,5e-08,gaussian,0.3191704510926338,0.7667871205874444,0.0,5e-08,5e-08,81.25227296286859,81.25227296286859,0.0,0.0
307,0.0,0.0,5e-08,5e-08,gaussian,0.2478714324287704,0.8217728255729236,0.0,5e-08,5e-08,52.91590901237714,52.91590901237714,0.0,0.0
308,0.0,0.0,5e-08,5e-08,gaussian,0.2788703521542289,0.8977034626102415,0.0,5e-08,5e-08,38.74772703713143,38.74772703713143,0.0,0.0
309,0.0,0.0,5e-08,5e-08,gaussian,0.3242586372085617,0.6723719219480573,0.0,5e-08,5e-08,-38.52460635891305,-38.52460635891305,-0.0,0.0
310,0.0,0.0,5e-08,5e-08,gaussian,0.2974013197772297,0.7040168579429196,0.0,5e-08,5e-08,38.524606358913026,38.524606358913026,0.0,0.0
311,0.0,0.0,5e-08,5e-08,gaussian,0.3096555127910989,0.6533636477800266,0.0,5e-08,5e-08,21.475393641086967,21.475393641086967,0.0,0.0
312,0.0,0.0,5e-08,5e-08,gaussian,0.2710474490182719,0.8283387592556415,0.0,5e-08,5e-08,-52.841535452971016,-52.841535452971016,0.0,0.0
313,0.0,0.0,5e-08,5e-08,gaussian,0.2843937914238958,0.7249996095006848,0.0,5e-08,5e-08,-1.4210854715202004e-14,-1.4210854715202004e-14,0.0,0.0
314,0.0,0.0,5e-08,5e-08,gaussian,0.2998811544070125,0.8964638708269698,0.0,5e-08,5e-08,-48.46358197224771,-48.46358197224771,0.0,0.0
315,0.0,0.0,5e-08,5e-08,gaussian,0.3158725340544323,0.6197667640849963,0.0,5e-08,5e-08,-11.536418027752262,-11.536418027752262,-0.0,0.0
316,0.0,0.0,5e-08,5e-08,gaussian,0.312488672123843,0.6968954463159339,0.0,5e-08,5e-08,-23.072836055504595,-23.072836055504595,-0.0,0.0
317,0.0,0.0,5e-08,5e-08,gaussian,0.2903906592341101,0.7027548104798211,0.0,5e-08,5e-08,60.0,60.0,0.0,-0.0
318,0.0,0.0,5e-08,5e-08,gaussian,0.2608820551294384,0.7211056607696904,0.0,5e-08,5e-08,-11.597455956544962,-11.597455956544962,-0.0,0.0
319,0.0,0.0,5e-08,5e-08,gaussian,0.2946797813736788,0.7202293347909936,0.0,5e-08,5e-08,-71.59745595654499,-71.59745595654499,-0.0,0.0
320,0.0,0.0,5e-08,5e-08,gaussian,0.3038227410089478,0.7386854701485579,0.0,5e-08,5e-08,23.194911913090024,23.194911913090024,0.0,0.0
321,0.0,0.0,5e-08,5e-08,gaussian,0.2783699671986853,0.7843705865300596,0.0,5e-08,5e-08,71.59745595654505,71.59745595654505,0.0,-0.0
322,0.0,0.0,5e-08,5e-08,gaussian,0.2790853561594482,0.7851920173390722,0.0,5e-08,5e-08,-48.40254404345495,-48.40254404345495,-0.0,0.0
323,0.0,0.0,5e-08,5e-08,gaussian,0.2630465090807359,0.9362660985458836,0.0,5e-08,5e-08,14.555356618823751,14.555356618823751,0.0,0.0
324,0.0,0.0,5e-08,5e-08,gaussian,0.2815844774259615,0.8487078471520807,0.0,5e-08,5e-08,35.74107230196044,35.74107230196044,0.0,-0.0
325,0.0,0.0,5e-08,5e-08,gaussian,0.2709564663185185,0.6780949840599078,0.0,5e-08,5e-08,55.148214460392076,55.148214460392076,0.0,0.0
326,0.0,0.0,5e-08,5e-08,gaussian,0.251043970171704,0.6750020422862435,0.0,5e-08,5e-08,-24.258927698039585,-24.258927698039585,0.0,0.0
327,0.0,0.0,5e-08,5e-08,gaussian,0.2625357206122804,0.6938116980742914,0.0,5e-08,5e-08,-84.25892769803954,-84.25892769803954,-0.0,0.0
328,0.0,0.0,5e-08,5e-08,gaussian,0.3513988339735369,0.7230800554393352,0.0,5e-08,5e-08,4.851785539607917,4.851785539607917,0.0,0.0
329,0.0,0.0,5e-08,5e-08,gaussian,0.2889775690663802,0.7976937823736344,0.0,5e-08,5e-08,-43.312355642320284,-43.312355642320284,0.0,0.0
330,0.0,0.0,5e-08,5e-08,gaussian,0.3204239145259836,0.8315683853634355,0.0,5e-08,5e-08,-68.34382217883984,-68.34382217883984,-0.0,0.0
331,0.0,0.0,5e-08,5e-08,gaussian,0.2974021488150745,0.7901716966029079,0.0,5e-08,5e-08,-34.96853346348044,-34.96853346348044,0.0,0.0
332,0.0,0.0,5e-08,5e-08,gaussian,0.301084495102427,0.6469761751221569,0.0,5e-08,5e-08,25.03146653651956,25.03146653651956,0.0,-0.0
333,0.0,0.0,5e-08,5e-08,gaussian,0.2856699093956841,0.8604706874234473,0.0,5e-08,5e-08,-51.65617782116013,-51.65617782116013,0.0,0.0
334,0.0,0.0,5e-08,5e-08,gaussian,0.3227910504969017,0.8783763864963502,0.0,5e-08,5e-08,60.0,60.0,0.0,-0.0
335,0.0,0.0,5e-08,5e-08,gaussian,0.252327040210015,0.7588521969172535,0.0,5e-08,5e-08,-76.68764435767969,-76.68764435767969,-0.0,0.0
336,0.0,0.0,5e-08,5e-08,gaussian,0.2881185218187994,0.6723430033556734,0.0,5e-08,5e-08,-25.095897602141974,-25.095897602141974,0.0,0.0
337,0.0,0.0,5e-08,5e-08,gaussian,0.2857531420549219,0.7636452614516378,0.0,5e-08,5e-08,-76.73059840142798,-76.73059840142798,0.0,0.0
338,0.0,0.0,5e-08,5e-08,gaussian,0.3583165463815429,0.7479338136914478,0.0,5e-08,5e-08,34.90410239785801,34.90410239785801,0.0,0.0
339,0.0,0.0,5e-08,5e-08,gaussian,0.2684017111739144,0.7562512385051011,0.0,5e-08,5e-08,1.4210854715202004e-14,1.4210854715202004e-14,0.0,-0.0
340,0.0,0.0,5e-08,5e-08,gaussian,0.2675424340157927,0.7856136494676143,0.0,5e-08,5e-08,8.365299200713991,8.365299200713991,0.0,0.0
341,0.0,0.0,5e-08,5e-08,gaussian,0.2903014657595678,0.7971299243836969,0.0,5e-08,5e-08,76.73059840142798,76.73059840142798,0.0,0.0
342,0.0,0.0,5e-08,5e-08,gaussian,0.2658603072083275,0.8466274373683695,0.0,5e-08,5e-08,16.730598401427983,16.730598401427983,0.0,0.0
343,0.0,0.0,5e-08,5e-08,gaussian,0.2790638949335292,0.7352964652757117,0.0,5e-08,5e-08,-16.766142652965655,-16.766142652965655,0.0,0.0
344,0.0,0.0,5e-08,5e-08,gaussian,0.3541629291069986,0.7099526949024944,0.0,5e-08,5e-08,-85.14921397944846,-85.14921397944846,0.0,0.0
345,0.0,0.0,5e-08,5e-08,gaussian,0.3422769034173728,0.7845548561974529,0.0,5e-08,5e-08,-76.76614265296564,-76.76614265296564,-0.0,0.0
346,0.0,0.0,5e-08,5e-08,gaussian,0.2598337012172265,0.679621066226882,0.0,5e-08,5e-08,-43.23385734703433,-43.23385734703433,-0.0,0.0
347,0.0,0.0,5e-08,5e-08,gaussian,0.2860578652541279,0.7200708758914994,0.0,5e-08,5e-08,-0.0,-0.0,0.0,0.0
348,0.0,0.0,5e-08,5e-08,gaussian,0.3026293382378643,0.8358932994198568,0.0,5e-08,5e-08,-68.38307132648282,-68.38307132648282,-0.0,0.0
349,0.0,0.0,5e-08,5e-08,gaussian,0.2719267410100754,0.7540571619696446,0.0,5e-08,5e-08,-34.85078602055155,-34.85078602055155,0.0,0.0
350,0.0,0.0,5e-08,5e-08,gaussian,0.3191746139801209,0.8213273927117728,0.0,5e-08,5e-08,3.6740679661531885,3.6740679661531885,0.0,-0.0
351,0.0,0.0,5e-08,5e-08,gaussian,0.2896018361261068,0.8834453070260565,0.0,5e-08,5e-08,-56.32593203384687,-56.32593203384687,0.0,0.0
352,0.0,0.0,5e-08,5e-08,gaussian,0.2819766742549242,0.6173366000268652,0.0,5e-08,5e-08,-48.97779610154063,-48.97779610154063,0.0,0.0
353,0.0,0.0,5e-08,5e-08,gaussian,0.240019145695634,0.9124597611935352,0.0,5e-08,5e-08,34.28152423692809,34.28152423692809,0.0,-0.0
354,0.0,0.0,5e-08,5e-08,gaussian,0.2656095186574079,0.8414515188453491,0.0,5e-08,5e-08,3.6740679661531317,3.6740679661531317,0.0,0.0
355,0.0,0.0,5e-08,5e-08,gaussian,0.3197071922631972,0.7156079404436915,0.0,5e-08,5e-08,-34.28152423692812,-34.28152423692812,0.0,0.0
356,0.0,0.0,5e-08,5e-08,gaussian,0.3234252197521115,0.8318954969412987,0.0,5e-08,5e-08,56.32593203384687,56.32593203384687,0.0,-0.0
357,0.0,0.0,5e-08,5e-08,gaussian,0.3067356754363124,0.6869001127038709,0.0,5e-08,5e-08,48.97779610154063,48.97779610154063,0.0,-0.0
358,0.0,0.0,5e-08,5e-08,gaussian,0.3059033773971397,0.8150808854536383,0.0,5e-08,5e-08,3.6795986884145293,3.6795986884145293,0.0,0.0
359,0.0,0.0,5e-08,5e-08,gaussian,0.2739570856757781,0.8390835856767407,0.0,5e-08,5e-08,-41.60200655792735,-41.60200655792735,-0.0,0.0
360,0.0,0.0,5e-08,5e-08,gaussian,0.2959686704712703,0.6740896680445457,0.0,5e-08,5e-08,56.32040131158544,56.32040131158544,0.0,-0.0
361,0.0,0.0,5e-08,5e-08,gaussian,0.2970321488889326,0.6185114433272828,0.0,5e-08,5e-08,-25.757190818901833,-25.757190818901833,-0.0,0.0
362,0.0,0.0,5e-08,5e-08,gaussian,0.2794233404381797,0.8551731682168796,0.0,5e-08,5e-08,-11.038796065243645,-11.038796065243645,-0.0,0.0
363,0.0,0.0,5e-08,5e-08,gaussian,0.254418208325577,0.7529624318863993,0.0,5e-08,5e-08,-11.03879606524363,-11.03879606524363,0.0,0.0
364,0.0,0.0,5e-08,5e-08,gaussian,0.2516209536858266,0.7958589477511356,0.0,5e-08,5e-08,-78.39799344207273,-78.39799344207273,0.0,0.0
365,0.0,0.0,5e-08,5e-08,gaussian,0.2655191360623254,0.8384949495503539,0.0,5e-08,5e-08,3.679598688414501,3.679598688414501,0.0,-0.0
366,0.0,0.0,5e-08,5e-08,gaussian,0.3111253891910411,0.7613955197442552,0.0,5e-08,5e-08,85.79064691212281,85.79064691212281,0.0,-0.0
367,0.0,0.0,5e-08,5e-08,gaussian,0.3039561291887625,0.6753163412115403,0.0,5e-08,5e-08,-18.421890651516307,-18.421890651516307,0.0,0.0
368,0.0,0.0,5e-08,5e-08,gaussian,0.3624070371383578,0.9173621875476876,0.0,5e-08,5e-08,-78.42189065151632,-78.42189065151632,-0.0,0.0
369,0.0,0.0,5e-08,5e-08,gaussian,0.2814706047626777,0.8025650496215885,0.0,5e-08,5e-08,-78.42189065151629,-78.42189065151629,0.0,0.0
370,0.0,0.0,5e-08,5e-08,gaussian,0.277628714200038,0.7218499360757368,0.0,5e-08,5e-08,25.790646912122767,25.790646912122767,0.0,-0.0
371,0.0,0.0,5e-08,5e-08,gaussian,0.2820919062931679,0.8471206067346744,0.0,5e-08,5e-08,-25.79064691212278,-25.79064691212278,0.0,0.0
372,0.0,0.0,5e-08,5e-08,gaussian,0.2950750949061619,0.7582726056197685,0.0,5e-08,5e-08,41.57810934848373,41.57810934848373,0.0,0.0
373,0.0,0.0,5e-08,5e-08,gaussian,0.2881986776403099,0.8857753638451222,0.0,5e-08,5e-08,3.6843781303032443,3.6843781303032443,0.0,-0.0
374,0.0,0.0,5e-08,5e-08,gaussian,0.3206920476726191,0.8331007908365635,0.0,5e-08,5e-08,-53.44257842811959,-53.44257842811959,-0.0,0.0
375,0.0,0.0,5e-08,5e-08,gaussian,0.3111172721163229,0.7802350613016463,0.0,5e-08,5e-08,-86.2296862875217,-86.2296862875217,0.0,0.0
376,0.0,0.0,5e-08,5e-08,gaussian,0.2951748999731121,0.7971477837034938,0.0,5e-08,5e-08,-86.22968628752173,-86.22968628752173,-0.0,0.0
377,0.0,0.0,5e-08,5e-08,gaussian,0.2660668959840334,0.681475805775246,0.0,5e-08,5e-08,66.55742157188047,66.55742157188047,0.0,-0.0
378,0.0,0.0,5e-08,5e-08,gaussian,0.2934124669374865,0.7083835406056793,0.0,5e-08,5e-08,-6.557421571880425,-6.557421571880425,0.0,0.0
379,0.0,0.0,5e-08,5e-08,gaussian,0.2562137105493205,0.8557884227417369,0.0,5e-08,5e-08,40.32773528435872,40.32773528435872,0.0,0.0
380,0.0,0.0,5e-08,5e-08,gaussian,0.2848436384872631,0.8436554724550931,0.0,5e-08,5e-08,-40.32773528435868,-40.32773528435868,-0.0,0.0
381,0.0,0.0,5e-08,5e-08,gaussian,0.3614353093571528,0.8806406168867746,0.0,5e-08,5e-08,-26.22968628752176,-26.22968628752176,-0.0,0.0
382,0.0,0.0,5e-08,5e-08,gaussian,0.3560803872573801,0.6280112887756453,0.0,5e-08,5e-08,33.77031371247829,33.77031371247829,0.0,0.0
383,0.0,0.0,5e-08,5e-08,gaussian,0.2798477359973435,0.6924115343642369,0.0,5e-08,5e-08,-6.563950674290496,-6.563950674290496,-0.0,0.0
384,0.0,0.0,5e-08,5e-08,gaussian,0.3294263895630846,0.6526602424982154,0.0,5e-08,5e-08,-26.25580269716197,-26.25580269716197,0.0,0.0
385,0.0,0.0,5e-08,5e-08,gaussian,0.2416257438851099,0.8336759238150793,0.0,5e-08,5e-08,-79.69185202287144,-79.69185202287144,-0.0,0.0
386,0.0,0.0,5e-08,5e-08,gaussian,0.3216330733445664,0.7778153048080313,0.0,5e-08,5e-08,-79.69185202287153,-79.69185202287153,0.0,0.0
387,0.0,0.0,5e-08,5e-08,gaussian,0.2644101368582981,0.7006345733127889,0.0,5e-08,5e-08,66.56395067429048,66.56395067429048,0.0,-0.0
388,0.0,0.0,5e-08,5e-08,gaussian,0.2921722398351899,0.7768873596104555,0.0,5e-08,5e-08,26.255802697162004,26.255802697162004,0.0,0.0
389,0.0,0.0,5e-08,5e-08,gaussian,0.3213621650202967,0.7310468442937641,0.0,5e-08,5e-08,-60.00000000000003,-60.00000000000003,0.0,0.0
390,0.0,0.0,5e-08,5e-08,gaussian,0.282616921706688,0.7613435187102022,0.0,5e-08,5e-08,59.99999999999994,59.99999999999994,0.0,-0.0
391,0.0,0.0,5e-08,5e-08,gaussian,0.3016646023782082,0.7971998046205672,0.0,5e-08,5e-08,40.30814797712847,40.30814797712847,0.0,-0.0
392,0.0,0.0,5e-08,5e-08,gaussian,0.2802632557579287,0.8014506195399997,0.0,5e-08,5e-08,6.56974298928931,6.56974298928931,0.0,0.0
393,0.0,0.0,5e-08,5e-08,gaussian,0.3232988468509756,0.7230231727759084,0.0,5e-08,5e-08,-73.13948597857859,-73.13948597857859,0.0,0.0
394,0.0,0.0,5e-08,5e-08,gaussian,0.2861873964500504,0.8084059309070969,0.0,5e-08,5e-08,79.70922896786797,79.70922896786797,0.0,-0.0
395,0.0,0.0,5e-08,5e-08,gaussian,0.297184661978381,0.6989557051995652,0.0,5e-08,5e-08,-40.29077103213206,-40.29077103213206,-0.0,0.0
396,0.0,0.0,5e-08,5e-08,gaussian,0.3271595101092385,0.8096128409488519,0.0,5e-08,5e-08,19.70922896786793,19.70922896786793,0.0,0.0
397,0.0,0.0,5e-08,5e-08,gaussian,0.3068327059925897,0.8150372107469821,0.0,5e-08,5e-08,66.56974298928932,66.56974298928932,0.0,-0.0
398,0.0,0.0,5e-08,5e-08,gaussian,0.2474501798463998,0.7416531628526535,0.0,5e-08,5e-08,26.27897195715724,26.27897195715724,0.0,-0.0
399,0.0,0.0,5e-08,5e-08,gaussian,0.2596840852383438,0.7524501745082038,0.0,5e-08,5e-08,-79.70922896786794,-79.70922896786794,-0.0,0.0
400,0.0,0.0,5e-08,5e-08,gaussian,0.3371085977609353,0.8429020887417509,0.0,5e-08,5e-08,-0.0,-0.0,0.0,0.0
401,0.0,0.0,5e-08,5e-08,gaussian,0.2493812588280765,0.735372790128841,0.0011432763066666666,5e-08,5e-08,-6.968233553785865,-6.968233553785865,0.0,0.0
402,0.0,0.0,5e-08,5e-08,gaussian,0.3058768108602501,0.6677025910325471,0.0011432763066666666,5e-08,5e-08,-66.96823355378586,-66.96823355378586,-0.0,0.0
403,0.0,0.0,5e-08,5e-08,gaussian,0.3216834104961009,0.8161378662606477,0.0011432763066666666,5e-08,5e-08,-6.968233553785836,-6.968233553785836,-0.0,0.0
404,0.0,0.0,5e-08,5e-08,gaussian,0.2953146161976369,0.8486774726670647,0.0011432763066666666,5e-08,5e-08,66.96823355378586,66.96823355378586,0.0,0.0
405,0.0,0.0,5e-08,5e-08,gaussian,0.3200108721551973,0.7101012585950088,0.0,5e-08,5e-08,-52.915909012377114,-52.915909012377114,0.0,0.0
406,0.0,0.0,5e-08,5e-08,gaussian,0.2613305366437222,0.8055902819771147,0.0,5e-08,5e-08,-38.7477270371314,-38.7477270371314,0.0,0.0
407,0.0,0.0,5e-08,5e-08,gaussian,0.2556718586582163,0.7618552291951385,0.0,5e-08,5e-08,38.747727037131426,38.747727037131426,0.0,-0.0
408,0.0,0.0,5e-08,5e-08,gaussian,0.3308552294921209,0.6137532758686483,0.0,5e-08,5e-08,-67.08409098762289,-67.08409098762289,-0.0,0.0
409,0.0,0.0,5e-08,5e-08,gaussian,0.3012608195094652,0.7431704479585,0.0,5e-08,5e-08,-81.47539364108692,-81.47539364108692,-0.0,0.0
410,0.0,0.0,5e-08,5e-08,gaussian,0.285914541925928,0.7803499839327268,0.0,5e-08,5e-08,-52.841535452971016,-52.841535452971016,-0.0,0.0
411,0.0,0.0,5e-08,5e-08,gaussian,0.2710440559427248,0.744572751557049,0.0,5e-08,5e-08,81.47539364108697,81.47539364108697,0.0,0.0
412,0.0,0.0,5e-08,5e-08,gaussian,0.3007308508755185,0.6822740757411881,0.0,5e-08,5e-08,52.841535452971016,52.841535452971016,0.0,0.0
413,0.0,0.0,5e-08,5e-08,gaussian,0.295824482320435,0.8220944926523855,0.0,5e-08,5e-08,-71.53641802775229,-71.53641802775229,-0.0,0.0
414,0.0,0.0,5e-08,5e-08,gaussian,0.2973688055526522,0.8551056421818408,0.0,5e-08,5e-08,60.0,60.0,0.0,0.0
415,0.0,0.0,5e-08,5e-08,gaussian,0.2783359673767201,0.8316885914923032,0.0,5e-08,5e-08,11.53641802775229,11.53641802775229,0.0,-0.0
416,0.0,0.0,5e-08,5e-08,gaussian,0.2891615983703897,0.7491154812048456,0.0,5e-08,5e-08,48.46358197224773,48.46358197224773,0.0,0.0
417,0.0,0.0,5e-08,5e-08,gaussian,0.2863480719812419,0.7457185220896776,0.0,5e-08,5e-08,48.46358197224774,48.46358197224774,0.0,-0.0
418,0.0,0.0,5e-08,5e-08,gaussian,0.2946165315068314,0.8545948726467506,0.0,5e-08,5e-08,11.597455956545048,11.597455956545048,0.0,-0.0
419,0.0,0.0,5e-08,5e-08,gaussian,0.2307372145110185,0.5500708804597721,0.0,5e-08,5e-08,-48.40254404345498,-48.40254404345498,0.0,0.0
420,0.0,0.0,5e-08,5e-08,gaussian,0.2576796328206162,0.774827843711696,0.0,5e-08,5e-08,1.4210854715202004e-14,1.4210854715202004e-14,0.0,-0.0
421,0.0,0.0,5e-08,5e-08,gaussian,0.2364324455833081,0.7166918915215381,0.0,5e-08,5e-08,-83.19491191308998,-83.19491191308998,-0.0,0.0
422,0.0,0.0,5e-08,5e-08,gaussian,0.2794062754182685,0.7766340643239988,0.0,5e-08,5e-08,-36.80508808690996,-36.80508808690996,-0.0,0.0
423,0.0,0.0,5e-08,5e-08,gaussian,0.3045464594857718,0.845332130578541,0.0,5e-08,5e-08,64.8517855396079,64.8517855396079,0.0,0.0
424,0.0,0.0,5e-08,5e-08,gaussian,0.3142696017155285,0.9559548303152416,0.0,5e-08,5e-08,-84.25892769803957,-84.25892769803957,0.0,0.0
425,0.0,0.0,5e-08,5e-08,gaussian,0.2749618171416092,0.7770854241398982,0.0,5e-08,5e-08,-24.258927698039557,-24.258927698039557,-0.0,0.0
426,0.0,0.0,5e-08,5e-08,gaussian,0.299390850516604,0.8083184695446849,0.0,5e-08,5e-08,24.258927698039585,24.258927698039585,0.0,-0.0
427,0.0,0.0,5e-08,5e-08,gaussian,0.2943590490400325,0.7184972721438394,0.0,5e-08,5e-08,-74.55535661882371,-74.55535661882371,-0.0,0.0
428,0.0,0.0,5e-08,5e-08,gaussian,0.2748400549436432,0.7038051321796874,0.0,5e-08,5e-08,55.1482144603921,55.1482144603921,0.0,-0.0
429,0.0,0.0,5e-08,5e-08,gaussian,0.3195878512051674,0.8237877662675132,0.0,5e-08,5e-08,51.65617782116015,51.65617782116015,0.0,0.0
430,0.0,0.0,5e-08,5e-08,gaussian,0.2881232674897011,0.8209985747259688,0.0,5e-08,5e-08,-76.68764435767969,-76.68764435767969,0.0,0.0
431,0.0,0.0,5e-08,5e-08,gaussian,0.2803971142927268,0.7371170359892484,0.0,5e-08,5e-08,16.68764435767973,16.68764435767973,0.0,-0.0
432,0.0,0.0,5e-08,5e-08,gaussian,0.2706032468620783,0.6163490637851611,0.0,5e-08,5e-08,-43.312355642320256,-43.312355642320256,-0.0,0.0
433,0.0,0.0,5e-08,5e-08,gaussian,0.2578884848573621,0.8028464734853781,0.0,5e-08,5e-08,-59.999999999999915,-59.999999999999915,-0.0,0.0
434,0.0,0.0,5e-08,5e-08,gaussian,0.2438409085852251,0.7772126401970907,0.0,5e-08,5e-08,60.00000000000001,60.00000000000001,0.0,0.0
435,0.0,0.0,5e-08,5e-08,gaussian,0.2682811055645272,0.7937385436156409,0.0,5e-08,5e-08,34.96853346348044,34.96853346348044,0.0,-0.0
436,0.0,0.0,5e-08,5e-08,gaussian,0.3780097152566091,0.7737852934558871,0.0,5e-08,5e-08,-8.365299200713991,-8.365299200713991,0.0,0.0
437,0.0,0.0,5e-08,5e-08,gaussian,0.3482999949562777,0.7360961906281142,0.0,5e-08,5e-08,76.73059840142798,76.73059840142798,0.0,-0.0
438,0.0,0.0,5e-08,5e-08,gaussian,0.2776843523223382,0.7636866503234703,0.0,5e-08,5e-08,60.0,60.0,0.0,0.0
439,0.0,0.0,5e-08,5e-08,gaussian,0.3241992365414877,0.7058748909837058,0.0,5e-08,5e-08,8.365299200713977,8.365299200713977,0.0,-0.0
440,0.0,0.0,5e-08,5e-08,gaussian,0.2995914271238133,0.8680961050777566,0.0,5e-08,5e-08,-16.730598401427983,-16.730598401427983,0.0,0.0
441,0.0,0.0,5e-08,5e-08,gaussian,0.2908478065666581,0.8034292058693809,0.0,5e-08,5e-08,-85.09589760214192,-85.09589760214192,-0.0,0.0
442,0.0,0.0,5e-08,5e-08,gaussian,0.2773624238879426,0.8117593172516424,0.0,5e-08,5e-08,-68.36529920071399,-68.36529920071399,0.0,0.0
443,0.0,0.0,5e-08,5e-08,gaussian,0.2193821516637866,0.8139595086452232,0.0,5e-08,5e-08,-25.14921397944846,-25.14921397944846,0.0,0.0
444,0.0,0.0,5e-08,5e-08,gaussian,0.2896053246406153,0.7942960054039244,0.0,5e-08,5e-08,-43.23385734703436,-43.23385734703436,0.0,0.0
445,0.0,0.0,5e-08,5e-08,gaussian,0.2796449758606455,0.7987699599044561,0.0,5e-08,5e-08,51.61692867351721,51.61692867351721,0.0,-0.0
446,0.0,0.0,5e-08,5e-08,gaussian,0.2515881624306966,0.789185831929719,0.0,5e-08,5e-08,16.76614265296564,16.76614265296564,0.0,-0.0
447,0.0,0.0,5e-08,5e-08,gaussian,0.304359086404543,0.7079283921747185,0.0,5e-08,5e-08,8.38307132648282,8.38307132648282,0.0,-0.0
448,0.0,0.0,5e-08,5e-08,gaussian,0.3251921327414246,0.7984455292199529,0.0,5e-08,5e-08,-85.14921397944846,-85.14921397944846,-0.0,0.0
449,0.0,0.0,5e-08,5e-08,gaussian,0.3223715641853441,0.8049861649937714,0.0,5e-08,5e-08,-8.38307132648282,-8.38307132648282,0.0,0.0
450,0.0,0.0,5e-08,5e-08,gaussian,0.2737889509357693,0.6627414162848005,0.0,5e-08,5e-08,-3.6740679661530606,-3.6740679661530606,-0.0,0.0
451,0.0,0.0,5e-08,5e-08,gaussian,0.3062896901435127,0.8883700534513052,0.0,5e-08,5e-08,48.977796101540605,48.977796101540605,0.0,0.0
452,0.0,0.0,5e-08,5e-08,gaussian,0.2494217833316217,0.7451289594873115,0.0,5e-08,5e-08,71.02220389845938,71.02220389845938,0.0,0.0
453,0.0,0.0,5e-08,5e-08,gaussian,0.2681722311203498,0.7016193975796523,0.0,5e-08,5e-08,25.718475763071908,25.718475763071908,0.0,0.0
454,0.0,0.0,5e-08,5e-08,gaussian,0.3138864251605748,0.8974277106079799,0.0,5e-08,5e-08,-11.022203898459324,-11.022203898459324,-0.0,0.0
455,0.0,0.0,5e-08,5e-08,gaussian,0.2917360265989019,0.722048793647543,0.0,5e-08,5e-08,56.32593203384686,56.32593203384686,0.0,0.0
456,0.0,0.0,5e-08,5e-08,gaussian,0.3291585996954852,0.6350557057345763,0.0,5e-08,5e-08,-71.02220389845934,-71.02220389845934,-0.0,0.0
457,0.0,0.0,5e-08,5e-08,gaussian,0.2706295446693443,0.7154746305456928,0.0,5e-08,5e-08,-34.28152423692808,-34.28152423692808,-0.0,0.0
458,0.0,0.0,5e-08,5e-08,gaussian,0.3198352405207273,0.8105860118627455,0.0,5e-08,5e-08,11.038796065243616,11.038796065243616,0.0,-0.0
459,0.0,0.0,5e-08,5e-08,gaussian,0.2867180634708465,0.811066277797208,0.0,5e-08,5e-08,85.75719081890182,85.75719081890182,0.0,0.0
460,0.0,0.0,5e-08,5e-08,gaussian,0.3293211346968556,0.6918638000912287,0.0,5e-08,5e-08,-34.24280918109818,-34.24280918109818,0.0,0.0
461,0.0,0.0,5e-08,5e-08,gaussian,0.2736059411902091,0.9239101804968639,0.0,5e-08,5e-08,-18.397993442072718,-18.397993442072718,0.0,0.0
462,0.0,0.0,5e-08,5e-08,gaussian,0.3174224151924701,0.7601860349930861,0.0,5e-08,5e-08,-56.32040131158544,-56.32040131158544,0.0,0.0
463,0.0,0.0,5e-08,5e-08,gaussian,0.3077497982692164,0.7645207377921883,0.0,5e-08,5e-08,-41.60200655792727,-41.60200655792727,0.0,0.0
464,0.0,0.0,5e-08,5e-08,gaussian,0.3382862689998462,0.8702516397265037,0.0,5e-08,5e-08,-56.3204013115855,-56.3204013115855,-0.0,0.0
465,0.0,0.0,5e-08,5e-08,gaussian,0.2855247597550824,0.8026203606285021,0.0,5e-08,5e-08,-78.39799344207276,-78.39799344207276,-0.0,0.0
466,0.0,0.0,5e-08,5e-08,gaussian,0.3339244537118828,0.8566733607751232,0.0,5e-08,5e-08,63.68437813030325,63.68437813030325,0.0,0.0
467,0.0,0.0,5e-08,5e-08,gaussian,0.2832010466640801,0.8234380222486734,0.0,5e-08,5e-08,48.946865609090224,48.946865609090224,0.0,-0.0
468,0.0,0.0,5e-08,5e-08,gaussian,0.2642716694709522,0.7728854157540695,0.0,5e-08,5e-08,-11.053134390909804,-11.053134390909804,-0.0,0.0
469,0.0,0.0,5e-08,5e-08,gaussian,0.2668919475238249,0.7713231548977357,0.0,5e-08,5e-08,-11.053134390909776,-11.053134390909776,0.0,0.0
470,0.0,0.0,5e-08,5e-08,gaussian,0.3302245020462861,0.8185546205270269,0.0,5e-08,5e-08,34.20935308787719,34.20935308787719,0.0,-0.0
471,0.0,0.0,5e-08,5e-08,gaussian,0.2760039715385822,0.6502841313201948,0.0,5e-08,5e-08,-85.79064691212281,-85.79064691212281,0.0,0.0
472,0.0,0.0,5e-08,5e-08,gaussian,0.3126031297683645,0.6823716304654682,0.0,5e-08,5e-08,56.31562186969675,56.31562186969675,0.0,0.0
473,0.0,0.0,5e-08,5e-08,gaussian,0.2945277804575771,0.7246956787248391,0.0,5e-08,5e-08,-25.790646912122853,-25.790646912122853,-0.0,0.0
474,0.0,0.0,5e-08,5e-08,gaussian,0.2865301628643214,0.808953020376069,0.0,5e-08,5e-08,13.114843143760865,13.114843143760865,0.0,-0.0
475,0.0,0.0,5e-08,5e-08,gaussian,0.3161187809410472,0.7755882300615321,0.0,5e-08,5e-08,73.11484314376087,73.11484314376087,0.0,0.0
476,0.0,0.0,5e-08,5e-08,gaussian,0.2956508600576351,0.6527454095396562,0.0,5e-08,5e-08,53.44257842811962,53.44257842811962,0.0,-0.0
477,0.0,0.0,5e-08,5e-08,gaussian,0.3042673384906997,0.7177294612161574,0.0,5e-08,5e-08,19.67226471564129,19.67226471564129,0.0,-0.0
478,0.0,0.0,5e-08,5e-08,gaussian,0.3080208880574384,0.7272700589834512,0.0,5e-08,5e-08,26.229686287521723,26.229686287521723,0.0,0.0
479,0.0,0.0,5e-08,5e-08,gaussian,0.2691940252024641,0.7319131877204629,0.0,5e-08,5e-08,46.88515685623915,46.88515685623915,0.0,0.0
480,0.0,0.0,5e-08,5e-08,gaussian,0.2930994797682985,0.7224318522714956,0.0,5e-08,5e-08,79.67226471564129,79.67226471564129,0.0,0.0
481,0.0,0.0,5e-08,5e-08,gaussian,0.2786218067233732,0.8011853843441984,0.0,5e-08,5e-08,-46.88515685623918,-46.88515685623918,-0.0,0.0
482,0.0,0.0,5e-08,5e-08,gaussian,0.2995865710544336,0.7118367383011365,0.0,5e-08,5e-08,-53.44257842811956,-53.44257842811956,0.0,0.0
483,0.0,0.0,5e-08,5e-08,gaussian,0.2814715468177204,0.8147349736526684,0.0,5e-08,5e-08,19.6918520228715,19.6918520228715,0.0,-0.0
484,0.0,0.0,5e-08,5e-08,gaussian,0.2681155291536467,0.7751843783354314,0.0,5e-08,5e-08,-46.87209865141904,-46.87209865141904,0.0,0.0
485,0.0,0.0,5e-08,5e-08,gaussian,0.283490524238932,0.8442246086162443,0.0,5e-08,5e-08,-66.56395067429051,-66.56395067429051,0.0,0.0
486,0.0,0.0,5e-08,5e-08,gaussian,0.2447410019852132,0.7222103667941254,0.0,5e-08,5e-08,86.255802697162,86.255802697162,0.0,0.0
487,0.0,0.0,5e-08,5e-08,gaussian,0.2661152135573744,0.7568194067361133,0.0,5e-08,5e-08,-13.127901348580991,-13.127901348580991,0.0,0.0
488,0.0,0.0,5e-08,5e-08,gaussian,0.301476070323318,0.7322581063313833,0.0,5e-08,5e-08,46.87209865141901,46.87209865141901,0.0,-0.0
489,0.0,0.0,5e-08,5e-08,gaussian,0.2703023587784882,0.7662920297857813,0.0,5e-08,5e-08,13.127901348581034,13.127901348581034,0.0,-0.0
490,0.0,0.0,5e-08,5e-08,gaussian,0.3190826164389482,0.7245244353165065,0.0,5e-08,5e-08,13.127901348581005,13.127901348581005,0.0,0.0
491,0.0,0.0,5e-08,5e-08,gaussian,0.3388118789844519,0.8986059562946993,0.0,5e-08,5e-08,-6.563950674290481,-6.563950674290481,0.0,0.0
492,0.0,0.0,5e-08,5e-08,gaussian,0.2454007791089478,0.7398039900278375,0.0,5e-08,5e-08,5.684341886080802e-14,5.684341886080802e-14,0.0,-0.0
493,0.0,0.0,5e-08,5e-08,gaussian,0.3185670381512118,0.6973870688774534,0.0,5e-08,5e-08,-66.5697429892893,-66.5697429892893,0.0,0.0
494,0.0,0.0,5e-08,5e-08,gaussian,0.3104477188460381,0.8003232495719086,0.0,5e-08,5e-08,-86.27897195715724,-86.27897195715724,-0.0,0.0
495,0.0,0.0,5e-08,5e-08,gaussian,0.2902498654025897,0.684725814553713,0.0,5e-08,5e-08,66.56974298928932,66.56974298928932,0.0,0.0
496,0.0,0.0,5e-08,5e-08,gaussian,0.2574512694514142,0.6728714974039245,0.0,5e-08,5e-08,26.27897195715724,26.27897195715724,0.0,0.0
497,0.0,0.0,5e-08,5e-08,gaussian,0.2928289229479237,0.7753092245910489,0.0,5e-08,5e-08,-13.139485978578605,-13.139485978578605,0.0,0.0
498,0.0,0.0,5e-08,5e-08,gaussian,0.2662139004301684,0.8123069966492559,0.0,5e-08,5e-08,-13.139485978578577,-13.139485978578577,-0.0,0.0
499,0.0,0.0,5e-08,5e-08,gaussian,0.2654606757906013,0.7883747200664887,0.0,5e-08,5e-08,-46.860514021421324,-46.860514021421324,-0.0,0.0
500,0.0,0.0,5e-08,5e-08,gaussian,0.2930309410235777,0.7698835003229039,0.0,5e-08,5e-08,60.00000000000001,60.00000000000001,0.0,0.0
501,0.0,0.0,5e-08,5e-08,gaussian,0.2982768401945817,0.8927546640776889,0.0011432763066666666,5e-08,5e-08,39.09529933864238,39.09529933864238,0.0,-0.0
502,0.0,0.0,5e-08,5e-08,gaussian,0.257456021433888,0.6038669810522562,0.0011432763066666666,5e-08,5e-08,6.968233553785851,6.968233553785851,0.0,0.0
503,0.0,0.0,5e-08,5e-08,gaussian,0.2597660515347071,0.7209133172032536,0.0011432763066666666,5e-08,5e-08,-53.031766446214135,-53.031766446214135,0.0,0.0
504,0.0,0.0,5e-08,5e-08,gaussian,0.2671273347708512,0.7141140387471063,0.0011432763066666666,5e-08,5e-08,20.90470066135758,20.90470066135758,0.0,0.0
505,0.0,0.0,5e-08,5e-08,gaussian,0.2401467385290627,0.6406557618620916,0.0,5e-08,5e-08,21.252272962868574,21.252272962868574,0.0,0.0
506,0.0,0.0,5e-08,5e-08,gaussian,0.289605557461551,0.7719106751802963,0.0,5e-08,5e-08,21.252272962868602,21.252272962868602,0.0,-0.0
507,0.0,0.0,5e-08,5e-08,gaussian,0.272449214203681,0.7699850736848692,0.0,5e-08,5e-08,-7.0840909876228295,-7.0840909876228295,-0.0,0.0
508,0.0,0.0,5e-08,5e-08,gaussian,0.2952140903523601,0.6874194528671209,0.0,5e-08,5e-08,-67.08409098762283,-67.08409098762283,0.0,0.0
509,0.0,0.0,5e-08,5e-08,gaussian,0.2574221854305515,0.8523084216833481,0.0,5e-08,5e-08,-7.158464547028984,-7.158464547028984,0.0,0.0
510,0.0,0.0,5e-08,5e-08,gaussian,0.3008477311828077,0.7867209188742096,0.0,5e-08,5e-08,-21.47539364108694,-21.47539364108694,-0.0,0.0
511,0.0,0.0,5e-08,5e-08,gaussian,0.3093621382273801,0.8946019199834441,0.0,5e-08,5e-08,81.47539364108698,81.47539364108698,0.0,-0.0
512,0.0,0.0,5e-08,5e-08,gaussian,0.2327902869029828,0.7197834209340889,0.0,5e-08,5e-08,67.15846454702901,67.15846454702901,0.0,-0.0
513,0.0,0.0,5e-08,5e-08,gaussian,0.352870724240375,0.7959963984335402,0.0,5e-08,5e-08,83.07283605550452,83.07283605550452,0.0,-0.0
514,0.0,0.0,5e-08,5e-08,gaussian,0.3561319562109972,0.7691279954552513,0.0,5e-08,5e-08,-48.46358197224774,-48.46358197224774,-0.0,0.0
515,0.0,0.0,5e-08,5e-08,gaussian,0.2791261667002135,0.7485928722329834,0.0,5e-08,5e-08,-71.53641802775229,-71.53641802775229,0.0,0.0
516,0.0,0.0,5e-08,5e-08,gaussian,0.3053569826859626,0.7630920836616562,0.0,5e-08,5e-08,23.07283605550451,23.07283605550451,0.0,0.0
517,0.0,0.0,5e-08,5e-08,gaussian,0.2662510681283518,0.928396263039123,0.0,5e-08,5e-08,36.92716394449546,36.92716394449546,0.0,0.0
518,0.0,0.0,5e-08,5e-08,gaussian,0.3206282637205588,0.8702476333863008,0.0,5e-08,5e-08,60.0,60.0,0.0,0.0
519,0.0,0.0,5e-08,5e-08,gaussian,0.2985388950721127,0.7071568922500278,0.0,5e-08,5e-08,71.597455956545,71.597455956545,0.0,0.0
520,0.0,0.0,5e-08,5e-08,gaussian,0.3231806235848463,0.8174304947700305,0.0,5e-08,5e-08,11.597455956545005,11.597455956545005,0.0,0.0
521,0.0,0.0,5e-08,5e-08,gaussian,0.3238666540522234,0.6205488668339403,0.0,5e-08,5e-08,48.40254404345498,48.40254404345498,0.0,-0.0
522,0.0,0.0,5e-08,5e-08,gaussian,0.3226312387681538,0.8214455144895456,0.0,5e-08,5e-08,-23.194911913090024,-23.194911913090024,0.0,0.0
523,0.0,0.0,5e-08,5e-08,gaussian,0.339198660482293,0.8277811639877141,0.0,5e-08,5e-08,-35.74107230196044,-35.74107230196044,0.0,0.0
524,0.0,0.0,5e-08,5e-08,gaussian,0.286740946628276,0.7431455579235883,0.0,5e-08,5e-08,74.55535661882374,74.55535661882374,0.0,-0.0
525,0.0,0.0,5e-08,5e-08,gaussian,0.2779619648062941,0.7484162236102392,0.0,5e-08,5e-08,14.55535661882378,14.55535661882378,0.0,-0.0
526,0.0,0.0,5e-08,5e-08,gaussian,0.2885644601945157,0.8004844581375871,0.0,5e-08,5e-08,-14.555356618823737,-14.555356618823737,-0.0,0.0
527,0.0,0.0,5e-08,5e-08,gaussian,0.305618342188088,0.6447703849309275,0.0,5e-08,5e-08,84.25892769803957,84.25892769803957,0.0,0.0
528,0.0,0.0,5e-08,5e-08,gaussian,0.2696807161384582,0.9064586957731883,0.0,5e-08,5e-08,35.74107230196042,35.74107230196042,0.0,0.0
529,0.0,0.0,5e-08,5e-08,gaussian,0.2806231439165651,0.7230525360496068,0.0,5e-08,5e-08,-16.687644357679687,-16.687644357679687,0.0,0.0
530,0.0,0.0,5e-08,5e-08,gaussian,0.2920338126226347,0.7430069037505032,0.0,5e-08,5e-08,85.03146653651959,85.03146653651959,0.0,-0.0
531,0.0,0.0,5e-08,5e-08,gaussian,0.2922074912127,0.7271905942359453,0.0,5e-08,5e-08,5.684341886080802e-14,5.684341886080802e-14,0.0,-0.0
532,0.0,0.0,5e-08,5e-08,gaussian,0.2868771678999868,0.5961210826323473,0.0,5e-08,5e-08,-8.343822178839844,-8.343822178839844,0.0,0.0
533,0.0,0.0,5e-08,5e-08,gaussian,0.2985987713625894,0.7211013544650527,0.0,5e-08,5e-08,-85.03146653651959,-85.03146653651959,0.0,0.0
534,0.0,0.0,5e-08,5e-08,gaussian,0.2946439258107622,0.837686514033824,0.0,5e-08,5e-08,68.34382217883987,68.34382217883987,0.0,-0.0
535,0.0,0.0,5e-08,5e-08,gaussian,0.2886196600821589,0.7478781497023854,0.0,5e-08,5e-08,76.68764435767972,76.68764435767972,0.0,0.0
536,0.0,0.0,5e-08,5e-08,gaussian,0.2613937179652784,0.7480694663562147,0.0,5e-08,5e-08,43.26940159857202,43.26940159857202,0.0,0.0
537,0.0,0.0,5e-08,5e-08,gaussian,0.2529737581157214,0.722972144751071,0.0,5e-08,5e-08,-59.999999999999915,-59.999999999999915,-0.0,0.0
538,0.0,0.0,5e-08,5e-08,gaussian,0.2214289019228904,0.8864139300285542,0.0,5e-08,5e-08,-34.90410239785797,-34.90410239785797,-0.0,0.0
539,0.0,0.0,5e-08,5e-08,gaussian,0.2934873737889137,0.7399612455317596,0.0,5e-08,5e-08,-34.90410239785801,-34.90410239785801,0.0,0.0
540,0.0,0.0,5e-08,5e-08,gaussian,0.2288593426402152,0.8395388477004108,0.0,5e-08,5e-08,-51.63470079928595,-51.63470079928595,-0.0,0.0
541,0.0,0.0,5e-08,5e-08,gaussian,0.2952958354512702,0.7840868418800524,0.0,5e-08,5e-08,-60.0,-60.0,0.0,0.0
542,0.0,0.0,5e-08,5e-08,gaussian,0.299626450024868,0.69427005466443,0.0,5e-08,5e-08,-51.63470079928601,-51.63470079928601,0.0,0.0
543,0.0,0.0,5e-08,5e-08,gaussian,0.2560896473174331,0.7765267853691138,0.0,5e-08,5e-08,5.684341886080802e-14,5.684341886080802e-14,0.0,-0.0
544,0.0,0.0,5e-08,5e-08,gaussian,0.3177241762627426,0.8082969473297816,0.0,5e-08,5e-08,85.14921397944849,85.14921397944849,0.0,-0.0
545,0.0,0.0,5e-08,5e-08,gaussian,0.2999278775050963,0.7535846473697786,0.0,5e-08,5e-08,51.61692867351719,51.61692867351719,0.0,0.0
546,0.0,0.0,5e-08,5e-08,gaussian,0.3087190737525168,0.7576983879907865,0.0,5e-08,5e-08,-8.383071326482806,-8.383071326482806,-0.0,0.0
547,0.0,0.0,5e-08,5e-08,gaussian,0.3184967378587114,0.8190577182391174,0.0,5e-08,5e-08,-59.99999999999997,-59.99999999999997,-0.0,0.0
548,0.0,0.0,5e-08,5e-08,gaussian,0.3097234363691821,0.9607213754317291,0.0,5e-08,5e-08,-76.76614265296564,-76.76614265296564,0.0,0.0
549,0.0,0.0,5e-08,5e-08,gaussian,0.2757490409419593,0.8611114283058756,0.0,5e-08,5e-08,-68.38307132648282,-68.38307132648282,0.0,0.0
550,0.0,0.0,5e-08,5e-08,gaussian,0.3495596524773911,0.8632459573392731,0.0,5e-08,5e-08,18.370339830765644,18.370339830765644,0.0,0.0
551,0.0,0.0,5e-08,5e-08,gaussian,0.2812542160073163,0.8397110625989004,0.0,5e-08,5e-08,-63.67406796615316,-63.67406796615316,-0.0,0.0
552,0.0,0.0,5e-08,5e-08,gaussian,0.2977164752159306,0.7365396171330969,0.0,5e-08,5e-08,-56.32593203384684,-56.32593203384684,-0.0,0.0
553,0.0,0.0,5e-08,5e-08,gaussian,0.2902101999353042,0.8190011657402514,0.0,5e-08,5e-08,-41.62966016923434,-41.62966016923434,-0.0,0.0
554,0.0,0.0,5e-08,5e-08,gaussian,0.344715625410273,0.584762188263179,0.0,5e-08,5e-08,-11.022203898459395,-11.022203898459395,0.0,0.0
555,0.0,0.0,5e-08,5e-08,gaussian,0.3306581786856113,0.7151283275173643,0.0,5e-08,5e-08,41.62966016923435,41.62966016923435,0.0,0.0
556,0.0,0.0,5e-08,5e-08,gaussian,0.3293276054907892,0.7339631181596633,0.0,5e-08,5e-08,78.37033983076563,78.37033983076563,0.0,-0.0
557,0.0,0.0,5e-08,5e-08,gaussian,0.3053958481047593,0.7535203107322486,0.0,5e-08,5e-08,63.674067966153125,63.674067966153125,0.0,0.0
558,0.0,0.0,5e-08,5e-08,gaussian,0.2569145178433521,0.7528111793192271,0.0,5e-08,5e-08,41.602006557927275,41.602006557927275,0.0,0.0
559,0.0,0.0,5e-08,5e-08,gaussian,0.3265998160530965,0.687295965297491,0.0,5e-08,5e-08,48.96120393475633,48.96120393475633,0.0,-0.0
560,0.0,0.0,5e-08,5e-08,gaussian,0.2896396822219012,0.8518774707605138,0.0,5e-08,5e-08,-63.67959868841456,-63.67959868841456,-0.0,0.0
561,0.0,0.0,5e-08,5e-08,gaussian,0.2913527731288738,0.7622237204428715,0.0,5e-08,5e-08,34.24280918109815,34.24280918109815,0.0,-0.0
562,0.0,0.0,5e-08,5e-08,gaussian,0.2741813048247139,0.7322011039050335,0.0,5e-08,5e-08,63.67959868841454,63.67959868841454,0.0,0.0
563,0.0,0.0,5e-08,5e-08,gaussian,0.3028918681257259,0.7142483907268247,0.0,5e-08,5e-08,41.60200655792727,41.60200655792727,0.0,-0.0
564,0.0,0.0,5e-08,5e-08,gaussian,0.32304240300964,0.7588671314540418,0.0,5e-08,5e-08,-71.03879606524367,-71.03879606524367,-0.0,0.0
565,0.0,0.0,5e-08,5e-08,gaussian,0.2997280409096928,0.7534976101093608,0.0,5e-08,5e-08,-34.242809181098224,-34.242809181098224,-0.0,0.0
566,0.0,0.0,5e-08,5e-08,gaussian,0.2841516667037866,0.7644203618247958,0.0,5e-08,5e-08,-56.31562186969677,-56.31562186969677,-0.0,0.0
567,0.0,0.0,5e-08,5e-08,gaussian,0.2772115762964472,0.6773890858130468,0.0,5e-08,5e-08,-48.94686560909025,-48.94686560909025,-0.0,0.0
568,0.0,0.0,5e-08,5e-08,gaussian,0.2782435274972255,0.608985429906352,0.0,5e-08,5e-08,-34.20935308787719,-34.20935308787719,0.0,0.0
569,0.0,0.0,5e-08,5e-08,gaussian,0.264024503565694,0.6724479185435791,0.0,5e-08,5e-08,78.42189065151629,78.42189065151629,0.0,-0.0
570,0.0,0.0,5e-08,5e-08,gaussian,0.2567115247893176,0.6254806475368195,0.0,5e-08,5e-08,34.20935308787721,34.20935308787721,0.0,0.0
571,0.0,0.0,5e-08,5e-08,gaussian,0.2991765704732242,0.6826789942238832,0.0,5e-08,5e-08,56.31562186969677,56.31562186969677,0.0,-0.0
572,0.0,0.0,5e-08,5e-08,gaussian,0.3173675426271187,0.6548087087699407,0.0,5e-08,5e-08,41.57810934848371,41.57810934848371,0.0,-0.0
573,0.0,0.0,5e-08,5e-08,gaussian,0.2985884822609617,0.7359252897277149,0.0,5e-08,5e-08,-3.6843781303032586,-3.6843781303032586,0.0,0.0
574,0.0,0.0,5e-08,5e-08,gaussian,0.3517038452376421,0.7986238436729675,0.0,5e-08,5e-08,1.4210854715202004e-14,1.4210854715202004e-14,0.0,-0.0
575,0.0,0.0,5e-08,5e-08,gaussian,0.3227330670388628,0.7914883696682871,0.0,5e-08,5e-08,79.67226471564132,79.67226471564132,0.0,-0.0
576,0.0,0.0,5e-08,5e-08,gaussian,0.3236494664605701,0.7252981615145081,0.0,5e-08,5e-08,60.00000000000006,60.00000000000006,0.0,-0.0
577,0.0,0.0,5e-08,5e-08,gaussian,0.2712906530891812,0.7923276367524659,0.0,5e-08,5e-08,-33.7703137124783,-33.7703137124783,0.0,0.0
578,0.0,0.0,5e-08,5e-08,gaussian,0.2617242606010139,0.6454284890662647,0.0,5e-08,5e-08,33.7703137124783,33.7703137124783,0.0,-0.0
579,0.0,0.0,5e-08,5e-08,gaussian,0.2366439041607888,0.8004942796348935,0.0,5e-08,5e-08,-0.0,-0.0,0.0,0.0
580,0.0,0.0,5e-08,5e-08,gaussian,0.2686084251141651,0.7545997975553984,0.0,5e-08,5e-08,-46.88515685623912,-46.88515685623912,0.0,0.0
581,0.0,0.0,5e-08,5e-08,gaussian,0.3079130935343642,0.8603653903834056,0.0,5e-08,5e-08,-73.11484314376085,-73.11484314376085,0.0,0.0
582,0.0,0.0,5e-08,5e-08,gaussian,0.2588618992089349,0.744932844714821,0.0,5e-08,5e-08,13.114843143760865,13.114843143760865,0.0,0.0
583,0.0,0.0,5e-08,5e-08,gaussian,0.2896459765475125,0.8942311897485941,0.0,5e-08,5e-08,-40.30814797712844,-40.30814797712844,-0.0,0.0
584,0.0,0.0,5e-08,5e-08,gaussian,0.3224811555572907,0.7339019358073946,0.0,5e-08,5e-08,46.872098651419,46.872098651419,0.0,0.0
585,0.0,0.0,5e-08,5e-08,gaussian,0.3094501553865658,0.8259813595974752,0.0,5e-08,5e-08,53.43604932570952,53.43604932570952,0.0,-0.0
586,0.0,0.0,5e-08,5e-08,gaussian,0.3356376263086093,0.722090972932789,0.0,5e-08,5e-08,-13.127901348580963,-13.127901348580963,-0.0,0.0
587,0.0,0.0,5e-08,5e-08,gaussian,0.2740291834760999,0.799194979084784,0.0,5e-08,5e-08,6.56395067429051,6.56395067429051,0.0,0.0
588,0.0,0.0,5e-08,5e-08,gaussian,0.2671965955977246,0.8241062152383318,0.0,5e-08,5e-08,33.744197302838,33.744197302838,0.0,0.0
589,0.0,0.0,5e-08,5e-08,gaussian,0.2174421258760809,0.743373828154383,0.0,5e-08,5e-08,79.6918520228715,79.6918520228715,0.0,0.0
590,0.0,0.0,5e-08,5e-08,gaussian,0.3174379844990007,0.6613944277870927,0.0,5e-08,5e-08,19.6918520228715,19.6918520228715,0.0,0.0
591,0.0,0.0,5e-08,5e-08,gaussian,0.2831850022650529,0.6844534587070232,0.0,5e-08,5e-08,40.3081479771285,40.3081479771285,0.0,0.0
592,0.0,0.0,5e-08,5e-08,gaussian,0.2699304802437679,0.8938281380308067,0.0,5e-08,5e-08,40.29077103213208,40.29077103213208,0.0,0.0
593,0.0,0.0,5e-08,5e-08,gaussian,0.3334790459361483,0.6079450148454736,0.0,5e-08,5e-08,79.70922896786794,79.70922896786794,0.0,0.0
594,0.0,0.0,5e-08,5e-08,gaussian,0.3316295354941722,0.8737690721983683,0.0,5e-08,5e-08,46.86051402142139,46.86051402142139,0.0,0.0
595,0.0,0.0,5e-08,5e-08,gaussian,0.3485596680012411,0.8657652182843872,0.0,5e-08,5e-08,73.13948597857862,73.13948597857862,0.0,-0.0
596,0.0,0.0,5e-08,5e-08,gaussian,0.2104488122855758,0.8401648734097547,0.0,5e-08,5e-08,-59.99999999999997,-59.99999999999997,0.0,0.0
597,0.0,0.0,5e-08,5e-08,gaussian,0.3257871372356801,0.713561028490172,0.0,5e-08,5e-08,-26.27897195715714,-26.27897195715714,-0.0,0.0
598,0.0,0.0,5e-08,5e-08,gaussian,0.3066208313320047,0.8828142819272885,0.0,5e-08,5e-08,-40.29077103213206,-40.29077103213206,0.0,0.0
599,0.0,0.0,5e-08,5e-08,gaussian,0.2793330505090208,0.7378938352665463,0.0,5e-08,5e-08,46.86051402142138,46.86051402142138,0.0,-0.0
600,0.0,0.0,5e-08,5e-08,gaussian,0.2991204314930302,0.6511316253558354,0.0,5e-08,5e-08,-6.56974298928931,-6.56974298928931,0.0,0.0
