index,sr_template,sa_template,sr_def,sa_def,seed,sampled_sr_raw,sampled_sa_raw
0,0.01,0.01,"{'dist': 'fixed', 'value': 5.7972050891626}","{'dist': 'fixed', 'value': 0.828172155594657}",2855378547,0.01,0.01
1,1.82635,1.82635,"{'dist': 'fixed', 'value': 5.7972050891626}","{'dist': 'fixed', 'value': 0.828172155594657}",2855378548,1.82635,1.82635
2,3.39833,3.39833,"{'dist': 'fixed', 'value': 5.7972050891626}","{'dist': 'fixed', 'value': 0.828172155594657}",2855378549,3.39833,3.39833
3,2.96374090124762,0.740935225311906,"{'dist': 'fixed', 'value': 5.7972050891626}","{'dist': 'fixed', 'value': 0.828172155594657}",2855378550,2.96374090124762,0.740935225311906
4,5.7972050891626,0.828172155594657,"{'dist': 'fixed', 'value': 5.7972050891626}","{'dist': 'fixed', 'value': 0.828172155594657}",2855378551,5.7972050891626,0.828172155594657
5,2.22057,0.679177,"{'dist': 'fixed', 'value': 5.7972050891626}","{'dist': 'fixed', 'value': 0.828172155594657}",2855378552,2.22057,0.679177
6,4.1303,1.2633,"{'dist': 'fixed', 'value': 5.7972050891626}","{'dist': 'fixed', 'value': 0.828172155594657}",2855378553,4.1303,1.2633
7,"gamma (1.82635,10%*1.82635)","gamma (1.82635,10%*1.82635)","{'dist': 'fixed', 'value': 5.7972050891626}","{'dist': 'fixed', 'value': 0.828172155594657}",2855378554,1.8866529738037747,1.8866529738037747
8,"gamma (1.82635,30%*1.82635)","gamma (1.82635,30%*1.82635)","{'dist': 'fixed', 'value': 5.7972050891626}","{'dist': 'fixed', 'value': 0.828172155594657}",2855378555,2.0164885624136306,2.0164885624136306
9,"gamma (1.82635,50%*1.82635)","gamma (1.82635,50%*1.82635)","{'dist': 'fixed', 'value': 5.7972050891626}","{'dist': 'fixed', 'value': 0.828172155594657}",2855378556,1.2398791381897118,1.2398791381897118
10,"gamma (3.39833,10%*3.39833)","gamma (3.39833,10%*3.39833)","{'dist': 'fixed', 'value': 5.7972050891626}","{'dist': 'fixed', 'value': 0.828172155594657}",2855378557,2.8759464545933575,2.8759464545933575
11,"gamma (3.39833,30%*3.39833)","gamma (3.39833,30%*3.39833)","{'dist': 'fixed', 'value': 5.7972050891626}","{'dist': 'fixed', 'value': 0.828172155594657}",2855378558,3.615922856951662,3.615922856951662
12,"gamma (3.39833,50%*3.39833)","gamma (3.39833,50%*3.39833)","{'dist': 'fixed', 'value': 5.7972050891626}","{'dist': 'fixed', 'value': 0.828172155594657}",2855378559,2.3717185250375565,2.3717185250375565
13,"gamma (2.96374,10%*2.96374)","gamma (0.74093,10%*0.74093)","{'dist': 'fixed', 'value': 5.7972050891626}","{'dist': 'fixed', 'value': 0.828172155594657}",2855378560,3.0198773371012253,0.7549642395683865
14,"gamma (2.96374,30%*2.96374)","gamma (0.74093,30%*0.74093)","{'dist': 'fixed', 'value': 5.7972050891626}","{'dist': 'fixed', 'value': 0.828172155594657}",2855378561,2.175839039791874,0.5439560891822471
15,"gamma (2.96374,50%*2.96374)","gamma (0.74093,50%*0.74093)","{'dist': 'fixed', 'value': 5.7972050891626}","{'dist': 'fixed', 'value': 0.828172155594657}",2855378562,1.7162832550784815,0.4290679183009641
16,"gamma (5.79720,10%*5.79720)","gamma (0.82817,10%*0.82817)","{'dist': 'fixed', 'value': 5.7972050891626}","{'dist': 'fixed', 'value': 0.828172155594657}",2855378563,6.527417481480503,0.9324866031252517
17,"gamma (5.79720,30%*5.79720)","gamma (0.82817,30%*0.82817)","{'dist': 'fixed', 'value': 5.7972050891626}","{'dist': 'fixed', 'value': 0.828172155594657}",2855378564,5.161126934026129,0.737302575890502
18,"gamma (5.79720,50%*5.79720)","gamma (0.82817,50%*0.82817)","{'dist': 'fixed', 'value': 5.7972050891626}","{'dist': 'fixed', 'value': 0.828172155594657}",2855378565,6.150221079588763,0.8786014958053933
19,"gamma (2.22057,10%*2.22057)","gamma (0.679177,10%*0.679177)","{'dist': 'fixed', 'value': 5.7972050891626}","{'dist': 'fixed', 'value': 0.828172155594657}",2855378566,2.2113836452473,0.6763672885917243
20,"gamma (2.22057,30%*2.22057)","gamma (0.679177,30%*0.679177)","{'dist': 'fixed', 'value': 5.7972050891626}","{'dist': 'fixed', 'value': 0.828172155594657}",2855378567,2.0967037121292744,0.6412916220127374
21,"gamma (2.22057,50%*2.22057)","gamma (0.679177,50%*0.679177)","{'dist': 'fixed', 'value': 5.7972050891626}","{'dist': 'fixed', 'value': 0.828172155594657}",2855378568,0.9999654723624155,0.30584649419864646
22,"gamma (4.1303,10%*4.1303)","gamma (1.2633,10%*1.2633)","{'dist': 'fixed', 'value': 5.7972050891626}","{'dist': 'fixed', 'value': 0.828172155594657}",2855378569,4.3081395644735085,1.317694286564991
23,"gamma (4.1303,30%*4.1303)","gamma (1.2633,30%*1.2633)","{'dist': 'fixed', 'value': 5.7972050891626}","{'dist': 'fixed', 'value': 0.828172155594657}",2855378570,3.748153334589586,1.1464160248860915
24,"gamma (4.1303,50%*4.1303)","gamma (1.2633,50%*1.2633)","{'dist': 'fixed', 'value': 5.7972050891626}","{'dist': 'fixed', 'value': 0.828172155594657}",2855378571,9.291146590709273,2.8418045875706426
25,nan,nan,"{'dist': 'fixed', 'value': 5.7972050891626}","{'dist': 'fixed', 'value': 0.828172155594657}",2855378572,5.7972050891626,0.828172155594657
26,nan,nan,"{'dist': 'fixed', 'value': 5.7972050891626}","{'dist': 'fixed', 'value': 0.828172155594657}",2855378573,5.7972050891626,0.828172155594657
27,nan,nan,"{'dist': 'fixed', 'value': 5.7972050891626}","{'dist': 'fixed', 'value': 0.828172155594657}",2855378574,5.7972050891626,0.828172155594657
28,nan,nan,"{'dist': 'fixed', 'value': 5.7972050891626}","{'dist': 'fixed', 'value': 0.828172155594657}",2855378575,5.7972050891626,0.828172155594657
29,nan,nan,"{'dist': 'fixed', 'value': 5.7972050891626}","{'dist': 'fixed', 'value': 0.828172155594657}",2855378576,5.7972050891626,0.828172155594657
30,nan,nan,"{'dist': 'fixed', 'value': 5.7972050891626}","{'dist': 'fixed', 'value': 0.828172155594657}",2855378577,5.7972050891626,0.828172155594657
31,nan,nan,"{'dist': 'fixed', 'value': 5.7972050891626}","{'dist': 'fixed', 'value': 0.828172155594657}",2855378578,5.7972050891626,0.828172155594657
32,nan,nan,"{'dist': 'fixed', 'value': 5.7972050891626}","{'dist': 'fixed', 'value': 0.828172155594657}",2855378579,5.7972050891626,0.828172155594657
33,nan,nan,"{'dist': 'fixed', 'value': 5.7972050891626}","{'dist': 'fixed', 'value': 0.828172155594657}",2855378580,5.7972050891626,0.828172155594657
34,nan,nan,"{'dist': 'fixed', 'value': 5.7972050891626}","{'dist': 'fixed', 'value': 0.828172155594657}",2855378581,5.7972050891626,0.828172155594657
35,nan,nan,"{'dist': 'fixed', 'value': 5.7972050891626}","{'dist': 'fixed', 'value': 0.828172155594657}",2855378582,5.7972050891626,0.828172155594657
36,nan,nan,"{'dist': 'fixed', 'value': 5.7972050891626}","{'dist': 'fixed', 'value': 0.828172155594657}",2855378583,5.7972050891626,0.828172155594657
37,nan,nan,"{'dist': 'fixed', 'value': 5.7972050891626}","{'dist': 'fixed', 'value': 0.828172155594657}",2855378584,5.7972050891626,0.828172155594657
38,nan,nan,"{'dist': 'fixed', 'value': 5.7972050891626}","{'dist': 'fixed', 'value': 0.828172155594657}",2855378585,5.7972050891626,0.828172155594657
39,nan,nan,"{'dist': 'fixed', 'value': 5.7972050891626}","{'dist': 'fixed', 'value': 0.828172155594657}",2855378586,5.7972050891626,0.828172155594657
40,nan,nan,"{'dist': 'fixed', 'value': 5.7972050891626}","{'dist': 'fixed', 'value': 0.828172155594657}",2855378587,5.7972050891626,0.828172155594657
41,nan,nan,"{'dist': 'fixed', 'value': 5.7972050891626}","{'dist': 'fixed', 'value': 0.828172155594657}",2855378588,5.7972050891626,0.828172155594657
42,nan,nan,"{'dist': 'fixed', 'value': 5.7972050891626}","{'dist': 'fixed', 'value': 0.828172155594657}",2855378589,5.7972050891626,0.828172155594657
43,nan,nan,"{'dist': 'fixed', 'value': 5.7972050891626}","{'dist': 'fixed', 'value': 0.828172155594657}",2855378590,5.7972050891626,0.828172155594657
44,nan,nan,"{'dist': 'fixed', 'value': 5.7972050891626}","{'dist': 'fixed', 'value': 0.828172155594657}",2855378591,5.7972050891626,0.828172155594657
45,nan,nan,"{'dist': 'fixed', 'value': 5.7972050891626}","{'dist': 'fixed', 'value': 0.828172155594657}",2855378592,5.7972050891626,0.828172155594657
46,nan,nan,"{'dist': 'fixed', 'value': 5.7972050891626}","{'dist': 'fixed', 'value': 0.828172155594657}",2855378593,5.7972050891626,0.828172155594657
47,nan,nan,"{'dist': 'fixed', 'value': 5.7972050891626}","{'dist': 'fixed', 'value': 0.828172155594657}",2855378594,5.7972050891626,0.828172155594657
48,nan,nan,"{'dist': 'fixed', 'value': 5.7972050891626}","{'dist': 'fixed', 'value': 0.828172155594657}",2855378595,5.7972050891626,0.828172155594657
49,nan,nan,"{'dist': 'fixed', 'value': 5.7972050891626}","{'dist': 'fixed', 'value': 0.828172155594657}",2855378596,5.7972050891626,0.828172155594657
50,nan,nan,"{'dist': 'fixed', 'value': 5.7972050891626}","{'dist': 'fixed', 'value': 0.828172155594657}",2855378597,5.7972050891626,0.828172155594657
51,nan,nan,"{'dist': 'fixed', 'value': 5.7972050891626}","{'dist': 'fixed', 'value': 0.828172155594657}",2855378598,5.7972050891626,0.828172155594657
52,nan,nan,"{'dist': 'fixed', 'value': 5.7972050891626}","{'dist': 'fixed', 'value': 0.828172155594657}",2855378599,5.7972050891626,0.828172155594657
53,nan,nan,"{'dist': 'fixed', 'value': 5.7972050891626}","{'dist': 'fixed', 'value': 0.828172155594657}",2855378600,5.7972050891626,0.828172155594657
54,nan,nan,"{'dist': 'fixed', 'value': 5.7972050891626}","{'dist': 'fixed', 'value': 0.828172155594657}",2855378601,5.7972050891626,0.828172155594657
55,nan,nan,"{'dist': 'fixed', 'value': 5.7972050891626}","{'dist': 'fixed', 'value': 0.828172155594657}",2855378602,5.7972050891626,0.828172155594657
56,nan,nan,"{'dist': 'fixed', 'value': 5.7972050891626}","{'dist': 'fixed', 'value': 0.828172155594657}",2855378603,5.7972050891626,0.828172155594657
57,nan,nan,"{'dist': 'fixed', 'value': 5.7972050891626}","{'dist': 'fixed', 'value': 0.828172155594657}",2855378604,5.7972050891626,0.828172155594657
58,nan,nan,"{'dist': 'fixed', 'value': 5.7972050891626}","{'dist': 'fixed', 'value': 0.828172155594657}",2855378605,5.7972050891626,0.828172155594657
59,nan,nan,"{'dist': 'fixed', 'value': 5.7972050891626}","{'dist': 'fixed', 'value': 0.828172155594657}",2855378606,5.7972050891626,0.828172155594657
60,nan,nan,"{'dist': 'fixed', 'value': 5.7972050891626}","{'dist': 'fixed', 'value': 0.828172155594657}",2855378607,5.7972050891626,0.828172155594657
61,nan,nan,"{'dist': 'fixed', 'value': 5.7972050891626}","{'dist': 'fixed', 'value': 0.828172155594657}",2855378608,5.7972050891626,0.828172155594657
62,nan,nan,"{'dist': 'fixed', 'value': 5.7972050891626}","{'dist': 'fixed', 'value': 0.828172155594657}",2855378609,5.7972050891626,0.828172155594657
63,nan,nan,"{'dist': 'fixed', 'value': 5.7972050891626}","{'dist': 'fixed', 'value': 0.828172155594657}",2855378610,5.7972050891626,0.828172155594657
64,nan,nan,"{'dist': 'fixed', 'value': 5.7972050891626}","{'dist': 'fixed', 'value': 0.828172155594657}",2855378611,5.7972050891626,0.828172155594657
65,nan,nan,"{'dist': 'fixed', 'value': 5.7972050891626}","{'dist': 'fixed', 'value': 0.828172155594657}",2855378612,5.7972050891626,0.828172155594657
66,nan,nan,"{'dist': 'fixed', 'value': 5.7972050891626}","{'dist': 'fixed', 'value': 0.828172155594657}",2855378613,5.7972050891626,0.828172155594657
67,nan,nan,"{'dist': 'fixed', 'value': 5.7972050891626}","{'dist': 'fixed', 'value': 0.828172155594657}",2855378614,5.7972050891626,0.828172155594657
68,nan,nan,"{'dist': 'fixed', 'value': 5.7972050891626}","{'dist': 'fixed', 'value': 0.828172155594657}",2855378615,5.7972050891626,0.828172155594657
69,nan,nan,"{'dist': 'fixed', 'value': 5.7972050891626}","{'dist': 'fixed', 'value': 0.828172155594657}",2855378616,5.7972050891626,0.828172155594657
70,nan,nan,"{'dist': 'fixed', 'value': 5.7972050891626}","{'dist': 'fixed', 'value': 0.828172155594657}",2855378617,5.7972050891626,0.828172155594657
71,nan,nan,"{'dist': 'fixed', 'value': 5.7972050891626}","{'dist': 'fixed', 'value': 0.828172155594657}",2855378618,5.7972050891626,0.828172155594657
72,nan,nan,"{'dist': 'fixed', 'value': 5.7972050891626}","{'dist': 'fixed', 'value': 0.828172155594657}",2855378619,5.7972050891626,0.828172155594657
73,nan,nan,"{'dist': 'fixed', 'value': 5.7972050891626}","{'dist': 'fixed', 'value': 0.828172155594657}",2855378620,5.7972050891626,0.828172155594657
74,nan,nan,"{'dist': 'fixed', 'value': 5.7972050891626}","{'dist': 'fixed', 'value': 0.828172155594657}",2855378621,5.7972050891626,0.828172155594657
75,nan,nan,"{'dist': 'fixed', 'value': 5.7972050891626}","{'dist': 'fixed', 'value': 0.828172155594657}",2855378622,5.7972050891626,0.828172155594657
76,nan,nan,"{'dist': 'fixed', 'value': 5.7972050891626}","{'dist': 'fixed', 'value': 0.828172155594657}",2855378623,5.7972050891626,0.828172155594657
77,nan,nan,"{'dist': 'fixed', 'value': 5.7972050891626}","{'dist': 'fixed', 'value': 0.828172155594657}",2855378624,5.7972050891626,0.828172155594657
78,nan,nan,"{'dist': 'fixed', 'value': 5.7972050891626}","{'dist': 'fixed', 'value': 0.828172155594657}",2855378625,5.7972050891626,0.828172155594657
79,nan,nan,"{'dist': 'fixed', 'value': 5.7972050891626}","{'dist': 'fixed', 'value': 0.828172155594657}",2855378626,5.7972050891626,0.828172155594657
80,nan,nan,"{'dist': 'fixed', 'value': 5.7972050891626}","{'dist': 'fixed', 'value': 0.828172155594657}",2855378627,5.7972050891626,0.828172155594657
81,nan,nan,"{'dist': 'fixed', 'value': 5.7972050891626}","{'dist': 'fixed', 'value': 0.828172155594657}",2855378628,5.7972050891626,0.828172155594657
82,nan,nan,"{'dist': 'fixed', 'value': 5.7972050891626}","{'dist': 'fixed', 'value': 0.828172155594657}",2855378629,5.7972050891626,0.828172155594657
83,nan,nan,"{'dist': 'fixed', 'value': 5.7972050891626}","{'dist': 'fixed', 'value': 0.828172155594657}",2855378630,5.7972050891626,0.828172155594657
84,nan,nan,"{'dist': 'fixed', 'value': 5.7972050891626}","{'dist': 'fixed', 'value': 0.828172155594657}",2855378631,5.7972050891626,0.828172155594657
85,nan,nan,"{'dist': 'fixed', 'value': 5.7972050891626}","{'dist': 'fixed', 'value': 0.828172155594657}",2855378632,5.7972050891626,0.828172155594657
86,nan,nan,"{'dist': 'fixed', 'value': 5.7972050891626}","{'dist': 'fixed', 'value': 0.828172155594657}",2855378633,5.7972050891626,0.828172155594657
87,nan,nan,"{'dist': 'fixed', 'value': 5.7972050891626}","{'dist': 'fixed', 'value': 0.828172155594657}",2855378634,5.7972050891626,0.828172155594657
88,nan,nan,"{'dist': 'fixed', 'value': 5.7972050891626}","{'dist': 'fixed', 'value': 0.828172155594657}",2855378635,5.7972050891626,0.828172155594657
89,nan,nan,"{'dist': 'fixed', 'value': 5.7972050891626}","{'dist': 'fixed', 'value': 0.828172155594657}",2855378636,5.7972050891626,0.828172155594657
90,nan,nan,"{'dist': 'fixed', 'value': 5.7972050891626}","{'dist': 'fixed', 'value': 0.828172155594657}",2855378637,5.7972050891626,0.828172155594657
91,nan,nan,"{'dist': 'fixed', 'value': 5.7972050891626}","{'dist': 'fixed', 'value': 0.828172155594657}",2855378638,5.7972050891626,0.828172155594657
92,nan,nan,"{'dist': 'fixed', 'value': 5.7972050891626}","{'dist': 'fixed', 'value': 0.828172155594657}",2855378639,5.7972050891626,0.828172155594657
93,nan,nan,"{'dist': 'fixed', 'value': 5.7972050891626}","{'dist': 'fixed', 'value': 0.828172155594657}",2855378640,5.7972050891626,0.828172155594657
94,nan,nan,"{'dist': 'fixed', 'value': 5.7972050891626}","{'dist': 'fixed', 'value': 0.828172155594657}",2855378641,5.7972050891626,0.828172155594657
95,nan,nan,"{'dist': 'fixed', 'value': 5.7972050891626}","{'dist': 'fixed', 'value': 0.828172155594657}",2855378642,5.7972050891626,0.828172155594657
96,nan,nan,"{'dist': 'fixed', 'value': 5.7972050891626}","{'dist': 'fixed', 'value': 0.828172155594657}",2855378643,5.7972050891626,0.828172155594657
97,nan,nan,"{'dist': 'fixed', 'value': 5.7972050891626}","{'dist': 'fixed', 'value': 0.828172155594657}",2855378644,5.7972050891626,0.828172155594657
98,nan,nan,"{'dist': 'fixed', 'value': 5.7972050891626}","{'dist': 'fixed', 'value': 0.828172155594657}",2855378645,5.7972050891626,0.828172155594657
99,nan,nan,"{'dist': 'fixed', 'value': 5.7972050891626}","{'dist': 'fixed', 'value': 0.828172155594657}",2855378646,5.7972050891626,0.828172155594657
100,nan,nan,"{'dist': 'fixed', 'value': 5.7972050891626}","{'dist': 'fixed', 'value': 0.828172155594657}",2855378647,5.7972050891626,0.828172155594657
101,nan,nan,"{'dist': 'fixed', 'value': 5.7972050891626}","{'dist': 'fixed', 'value': 0.828172155594657}",2855378648,5.7972050891626,0.828172155594657
102,nan,nan,"{'dist': 'fixed', 'value': 5.7972050891626}","{'dist': 'fixed', 'value': 0.828172155594657}",2855378649,5.7972050891626,0.828172155594657
103,nan,nan,"{'dist': 'fixed', 'value': 5.7972050891626}","{'dist': 'fixed', 'value': 0.828172155594657}",2855378650,5.7972050891626,0.828172155594657
104,nan,nan,"{'dist': 'fixed', 'value': 5.7972050891626}","{'dist': 'fixed', 'value': 0.828172155594657}",2855378651,5.7972050891626,0.828172155594657
105,nan,nan,"{'dist': 'fixed', 'value': 5.7972050891626}","{'dist': 'fixed', 'value': 0.828172155594657}",2855378652,5.7972050891626,0.828172155594657
106,nan,nan,"{'dist': 'fixed', 'value': 5.7972050891626}","{'dist': 'fixed', 'value': 0.828172155594657}",2855378653,5.7972050891626,0.828172155594657
107,nan,nan,"{'dist': 'fixed', 'value': 5.7972050891626}","{'dist': 'fixed', 'value': 0.828172155594657}",2855378654,5.7972050891626,0.828172155594657
108,nan,nan,"{'dist': 'fixed', 'value': 5.7972050891626}","{'dist': 'fixed', 'value': 0.828172155594657}",2855378655,5.7972050891626,0.828172155594657
109,nan,nan,"{'dist': 'fixed', 'value': 5.7972050891626}","{'dist': 'fixed', 'value': 0.828172155594657}",2855378656,5.7972050891626,0.828172155594657
110,nan,nan,"{'dist': 'fixed', 'value': 5.7972050891626}","{'dist': 'fixed', 'value': 0.828172155594657}",2855378657,5.7972050891626,0.828172155594657
111,nan,nan,"{'dist': 'fixed', 'value': 5.7972050891626}","{'dist': 'fixed', 'value': 0.828172155594657}",2855378658,5.7972050891626,0.828172155594657
112,nan,nan,"{'dist': 'fixed', 'value': 5.7972050891626}","{'dist': 'fixed', 'value': 0.828172155594657}",2855378659,5.7972050891626,0.828172155594657
113,nan,nan,"{'dist': 'fixed', 'value': 5.7972050891626}","{'dist': 'fixed', 'value': 0.828172155594657}",2855378660,5.7972050891626,0.828172155594657
114,nan,nan,"{'dist': 'fixed', 'value': 5.7972050891626}","{'dist': 'fixed', 'value': 0.828172155594657}",2855378661,5.7972050891626,0.828172155594657
115,nan,nan,"{'dist': 'fixed', 'value': 5.7972050891626}","{'dist': 'fixed', 'value': 0.828172155594657}",2855378662,5.7972050891626,0.828172155594657
116,nan,nan,"{'dist': 'fixed', 'value': 5.7972050891626}","{'dist': 'fixed', 'value': 0.828172155594657}",2855378663,5.7972050891626,0.828172155594657
117,nan,nan,"{'dist': 'fixed', 'value': 5.7972050891626}","{'dist': 'fixed', 'value': 0.828172155594657}",2855378664,5.7972050891626,0.828172155594657
118,nan,nan,"{'dist': 'fixed', 'value': 5.7972050891626}","{'dist': 'fixed', 'value': 0.828172155594657}",2855378665,5.7972050891626,0.828172155594657
119,nan,nan,"{'dist': 'fixed', 'value': 5.7972050891626}","{'dist': 'fixed', 'value': 0.828172155594657}",2855378666,5.7972050891626,0.828172155594657
120,nan,nan,"{'dist': 'fixed', 'value': 5.7972050891626}","{'dist': 'fixed', 'value': 0.828172155594657}",2855378667,5.7972050891626,0.828172155594657
121,nan,nan,"{'dist': 'fixed', 'value': 5.7972050891626}","{'dist': 'fixed', 'value': 0.828172155594657}",2855378668,5.7972050891626,0.828172155594657
122,nan,nan,"{'dist': 'fixed', 'value': 5.7972050891626}","{'dist': 'fixed', 'value': 0.828172155594657}",2855378669,5.7972050891626,0.828172155594657
123,nan,nan,"{'dist': 'fixed', 'value': 5.7972050891626}","{'dist': 'fixed', 'value': 0.828172155594657}",2855378670,5.7972050891626,0.828172155594657
124,nan,nan,"{'dist': 'fixed', 'value': 5.7972050891626}","{'dist': 'fixed', 'value': 0.828172155594657}",2855378671,5.7972050891626,0.828172155594657
125,nan,nan,"{'dist': 'fixed', 'value': 5.7972050891626}","{'dist': 'fixed', 'value': 0.828172155594657}",2855378672,5.7972050891626,0.828172155594657
126,nan,nan,"{'dist': 'fixed', 'value': 5.7972050891626}","{'dist': 'fixed', 'value': 0.828172155594657}",2855378673,5.7972050891626,0.828172155594657
127,nan,nan,"{'dist': 'fixed', 'value': 5.7972050891626}","{'dist': 'fixed', 'value': 0.828172155594657}",2855378674,5.7972050891626,0.828172155594657
128,nan,nan,"{'dist': 'fixed', 'value': 5.7972050891626}","{'dist': 'fixed', 'value': 0.828172155594657}",2855378675,5.7972050891626,0.828172155594657
129,nan,nan,"{'dist': 'fixed', 'value': 5.7972050891626}","{'dist': 'fixed', 'value': 0.828172155594657}",2855378676,5.7972050891626,0.828172155594657
130,nan,nan,"{'dist': 'fixed', 'value': 5.7972050891626}","{'dist': 'fixed', 'value': 0.828172155594657}",2855378677,5.7972050891626,0.828172155594657
131,nan,nan,"{'dist': 'fixed', 'value': 5.7972050891626}","{'dist': 'fixed', 'value': 0.828172155594657}",2855378678,5.7972050891626,0.828172155594657
132,nan,nan,"{'dist': 'fixed', 'value': 5.7972050891626}","{'dist': 'fixed', 'value': 0.828172155594657}",2855378679,5.7972050891626,0.828172155594657
133,nan,nan,"{'dist': 'fixed', 'value': 5.7972050891626}","{'dist': 'fixed', 'value': 0.828172155594657}",2855378680,5.7972050891626,0.828172155594657
134,nan,nan,"{'dist': 'fixed', 'value': 5.7972050891626}","{'dist': 'fixed', 'value': 0.828172155594657}",2855378681,5.7972050891626,0.828172155594657
135,nan,nan,"{'dist': 'fixed', 'value': 5.7972050891626}","{'dist': 'fixed', 'value': 0.828172155594657}",2855378682,5.7972050891626,0.828172155594657
136,nan,nan,"{'dist': 'fixed', 'value': 5.7972050891626}","{'dist': 'fixed', 'value': 0.828172155594657}",2855378683,5.7972050891626,0.828172155594657
137,nan,nan,"{'dist': 'fixed', 'value': 5.7972050891626}","{'dist': 'fixed', 'value': 0.828172155594657}",2855378684,5.7972050891626,0.828172155594657
138,nan,nan,"{'dist': 'fixed', 'value': 5.7972050891626}","{'dist': 'fixed', 'value': 0.828172155594657}",2855378685,5.7972050891626,0.828172155594657
139,nan,nan,"{'dist': 'fixed', 'value': 5.7972050891626}","{'dist': 'fixed', 'value': 0.828172155594657}",2855378686,5.7972050891626,0.828172155594657
140,nan,nan,"{'dist': 'fixed', 'value': 5.7972050891626}","{'dist': 'fixed', 'value': 0.828172155594657}",2855378687,5.7972050891626,0.828172155594657
141,nan,nan,"{'dist': 'fixed', 'value': 5.7972050891626}","{'dist': 'fixed', 'value': 0.828172155594657}",2855378688,5.7972050891626,0.828172155594657
142,nan,nan,"{'dist': 'fixed', 'value': 5.7972050891626}","{'dist': 'fixed', 'value': 0.828172155594657}",2855378689,5.7972050891626,0.828172155594657
143,nan,nan,"{'dist': 'fixed', 'value': 5.7972050891626}","{'dist': 'fixed', 'value': 0.828172155594657}",2855378690,5.7972050891626,0.828172155594657
144,nan,nan,"{'dist': 'fixed', 'value': 5.7972050891626}","{'dist': 'fixed', 'value': 0.828172155594657}",2855378691,5.7972050891626,0.828172155594657
145,nan,nan,"{'dist': 'fixed', 'value': 5.7972050891626}","{'dist': 'fixed', 'value': 0.828172155594657}",2855378692,5.7972050891626,0.828172155594657
146,nan,nan,"{'dist': 'fixed', 'value': 5.7972050891626}","{'dist': 'fixed', 'value': 0.828172155594657}",2855378693,5.7972050891626,0.828172155594657
147,nan,nan,"{'dist': 'fixed', 'value': 5.7972050891626}","{'dist': 'fixed', 'value': 0.828172155594657}",2855378694,5.7972050891626,0.828172155594657
148,nan,nan,"{'dist': 'fixed', 'value': 5.7972050891626}","{'dist': 'fixed', 'value': 0.828172155594657}",2855378695,5.7972050891626,0.828172155594657
149,nan,nan,"{'dist': 'fixed', 'value': 5.7972050891626}","{'dist': 'fixed', 'value': 0.828172155594657}",2855378696,5.7972050891626,0.828172155594657
150,nan,nan,"{'dist': 'fixed', 'value': 5.7972050891626}","{'dist': 'fixed', 'value': 0.828172155594657}",2855378697,5.7972050891626,0.828172155594657
151,nan,nan,"{'dist': 'fixed', 'value': 5.7972050891626}","{'dist': 'fixed', 'value': 0.828172155594657}",2855378698,5.7972050891626,0.828172155594657
152,nan,nan,"{'dist': 'fixed', 'value': 5.7972050891626}","{'dist': 'fixed', 'value': 0.828172155594657}",2855378699,5.7972050891626,0.828172155594657
153,nan,nan,"{'dist': 'fixed', 'value': 5.7972050891626}","{'dist': 'fixed', 'value': 0.828172155594657}",2855378700,5.7972050891626,0.828172155594657
154,nan,nan,"{'dist': 'fixed', 'value': 5.7972050891626}","{'dist': 'fixed', 'value': 0.828172155594657}",2855378701,5.7972050891626,0.828172155594657
155,nan,nan,"{'dist': 'fixed', 'value': 5.7972050891626}","{'dist': 'fixed', 'value': 0.828172155594657}",2855378702,5.7972050891626,0.828172155594657
156,nan,nan,"{'dist': 'fixed', 'value': 5.7972050891626}","{'dist': 'fixed', 'value': 0.828172155594657}",2855378703,5.7972050891626,0.828172155594657
157,nan,nan,"{'dist': 'fixed', 'value': 5.7972050891626}","{'dist': 'fixed', 'value': 0.828172155594657}",2855378704,5.7972050891626,0.828172155594657
158,nan,nan,"{'dist': 'fixed', 'value': 5.7972050891626}","{'dist': 'fixed', 'value': 0.828172155594657}",2855378705,5.7972050891626,0.828172155594657
159,nan,nan,"{'dist': 'fixed', 'value': 5.7972050891626}","{'dist': 'fixed', 'value': 0.828172155594657}",2855378706,5.7972050891626,0.828172155594657
160,nan,nan,"{'dist': 'fixed', 'value': 5.7972050891626}","{'dist': 'fixed', 'value': 0.828172155594657}",2855378707,5.7972050891626,0.828172155594657
161,nan,nan,"{'dist': 'fixed', 'value': 5.7972050891626}","{'dist': 'fixed', 'value': 0.828172155594657}",2855378708,5.7972050891626,0.828172155594657
162,nan,nan,"{'dist': 'fixed', 'value': 5.7972050891626}","{'dist': 'fixed', 'value': 0.828172155594657}",2855378709,5.7972050891626,0.828172155594657
163,nan,nan,"{'dist': 'fixed', 'value': 5.7972050891626}","{'dist': 'fixed', 'value': 0.828172155594657}",2855378710,5.7972050891626,0.828172155594657
164,nan,nan,"{'dist': 'fixed', 'value': 5.7972050891626}","{'dist': 'fixed', 'value': 0.828172155594657}",2855378711,5.7972050891626,0.828172155594657
165,nan,nan,"{'dist': 'fixed', 'value': 5.7972050891626}","{'dist': 'fixed', 'value': 0.828172155594657}",2855378712,5.7972050891626,0.828172155594657
166,nan,nan,"{'dist': 'fixed', 'value': 5.7972050891626}","{'dist': 'fixed', 'value': 0.828172155594657}",2855378713,5.7972050891626,0.828172155594657
167,nan,nan,"{'dist': 'fixed', 'value': 5.7972050891626}","{'dist': 'fixed', 'value': 0.828172155594657}",2855378714,5.7972050891626,0.828172155594657
168,nan,nan,"{'dist': 'fixed', 'value': 5.7972050891626}","{'dist': 'fixed', 'value': 0.828172155594657}",2855378715,5.7972050891626,0.828172155594657
169,nan,nan,"{'dist': 'fixed', 'value': 5.7972050891626}","{'dist': 'fixed', 'value': 0.828172155594657}",2855378716,5.7972050891626,0.828172155594657
170,nan,nan,"{'dist': 'fixed', 'value': 5.7972050891626}","{'dist': 'fixed', 'value': 0.828172155594657}",2855378717,5.7972050891626,0.828172155594657
171,nan,nan,"{'dist': 'fixed', 'value': 5.7972050891626}","{'dist': 'fixed', 'value': 0.828172155594657}",2855378718,5.7972050891626,0.828172155594657
172,nan,nan,"{'dist': 'fixed', 'value': 5.7972050891626}","{'dist': 'fixed', 'value': 0.828172155594657}",2855378719,5.7972050891626,0.828172155594657
173,nan,nan,"{'dist': 'fixed', 'value': 5.7972050891626}","{'dist': 'fixed', 'value': 0.828172155594657}",2855378720,5.7972050891626,0.828172155594657
174,nan,nan,"{'dist': 'fixed', 'value': 5.7972050891626}","{'dist': 'fixed', 'value': 0.828172155594657}",2855378721,5.7972050891626,0.828172155594657
175,nan,nan,"{'dist': 'fixed', 'value': 5.7972050891626}","{'dist': 'fixed', 'value': 0.828172155594657}",2855378722,5.7972050891626,0.828172155594657
176,nan,nan,"{'dist': 'fixed', 'value': 5.7972050891626}","{'dist': 'fixed', 'value': 0.828172155594657}",2855378723,5.7972050891626,0.828172155594657
177,nan,nan,"{'dist': 'fixed', 'value': 5.7972050891626}","{'dist': 'fixed', 'value': 0.828172155594657}",2855378724,5.7972050891626,0.828172155594657
178,nan,nan,"{'dist': 'fixed', 'value': 5.7972050891626}","{'dist': 'fixed', 'value': 0.828172155594657}",2855378725,5.7972050891626,0.828172155594657
179,nan,nan,"{'dist': 'fixed', 'value': 5.7972050891626}","{'dist': 'fixed', 'value': 0.828172155594657}",2855378726,5.7972050891626,0.828172155594657
180,nan,nan,"{'dist': 'fixed', 'value': 5.7972050891626}","{'dist': 'fixed', 'value': 0.828172155594657}",2855378727,5.7972050891626,0.828172155594657
181,nan,nan,"{'dist': 'fixed', 'value': 5.7972050891626}","{'dist': 'fixed', 'value': 0.828172155594657}",2855378728,5.7972050891626,0.828172155594657
182,nan,nan,"{'dist': 'fixed', 'value': 5.7972050891626}","{'dist': 'fixed', 'value': 0.828172155594657}",2855378729,5.7972050891626,0.828172155594657
183,nan,nan,"{'dist': 'fixed', 'value': 5.7972050891626}","{'dist': 'fixed', 'value': 0.828172155594657}",2855378730,5.7972050891626,0.828172155594657
184,nan,nan,"{'dist': 'fixed', 'value': 5.7972050891626}","{'dist': 'fixed', 'value': 0.828172155594657}",2855378731,5.7972050891626,0.828172155594657
185,nan,nan,"{'dist': 'fixed', 'value': 5.7972050891626}","{'dist': 'fixed', 'value': 0.828172155594657}",2855378732,5.7972050891626,0.828172155594657
186,nan,nan,"{'dist': 'fixed', 'value': 5.7972050891626}","{'dist': 'fixed', 'value': 0.828172155594657}",2855378733,5.7972050891626,0.828172155594657
187,nan,nan,"{'dist': 'fixed', 'value': 5.7972050891626}","{'dist': 'fixed', 'value': 0.828172155594657}",2855378734,5.7972050891626,0.828172155594657
188,nan,nan,"{'dist': 'fixed', 'value': 5.7972050891626}","{'dist': 'fixed', 'value': 0.828172155594657}",2855378735,5.7972050891626,0.828172155594657
189,nan,nan,"{'dist': 'fixed', 'value': 5.7972050891626}","{'dist': 'fixed', 'value': 0.828172155594657}",2855378736,5.7972050891626,0.828172155594657
190,nan,nan,"{'dist': 'fixed', 'value': 5.7972050891626}","{'dist': 'fixed', 'value': 0.828172155594657}",2855378737,5.7972050891626,0.828172155594657
191,nan,nan,"{'dist': 'fixed', 'value': 5.7972050891626}","{'dist': 'fixed', 'value': 0.828172155594657}",2855378738,5.7972050891626,0.828172155594657
192,nan,nan,"{'dist': 'fixed', 'value': 5.7972050891626}","{'dist': 'fixed', 'value': 0.828172155594657}",2855378739,5.7972050891626,0.828172155594657
193,nan,nan,"{'dist': 'fixed', 'value': 5.7972050891626}","{'dist': 'fixed', 'value': 0.828172155594657}",2855378740,5.7972050891626,0.828172155594657
194,nan,nan,"{'dist': 'fixed', 'value': 5.7972050891626}","{'dist': 'fixed', 'value': 0.828172155594657}",2855378741,5.7972050891626,0.828172155594657
195,nan,nan,"{'dist': 'fixed', 'value': 5.7972050891626}","{'dist': 'fixed', 'value': 0.828172155594657}",2855378742,5.7972050891626,0.828172155594657
196,nan,nan,"{'dist': 'fixed', 'value': 5.7972050891626}","{'dist': 'fixed', 'value': 0.828172155594657}",2855378743,5.7972050891626,0.828172155594657
197,nan,nan,"{'dist': 'fixed', 'value': 5.7972050891626}","{'dist': 'fixed', 'value': 0.828172155594657}",2855378744,5.7972050891626,0.828172155594657
198,nan,nan,"{'dist': 'fixed', 'value': 5.7972050891626}","{'dist': 'fixed', 'value': 0.828172155594657}",2855378745,5.7972050891626,0.828172155594657
199,nan,nan,"{'dist': 'fixed', 'value': 5.7972050891626}","{'dist': 'fixed', 'value': 0.828172155594657}",2855378746,5.7972050891626,0.828172155594657
200,nan,nan,"{'dist': 'fixed', 'value': 5.7972050891626}","{'dist': 'fixed', 'value': 0.828172155594657}",2855378747,5.7972050891626,0.828172155594657
201,nan,nan,"{'dist': 'fixed', 'value': 5.7972050891626}","{'dist': 'fixed', 'value': 0.828172155594657}",2855378748,5.7972050891626,0.828172155594657
202,nan,nan,"{'dist': 'fixed', 'value': 5.7972050891626}","{'dist': 'fixed', 'value': 0.828172155594657}",2855378749,5.7972050891626,0.828172155594657
203,nan,nan,"{'dist': 'fixed', 'value': 5.7972050891626}","{'dist': 'fixed', 'value': 0.828172155594657}",2855378750,5.7972050891626,0.828172155594657
204,nan,nan,"{'dist': 'fixed', 'value': 5.7972050891626}","{'dist': 'fixed', 'value': 0.828172155594657}",2855378751,5.7972050891626,0.828172155594657
205,nan,nan,"{'dist': 'fixed', 'value': 5.7972050891626}","{'dist': 'fixed', 'value': 0.828172155594657}",2855378752,5.7972050891626,0.828172155594657
206,nan,nan,"{'dist': 'fixed', 'value': 5.7972050891626}","{'dist': 'fixed', 'value': 0.828172155594657}",2855378753,5.7972050891626,0.828172155594657
207,nan,nan,"{'dist': 'fixed', 'value': 5.7972050891626}","{'dist': 'fixed', 'value': 0.828172155594657}",2855378754,5.7972050891626,0.828172155594657
208,nan,nan,"{'dist': 'fixed', 'value': 5.7972050891626}","{'dist': 'fixed', 'value': 0.828172155594657}",2855378755,5.7972050891626,0.828172155594657
209,nan,nan,"{'dist': 'fixed', 'value': 5.7972050891626}","{'dist': 'fixed', 'value': 0.828172155594657}",2855378756,5.7972050891626,0.828172155594657
210,nan,nan,"{'dist': 'fixed', 'value': 5.7972050891626}","{'dist': 'fixed', 'value': 0.828172155594657}",2855378757,5.7972050891626,0.828172155594657
211,nan,nan,"{'dist': 'fixed', 'value': 5.7972050891626}","{'dist': 'fixed', 'value': 0.828172155594657}",2855378758,5.7972050891626,0.828172155594657
212,nan,nan,"{'dist': 'fixed', 'value': 5.7972050891626}","{'dist': 'fixed', 'value': 0.828172155594657}",2855378759,5.7972050891626,0.828172155594657
213,nan,nan,"{'dist': 'fixed', 'value': 5.7972050891626}","{'dist': 'fixed', 'value': 0.828172155594657}",2855378760,5.7972050891626,0.828172155594657
214,nan,nan,"{'dist': 'fixed', 'value': 5.7972050891626}","{'dist': 'fixed', 'value': 0.828172155594657}",2855378761,5.7972050891626,0.828172155594657
215,nan,nan,"{'dist': 'fixed', 'value': 5.7972050891626}","{'dist': 'fixed', 'value': 0.828172155594657}",2855378762,5.7972050891626,0.828172155594657
216,nan,nan,"{'dist': 'fixed', 'value': 5.7972050891626}","{'dist': 'fixed', 'value': 0.828172155594657}",2855378763,5.7972050891626,0.828172155594657
217,nan,nan,"{'dist': 'fixed', 'value': 5.7972050891626}","{'dist': 'fixed', 'value': 0.828172155594657}",2855378764,5.7972050891626,0.828172155594657
218,nan,nan,"{'dist': 'fixed', 'value': 5.7972050891626}","{'dist': 'fixed', 'value': 0.828172155594657}",2855378765,5.7972050891626,0.828172155594657
219,nan,nan,"{'dist': 'fixed', 'value': 5.7972050891626}","{'dist': 'fixed', 'value': 0.828172155594657}",2855378766,5.7972050891626,0.828172155594657
220,nan,nan,"{'dist': 'fixed', 'value': 5.7972050891626}","{'dist': 'fixed', 'value': 0.828172155594657}",2855378767,5.7972050891626,0.828172155594657
221,nan,nan,"{'dist': 'fixed', 'value': 5.7972050891626}","{'dist': 'fixed', 'value': 0.828172155594657}",2855378768,5.7972050891626,0.828172155594657
222,nan,nan,"{'dist': 'fixed', 'value': 5.7972050891626}","{'dist': 'fixed', 'value': 0.828172155594657}",2855378769,5.7972050891626,0.828172155594657
223,nan,nan,"{'dist': 'fixed', 'value': 5.7972050891626}","{'dist': 'fixed', 'value': 0.828172155594657}",2855378770,5.7972050891626,0.828172155594657
224,nan,nan,"{'dist': 'fixed', 'value': 5.7972050891626}","{'dist': 'fixed', 'value': 0.828172155594657}",2855378771,5.7972050891626,0.828172155594657
225,nan,nan,"{'dist': 'fixed', 'value': 5.7972050891626}","{'dist': 'fixed', 'value': 0.828172155594657}",2855378772,5.7972050891626,0.828172155594657
226,nan,nan,"{'dist': 'fixed', 'value': 5.7972050891626}","{'dist': 'fixed', 'value': 0.828172155594657}",2855378773,5.7972050891626,0.828172155594657
227,nan,nan,"{'dist': 'fixed', 'value': 5.7972050891626}","{'dist': 'fixed', 'value': 0.828172155594657}",2855378774,5.7972050891626,0.828172155594657
228,nan,nan,"{'dist': 'fixed', 'value': 5.7972050891626}","{'dist': 'fixed', 'value': 0.828172155594657}",2855378775,5.7972050891626,0.828172155594657
229,nan,nan,"{'dist': 'fixed', 'value': 5.7972050891626}","{'dist': 'fixed', 'value': 0.828172155594657}",2855378776,5.7972050891626,0.828172155594657
230,nan,nan,"{'dist': 'fixed', 'value': 5.7972050891626}","{'dist': 'fixed', 'value': 0.828172155594657}",2855378777,5.7972050891626,0.828172155594657
231,nan,nan,"{'dist': 'fixed', 'value': 5.7972050891626}","{'dist': 'fixed', 'value': 0.828172155594657}",2855378778,5.7972050891626,0.828172155594657
232,nan,nan,"{'dist': 'fixed', 'value': 5.7972050891626}","{'dist': 'fixed', 'value': 0.828172155594657}",2855378779,5.7972050891626,0.828172155594657
233,nan,nan,"{'dist': 'fixed', 'value': 5.7972050891626}","{'dist': 'fixed', 'value': 0.828172155594657}",2855378780,5.7972050891626,0.828172155594657
234,nan,nan,"{'dist': 'fixed', 'value': 5.7972050891626}","{'dist': 'fixed', 'value': 0.828172155594657}",2855378781,5.7972050891626,0.828172155594657
235,nan,nan,"{'dist': 'fixed', 'value': 5.7972050891626}","{'dist': 'fixed', 'value': 0.828172155594657}",2855378782,5.7972050891626,0.828172155594657
236,nan,nan,"{'dist': 'fixed', 'value': 5.7972050891626}","{'dist': 'fixed', 'value': 0.828172155594657}",2855378783,5.7972050891626,0.828172155594657
237,nan,nan,"{'dist': 'fixed', 'value': 5.7972050891626}","{'dist': 'fixed', 'value': 0.828172155594657}",2855378784,5.7972050891626,0.828172155594657
238,nan,nan,"{'dist': 'fixed', 'value': 5.7972050891626}","{'dist': 'fixed', 'value': 0.828172155594657}",2855378785,5.7972050891626,0.828172155594657
239,nan,nan,"{'dist': 'fixed', 'value': 5.7972050891626}","{'dist': 'fixed', 'value': 0.828172155594657}",2855378786,5.7972050891626,0.828172155594657
240,nan,nan,"{'dist': 'fixed', 'value': 5.7972050891626}","{'dist': 'fixed', 'value': 0.828172155594657}",2855378787,5.7972050891626,0.828172155594657
241,nan,nan,"{'dist': 'fixed', 'value': 5.7972050891626}","{'dist': 'fixed', 'value': 0.828172155594657}",2855378788,5.7972050891626,0.828172155594657
242,nan,nan,"{'dist': 'fixed', 'value': 5.7972050891626}","{'dist': 'fixed', 'value': 0.828172155594657}",2855378789,5.7972050891626,0.828172155594657
243,nan,nan,"{'dist': 'fixed', 'value': 5.7972050891626}","{'dist': 'fixed', 'value': 0.828172155594657}",2855378790,5.7972050891626,0.828172155594657
244,nan,nan,"{'dist': 'fixed', 'value': 5.7972050891626}","{'dist': 'fixed', 'value': 0.828172155594657}",2855378791,5.7972050891626,0.828172155594657
245,nan,nan,"{'dist': 'fixed', 'value': 5.7972050891626}","{'dist': 'fixed', 'value': 0.828172155594657}",2855378792,5.7972050891626,0.828172155594657
246,nan,nan,"{'dist': 'fixed', 'value': 5.7972050891626}","{'dist': 'fixed', 'value': 0.828172155594657}",2855378793,5.7972050891626,0.828172155594657
247,nan,nan,"{'dist': 'fixed', 'value': 5.7972050891626}","{'dist': 'fixed', 'value': 0.828172155594657}",2855378794,5.7972050891626,0.828172155594657
248,nan,nan,"{'dist': 'fixed', 'value': 5.7972050891626}","{'dist': 'fixed', 'value': 0.828172155594657}",2855378795,5.7972050891626,0.828172155594657
249,nan,nan,"{'dist': 'fixed', 'value': 5.7972050891626}","{'dist': 'fixed', 'value': 0.828172155594657}",2855378796,5.7972050891626,0.828172155594657
250,nan,nan,"{'dist': 'fixed', 'value': 5.7972050891626}","{'dist': 'fixed', 'value': 0.828172155594657}",2855378797,5.7972050891626,0.828172155594657
251,nan,nan,"{'dist': 'fixed', 'value': 5.7972050891626}","{'dist': 'fixed', 'value': 0.828172155594657}",2855378798,5.7972050891626,0.828172155594657
252,nan,nan,"{'dist': 'fixed', 'value': 5.7972050891626}","{'dist': 'fixed', 'value': 0.828172155594657}",2855378799,5.7972050891626,0.828172155594657
253,nan,nan,"{'dist': 'fixed', 'value': 5.7972050891626}","{'dist': 'fixed', 'value': 0.828172155594657}",2855378800,5.7972050891626,0.828172155594657
254,nan,nan,"{'dist': 'fixed', 'value': 5.7972050891626}","{'dist': 'fixed', 'value': 0.828172155594657}",2855378801,5.7972050891626,0.828172155594657
255,nan,nan,"{'dist': 'fixed', 'value': 5.7972050891626}","{'dist': 'fixed', 'value': 0.828172155594657}",2855378802,5.7972050891626,0.828172155594657
256,nan,nan,"{'dist': 'fixed', 'value': 5.7972050891626}","{'dist': 'fixed', 'value': 0.828172155594657}",2855378803,5.7972050891626,0.828172155594657
257,nan,nan,"{'dist': 'fixed', 'value': 5.7972050891626}","{'dist': 'fixed', 'value': 0.828172155594657}",2855378804,5.7972050891626,0.828172155594657
258,nan,nan,"{'dist': 'fixed', 'value': 5.7972050891626}","{'dist': 'fixed', 'value': 0.828172155594657}",2855378805,5.7972050891626,0.828172155594657
259,nan,nan,"{'dist': 'fixed', 'value': 5.7972050891626}","{'dist': 'fixed', 'value': 0.828172155594657}",2855378806,5.7972050891626,0.828172155594657
260,nan,nan,"{'dist': 'fixed', 'value': 5.7972050891626}","{'dist': 'fixed', 'value': 0.828172155594657}",2855378807,5.7972050891626,0.828172155594657
261,nan,nan,"{'dist': 'fixed', 'value': 5.7972050891626}","{'dist': 'fixed', 'value': 0.828172155594657}",2855378808,5.7972050891626,0.828172155594657
262,nan,nan,"{'dist': 'fixed', 'value': 5.7972050891626}","{'dist': 'fixed', 'value': 0.828172155594657}",2855378809,5.7972050891626,0.828172155594657
263,nan,nan,"{'dist': 'fixed', 'value': 5.7972050891626}","{'dist': 'fixed', 'value': 0.828172155594657}",2855378810,5.7972050891626,0.828172155594657
264,nan,nan,"{'dist': 'fixed', 'value': 5.7972050891626}","{'dist': 'fixed', 'value': 0.828172155594657}",2855378811,5.7972050891626,0.828172155594657
265,nan,nan,"{'dist': 'fixed', 'value': 5.7972050891626}","{'dist': 'fixed', 'value': 0.828172155594657}",2855378812,5.7972050891626,0.828172155594657
266,nan,nan,"{'dist': 'fixed', 'value': 5.7972050891626}","{'dist': 'fixed', 'value': 0.828172155594657}",2855378813,5.7972050891626,0.828172155594657
267,nan,nan,"{'dist': 'fixed', 'value': 5.7972050891626}","{'dist': 'fixed', 'value': 0.828172155594657}",2855378814,5.7972050891626,0.828172155594657
268,nan,nan,"{'dist': 'fixed', 'value': 5.7972050891626}","{'dist': 'fixed', 'value': 0.828172155594657}",2855378815,5.7972050891626,0.828172155594657
269,nan,nan,"{'dist': 'fixed', 'value': 5.7972050891626}","{'dist': 'fixed', 'value': 0.828172155594657}",2855378816,5.7972050891626,0.828172155594657
270,nan,nan,"{'dist': 'fixed', 'value': 5.7972050891626}","{'dist': 'fixed', 'value': 0.828172155594657}",2855378817,5.7972050891626,0.828172155594657
271,nan,nan,"{'dist': 'fixed', 'value': 5.7972050891626}","{'dist': 'fixed', 'value': 0.828172155594657}",2855378818,5.7972050891626,0.828172155594657
272,nan,nan,"{'dist': 'fixed', 'value': 5.7972050891626}","{'dist': 'fixed', 'value': 0.828172155594657}",2855378819,5.7972050891626,0.828172155594657
273,nan,nan,"{'dist': 'fixed', 'value': 5.7972050891626}","{'dist': 'fixed', 'value': 0.828172155594657}",2855378820,5.7972050891626,0.828172155594657
274,nan,nan,"{'dist': 'fixed', 'value': 5.7972050891626}","{'dist': 'fixed', 'value': 0.828172155594657}",2855378821,5.7972050891626,0.828172155594657
275,nan,nan,"{'dist': 'fixed', 'value': 5.7972050891626}","{'dist': 'fixed', 'value': 0.828172155594657}",2855378822,5.7972050891626,0.828172155594657
276,nan,nan,"{'dist': 'fixed', 'value': 5.7972050891626}","{'dist': 'fixed', 'value': 0.828172155594657}",2855378823,5.7972050891626,0.828172155594657
277,nan,nan,"{'dist': 'fixed', 'value': 5.7972050891626}","{'dist': 'fixed', 'value': 0.828172155594657}",2855378824,5.7972050891626,0.828172155594657
278,nan,nan,"{'dist': 'fixed', 'value': 5.7972050891626}","{'dist': 'fixed', 'value': 0.828172155594657}",2855378825,5.7972050891626,0.828172155594657
279,nan,nan,"{'dist': 'fixed', 'value': 5.7972050891626}","{'dist': 'fixed', 'value': 0.828172155594657}",2855378826,5.7972050891626,0.828172155594657
280,nan,nan,"{'dist': 'fixed', 'value': 5.7972050891626}","{'dist': 'fixed', 'value': 0.828172155594657}",2855378827,5.7972050891626,0.828172155594657
281,nan,nan,"{'dist': 'fixed', 'value': 5.7972050891626}","{'dist': 'fixed', 'value': 0.828172155594657}",2855378828,5.7972050891626,0.828172155594657
282,nan,nan,"{'dist': 'fixed', 'value': 5.7972050891626}","{'dist': 'fixed', 'value': 0.828172155594657}",2855378829,5.7972050891626,0.828172155594657
283,nan,nan,"{'dist': 'fixed', 'value': 5.7972050891626}","{'dist': 'fixed', 'value': 0.828172155594657}",2855378830,5.7972050891626,0.828172155594657
284,nan,nan,"{'dist': 'fixed', 'value': 5.7972050891626}","{'dist': 'fixed', 'value': 0.828172155594657}",2855378831,5.7972050891626,0.828172155594657
285,nan,nan,"{'dist': 'fixed', 'value': 5.7972050891626}","{'dist': 'fixed', 'value': 0.828172155594657}",2855378832,5.7972050891626,0.828172155594657
286,nan,nan,"{'dist': 'fixed', 'value': 5.7972050891626}","{'dist': 'fixed', 'value': 0.828172155594657}",2855378833,5.7972050891626,0.828172155594657
287,nan,nan,"{'dist': 'fixed', 'value': 5.7972050891626}","{'dist': 'fixed', 'value': 0.828172155594657}",2855378834,5.7972050891626,0.828172155594657
288,nan,nan,"{'dist': 'fixed', 'value': 5.7972050891626}","{'dist': 'fixed', 'value': 0.828172155594657}",2855378835,5.7972050891626,0.828172155594657
289,nan,nan,"{'dist': 'fixed', 'value': 5.7972050891626}","{'dist': 'fixed', 'value': 0.828172155594657}",2855378836,5.7972050891626,0.828172155594657
290,nan,nan,"{'dist': 'fixed', 'value': 5.7972050891626}","{'dist': 'fixed', 'value': 0.828172155594657}",2855378837,5.7972050891626,0.828172155594657
291,nan,nan,"{'dist': 'fixed', 'value': 5.7972050891626}","{'dist': 'fixed', 'value': 0.828172155594657}",2855378838,5.7972050891626,0.828172155594657
292,nan,nan,"{'dist': 'fixed', 'value': 5.7972050891626}","{'dist': 'fixed', 'value': 0.828172155594657}",2855378839,5.7972050891626,0.828172155594657
293,nan,nan,"{'dist': 'fixed', 'value': 5.7972050891626}","{'dist': 'fixed', 'value': 0.828172155594657}",2855378840,5.7972050891626,0.828172155594657
294,nan,nan,"{'dist': 'fixed', 'value': 5.7972050891626}","{'dist': 'fixed', 'value': 0.828172155594657}",2855378841,5.7972050891626,0.828172155594657
295,nan,nan,"{'dist': 'fixed', 'value': 5.7972050891626}","{'dist': 'fixed', 'value': 0.828172155594657}",2855378842,5.7972050891626,0.828172155594657
296,nan,nan,"{'dist': 'fixed', 'value': 5.7972050891626}","{'dist': 'fixed', 'value': 0.828172155594657}",2855378843,5.7972050891626,0.828172155594657
297,nan,nan,"{'dist': 'fixed', 'value': 5.7972050891626}","{'dist': 'fixed', 'value': 0.828172155594657}",2855378844,5.7972050891626,0.828172155594657
298,nan,nan,"{'dist': 'fixed', 'value': 5.7972050891626}","{'dist': 'fixed', 'value': 0.828172155594657}",2855378845,5.7972050891626,0.828172155594657
299,nan,nan,"{'dist': 'fixed', 'value': 5.7972050891626}","{'dist': 'fixed', 'value': 0.828172155594657}",2855378846,5.7972050891626,0.828172155594657
300,nan,nan,"{'dist': 'fixed', 'value': 5.7972050891626}","{'dist': 'fixed', 'value': 0.828172155594657}",2855378847,5.7972050891626,0.828172155594657
301,nan,nan,"{'dist': 'fixed', 'value': 5.7972050891626}","{'dist': 'fixed', 'value': 0.828172155594657}",2855378848,5.7972050891626,0.828172155594657
302,nan,nan,"{'dist': 'fixed', 'value': 5.7972050891626}","{'dist': 'fixed', 'value': 0.828172155594657}",2855378849,5.7972050891626,0.828172155594657
303,nan,nan,"{'dist': 'fixed', 'value': 5.7972050891626}","{'dist': 'fixed', 'value': 0.828172155594657}",2855378850,5.7972050891626,0.828172155594657
304,nan,nan,"{'dist': 'fixed', 'value': 5.7972050891626}","{'dist': 'fixed', 'value': 0.828172155594657}",2855378851,5.7972050891626,0.828172155594657
305,nan,nan,"{'dist': 'fixed', 'value': 5.7972050891626}","{'dist': 'fixed', 'value': 0.828172155594657}",2855378852,5.7972050891626,0.828172155594657
306,nan,nan,"{'dist': 'fixed', 'value': 5.7972050891626}","{'dist': 'fixed', 'value': 0.828172155594657}",2855378853,5.7972050891626,0.828172155594657
307,nan,nan,"{'dist': 'fixed', 'value': 5.7972050891626}","{'dist': 'fixed', 'value': 0.828172155594657}",2855378854,5.7972050891626,0.828172155594657
308,nan,nan,"{'dist': 'fixed', 'value': 5.7972050891626}","{'dist': 'fixed', 'value': 0.828172155594657}",2855378855,5.7972050891626,0.828172155594657
309,nan,nan,"{'dist': 'fixed', 'value': 5.7972050891626}","{'dist': 'fixed', 'value': 0.828172155594657}",2855378856,5.7972050891626,0.828172155594657
310,nan,nan,"{'dist': 'fixed', 'value': 5.7972050891626}","{'dist': 'fixed', 'value': 0.828172155594657}",2855378857,5.7972050891626,0.828172155594657
311,nan,nan,"{'dist': 'fixed', 'value': 5.7972050891626}","{'dist': 'fixed', 'value': 0.828172155594657}",2855378858,5.7972050891626,0.828172155594657
312,nan,nan,"{'dist': 'fixed', 'value': 5.7972050891626}","{'dist': 'fixed', 'value': 0.828172155594657}",2855378859,5.7972050891626,0.828172155594657
313,nan,nan,"{'dist': 'fixed', 'value': 5.7972050891626}","{'dist': 'fixed', 'value': 0.828172155594657}",2855378860,5.7972050891626,0.828172155594657
314,nan,nan,"{'dist': 'fixed', 'value': 5.7972050891626}","{'dist': 'fixed', 'value': 0.828172155594657}",2855378861,5.7972050891626,0.828172155594657
315,nan,nan,"{'dist': 'fixed', 'value': 5.7972050891626}","{'dist': 'fixed', 'value': 0.828172155594657}",2855378862,5.7972050891626,0.828172155594657
316,nan,nan,"{'dist': 'fixed', 'value': 5.7972050891626}","{'dist': 'fixed', 'value': 0.828172155594657}",2855378863,5.7972050891626,0.828172155594657
317,nan,nan,"{'dist': 'fixed', 'value': 5.7972050891626}","{'dist': 'fixed', 'value': 0.828172155594657}",2855378864,5.7972050891626,0.828172155594657
318,nan,nan,"{'dist': 'fixed', 'value': 5.7972050891626}","{'dist': 'fixed', 'value': 0.828172155594657}",2855378865,5.7972050891626,0.828172155594657
319,nan,nan,"{'dist': 'fixed', 'value': 5.7972050891626}","{'dist': 'fixed', 'value': 0.828172155594657}",2855378866,5.7972050891626,0.828172155594657
320,nan,nan,"{'dist': 'fixed', 'value': 5.7972050891626}","{'dist': 'fixed', 'value': 0.828172155594657}",2855378867,5.7972050891626,0.828172155594657
321,nan,nan,"{'dist': 'fixed', 'value': 5.7972050891626}","{'dist': 'fixed', 'value': 0.828172155594657}",2855378868,5.7972050891626,0.828172155594657
322,nan,nan,"{'dist': 'fixed', 'value': 5.7972050891626}","{'dist': 'fixed', 'value': 0.828172155594657}",2855378869,5.7972050891626,0.828172155594657
323,nan,nan,"{'dist': 'fixed', 'value': 5.7972050891626}","{'dist': 'fixed', 'value': 0.828172155594657}",2855378870,5.7972050891626,0.828172155594657
324,nan,nan,"{'dist': 'fixed', 'value': 5.7972050891626}","{'dist': 'fixed', 'value': 0.828172155594657}",2855378871,5.7972050891626,0.828172155594657
325,nan,nan,"{'dist': 'fixed', 'value': 5.7972050891626}","{'dist': 'fixed', 'value': 0.828172155594657}",2855378872,5.7972050891626,0.828172155594657
326,nan,nan,"{'dist': 'fixed', 'value': 5.7972050891626}","{'dist': 'fixed', 'value': 0.828172155594657}",2855378873,5.7972050891626,0.828172155594657
327,nan,nan,"{'dist': 'fixed', 'value': 5.7972050891626}","{'dist': 'fixed', 'value': 0.828172155594657}",2855378874,5.7972050891626,0.828172155594657
328,nan,nan,"{'dist': 'fixed', 'value': 5.7972050891626}","{'dist': 'fixed', 'value': 0.828172155594657}",2855378875,5.7972050891626,0.828172155594657
329,nan,nan,"{'dist': 'fixed', 'value': 5.7972050891626}","{'dist': 'fixed', 'value': 0.828172155594657}",2855378876,5.7972050891626,0.828172155594657
330,nan,nan,"{'dist': 'fixed', 'value': 5.7972050891626}","{'dist': 'fixed', 'value': 0.828172155594657}",2855378877,5.7972050891626,0.828172155594657
331,nan,nan,"{'dist': 'fixed', 'value': 5.7972050891626}","{'dist': 'fixed', 'value': 0.828172155594657}",2855378878,5.7972050891626,0.828172155594657
332,nan,nan,"{'dist': 'fixed', 'value': 5.7972050891626}","{'dist': 'fixed', 'value': 0.828172155594657}",2855378879,5.7972050891626,0.828172155594657
333,nan,nan,"{'dist': 'fixed', 'value': 5.7972050891626}","{'dist': 'fixed', 'value': 0.828172155594657}",2855378880,5.7972050891626,0.828172155594657
334,nan,nan,"{'dist': 'fixed', 'value': 5.7972050891626}","{'dist': 'fixed', 'value': 0.828172155594657}",2855378881,5.7972050891626,0.828172155594657
335,nan,nan,"{'dist': 'fixed', 'value': 5.7972050891626}","{'dist': 'fixed', 'value': 0.828172155594657}",2855378882,5.7972050891626,0.828172155594657
336,nan,nan,"{'dist': 'fixed', 'value': 5.7972050891626}","{'dist': 'fixed', 'value': 0.828172155594657}",2855378883,5.7972050891626,0.828172155594657
337,nan,nan,"{'dist': 'fixed', 'value': 5.7972050891626}","{'dist': 'fixed', 'value': 0.828172155594657}",2855378884,5.7972050891626,0.828172155594657
338,nan,nan,"{'dist': 'fixed', 'value': 5.7972050891626}","{'dist': 'fixed', 'value': 0.828172155594657}",2855378885,5.7972050891626,0.828172155594657
339,nan,nan,"{'dist': 'fixed', 'value': 5.7972050891626}","{'dist': 'fixed', 'value': 0.828172155594657}",2855378886,5.7972050891626,0.828172155594657
340,nan,nan,"{'dist': 'fixed', 'value': 5.7972050891626}","{'dist': 'fixed', 'value': 0.828172155594657}",2855378887,5.7972050891626,0.828172155594657
341,nan,nan,"{'dist': 'fixed', 'value': 5.7972050891626}","{'dist': 'fixed', 'value': 0.828172155594657}",2855378888,5.7972050891626,0.828172155594657
342,nan,nan,"{'dist': 'fixed', 'value': 5.7972050891626}","{'dist': 'fixed', 'value': 0.828172155594657}",2855378889,5.7972050891626,0.828172155594657
343,nan,nan,"{'dist': 'fixed', 'value': 5.7972050891626}","{'dist': 'fixed', 'value': 0.828172155594657}",2855378890,5.7972050891626,0.828172155594657
344,nan,nan,"{'dist': 'fixed', 'value': 5.7972050891626}","{'dist': 'fixed', 'value': 0.828172155594657}",2855378891,5.7972050891626,0.828172155594657
345,nan,nan,"{'dist': 'fixed', 'value': 5.7972050891626}","{'dist': 'fixed', 'value': 0.828172155594657}",2855378892,5.7972050891626,0.828172155594657
346,nan,nan,"{'dist': 'fixed', 'value': 5.7972050891626}","{'dist': 'fixed', 'value': 0.828172155594657}",2855378893,5.7972050891626,0.828172155594657
347,nan,nan,"{'dist': 'fixed', 'value': 5.7972050891626}","{'dist': 'fixed', 'value': 0.828172155594657}",2855378894,5.7972050891626,0.828172155594657
348,nan,nan,"{'dist': 'fixed', 'value': 5.7972050891626}","{'dist': 'fixed', 'value': 0.828172155594657}",2855378895,5.7972050891626,0.828172155594657
349,nan,nan,"{'dist': 'fixed', 'value': 5.7972050891626}","{'dist': 'fixed', 'value': 0.828172155594657}",2855378896,5.7972050891626,0.828172155594657
350,nan,nan,"{'dist': 'fixed', 'value': 5.7972050891626}","{'dist': 'fixed', 'value': 0.828172155594657}",2855378897,5.7972050891626,0.828172155594657
351,nan,nan,"{'dist': 'fixed', 'value': 5.7972050891626}","{'dist': 'fixed', 'value': 0.828172155594657}",2855378898,5.7972050891626,0.828172155594657
352,nan,nan,"{'dist': 'fixed', 'value': 5.7972050891626}","{'dist': 'fixed', 'value': 0.828172155594657}",2855378899,5.7972050891626,0.828172155594657
353,nan,nan,"{'dist': 'fixed', 'value': 5.7972050891626}","{'dist': 'fixed', 'value': 0.828172155594657}",2855378900,5.7972050891626,0.828172155594657
354,nan,nan,"{'dist': 'fixed', 'value': 5.7972050891626}","{'dist': 'fixed', 'value': 0.828172155594657}",2855378901,5.7972050891626,0.828172155594657
355,nan,nan,"{'dist': 'fixed', 'value': 5.7972050891626}","{'dist': 'fixed', 'value': 0.828172155594657}",2855378902,5.7972050891626,0.828172155594657
356,nan,nan,"{'dist': 'fixed', 'value': 5.7972050891626}","{'dist': 'fixed', 'value': 0.828172155594657}",2855378903,5.7972050891626,0.828172155594657
357,nan,nan,"{'dist': 'fixed', 'value': 5.7972050891626}","{'dist': 'fixed', 'value': 0.828172155594657}",2855378904,5.7972050891626,0.828172155594657
358,nan,nan,"{'dist': 'fixed', 'value': 5.7972050891626}","{'dist': 'fixed', 'value': 0.828172155594657}",2855378905,5.7972050891626,0.828172155594657
359,nan,nan,"{'dist': 'fixed', 'value': 5.7972050891626}","{'dist': 'fixed', 'value': 0.828172155594657}",2855378906,5.7972050891626,0.828172155594657
360,nan,nan,"{'dist': 'fixed', 'value': 5.7972050891626}","{'dist': 'fixed', 'value': 0.828172155594657}",2855378907,5.7972050891626,0.828172155594657
361,nan,nan,"{'dist': 'fixed', 'value': 5.7972050891626}","{'dist': 'fixed', 'value': 0.828172155594657}",2855378908,5.7972050891626,0.828172155594657
362,nan,nan,"{'dist': 'fixed', 'value': 5.7972050891626}","{'dist': 'fixed', 'value': 0.828172155594657}",2855378909,5.7972050891626,0.828172155594657
363,nan,nan,"{'dist': 'fixed', 'value': 5.7972050891626}","{'dist': 'fixed', 'value': 0.828172155594657}",2855378910,5.7972050891626,0.828172155594657
364,nan,nan,"{'dist': 'fixed', 'value': 5.7972050891626}","{'dist': 'fixed', 'value': 0.828172155594657}",2855378911,5.7972050891626,0.828172155594657
365,nan,nan,"{'dist': 'fixed', 'value': 5.7972050891626}","{'dist': 'fixed', 'value': 0.828172155594657}",2855378912,5.7972050891626,0.828172155594657
366,nan,nan,"{'dist': 'fixed', 'value': 5.7972050891626}","{'dist': 'fixed', 'value': 0.828172155594657}",2855378913,5.7972050891626,0.828172155594657
367,nan,nan,"{'dist': 'fixed', 'value': 5.7972050891626}","{'dist': 'fixed', 'value': 0.828172155594657}",2855378914,5.7972050891626,0.828172155594657
368,nan,nan,"{'dist': 'fixed', 'value': 5.7972050891626}","{'dist': 'fixed', 'value': 0.828172155594657}",2855378915,5.7972050891626,0.828172155594657
369,nan,nan,"{'dist': 'fixed', 'value': 5.7972050891626}","{'dist': 'fixed', 'value': 0.828172155594657}",2855378916,5.7972050891626,0.828172155594657
370,nan,nan,"{'dist': 'fixed', 'value': 5.7972050891626}","{'dist': 'fixed', 'value': 0.828172155594657}",2855378917,5.7972050891626,0.828172155594657
371,nan,nan,"{'dist': 'fixed', 'value': 5.7972050891626}","{'dist': 'fixed', 'value': 0.828172155594657}",2855378918,5.7972050891626,0.828172155594657
372,nan,nan,"{'dist': 'fixed', 'value': 5.7972050891626}","{'dist': 'fixed', 'value': 0.828172155594657}",2855378919,5.7972050891626,0.828172155594657
373,nan,nan,"{'dist': 'fixed', 'value': 5.7972050891626}","{'dist': 'fixed', 'value': 0.828172155594657}",2855378920,5.7972050891626,0.828172155594657
374,nan,nan,"{'dist': 'fixed', 'value': 5.7972050891626}","{'dist': 'fixed', 'value': 0.828172155594657}",2855378921,5.7972050891626,0.828172155594657
375,nan,nan,"{'dist': 'fixed', 'value': 5.7972050891626}","{'dist': 'fixed', 'value': 0.828172155594657}",2855378922,5.7972050891626,0.828172155594657
376,nan,nan,"{'dist': 'fixed', 'value': 5.7972050891626}","{'dist': 'fixed', 'value': 0.828172155594657}",2855378923,5.7972050891626,0.828172155594657
377,nan,nan,"{'dist': 'fixed', 'value': 5.7972050891626}","{'dist': 'fixed', 'value': 0.828172155594657}",2855378924,5.7972050891626,0.828172155594657
378,nan,nan,"{'dist': 'fixed', 'value': 5.7972050891626}","{'dist': 'fixed', 'value': 0.828172155594657}",2855378925,5.7972050891626,0.828172155594657
379,nan,nan,"{'dist': 'fixed', 'value': 5.7972050891626}","{'dist': 'fixed', 'value': 0.828172155594657}",2855378926,5.7972050891626,0.828172155594657
380,nan,nan,"{'dist': 'fixed', 'value': 5.7972050891626}","{'dist': 'fixed', 'value': 0.828172155594657}",2855378927,5.7972050891626,0.828172155594657
381,nan,nan,"{'dist': 'fixed', 'value': 5.7972050891626}","{'dist': 'fixed', 'value': 0.828172155594657}",2855378928,5.7972050891626,0.828172155594657
382,nan,nan,"{'dist': 'fixed', 'value': 5.7972050891626}","{'dist': 'fixed', 'value': 0.828172155594657}",2855378929,5.7972050891626,0.828172155594657
383,nan,nan,"{'dist': 'fixed', 'value': 5.7972050891626}","{'dist': 'fixed', 'value': 0.828172155594657}",2855378930,5.7972050891626,0.828172155594657
384,nan,nan,"{'dist': 'fixed', 'value': 5.7972050891626}","{'dist': 'fixed', 'value': 0.828172155594657}",2855378931,5.7972050891626,0.828172155594657
385,nan,nan,"{'dist': 'fixed', 'value': 5.7972050891626}","{'dist': 'fixed', 'value': 0.828172155594657}",2855378932,5.7972050891626,0.828172155594657
386,nan,nan,"{'dist': 'fixed', 'value': 5.7972050891626}","{'dist': 'fixed', 'value': 0.828172155594657}",2855378933,5.7972050891626,0.828172155594657
387,nan,nan,"{'dist': 'fixed', 'value': 5.7972050891626}","{'dist': 'fixed', 'value': 0.828172155594657}",2855378934,5.7972050891626,0.828172155594657
388,nan,nan,"{'dist': 'fixed', 'value': 5.7972050891626}","{'dist': 'fixed', 'value': 0.828172155594657}",2855378935,5.7972050891626,0.828172155594657
389,nan,nan,"{'dist': 'fixed', 'value': 5.7972050891626}","{'dist': 'fixed', 'value': 0.828172155594657}",2855378936,5.7972050891626,0.828172155594657
390,nan,nan,"{'dist': 'fixed', 'value': 5.7972050891626}","{'dist': 'fixed', 'value': 0.828172155594657}",2855378937,5.7972050891626,0.828172155594657
391,nan,nan,"{'dist': 'fixed', 'value': 5.7972050891626}","{'dist': 'fixed', 'value': 0.828172155594657}",2855378938,5.7972050891626,0.828172155594657
392,nan,nan,"{'dist': 'fixed', 'value': 5.7972050891626}","{'dist': 'fixed', 'value': 0.828172155594657}",2855378939,5.7972050891626,0.828172155594657
393,nan,nan,"{'dist': 'fixed', 'value': 5.7972050891626}","{'dist': 'fixed', 'value': 0.828172155594657}",2855378940,5.7972050891626,0.828172155594657
394,nan,nan,"{'dist': 'fixed', 'value': 5.7972050891626}","{'dist': 'fixed', 'value': 0.828172155594657}",2855378941,5.7972050891626,0.828172155594657
395,nan,nan,"{'dist': 'fixed', 'value': 5.7972050891626}","{'dist': 'fixed', 'value': 0.828172155594657}",2855378942,5.7972050891626,0.828172155594657
396,nan,nan,"{'dist': 'fixed', 'value': 5.7972050891626}","{'dist': 'fixed', 'value': 0.828172155594657}",2855378943,5.7972050891626,0.828172155594657
397,nan,nan,"{'dist': 'fixed', 'value': 5.7972050891626}","{'dist': 'fixed', 'value': 0.828172155594657}",2855378944,5.7972050891626,0.828172155594657
398,nan,nan,"{'dist': 'fixed', 'value': 5.7972050891626}","{'dist': 'fixed', 'value': 0.828172155594657}",2855378945,5.7972050891626,0.828172155594657
399,nan,nan,"{'dist': 'fixed', 'value': 5.7972050891626}","{'dist': 'fixed', 'value': 0.828172155594657}",2855378946,5.7972050891626,0.828172155594657
400,nan,nan,"{'dist': 'fixed', 'value': 5.7972050891626}","{'dist': 'fixed', 'value': 0.828172155594657}",2855378947,5.7972050891626,0.828172155594657
401,nan,nan,"{'dist': 'fixed', 'value': 5.7972050891626}","{'dist': 'fixed', 'value': 0.828172155594657}",2855378948,5.7972050891626,0.828172155594657
402,nan,nan,"{'dist': 'fixed', 'value': 5.7972050891626}","{'dist': 'fixed', 'value': 0.828172155594657}",2855378949,5.7972050891626,0.828172155594657
403,nan,nan,"{'dist': 'fixed', 'value': 5.7972050891626}","{'dist': 'fixed', 'value': 0.828172155594657}",2855378950,5.7972050891626,0.828172155594657
404,nan,nan,"{'dist': 'fixed', 'value': 5.7972050891626}","{'dist': 'fixed', 'value': 0.828172155594657}",2855378951,5.7972050891626,0.828172155594657
405,nan,nan,"{'dist': 'fixed', 'value': 5.7972050891626}","{'dist': 'fixed', 'value': 0.828172155594657}",2855378952,5.7972050891626,0.828172155594657
406,nan,nan,"{'dist': 'fixed', 'value': 5.7972050891626}","{'dist': 'fixed', 'value': 0.828172155594657}",2855378953,5.7972050891626,0.828172155594657
407,nan,nan,"{'dist': 'fixed', 'value': 5.7972050891626}","{'dist': 'fixed', 'value': 0.828172155594657}",2855378954,5.7972050891626,0.828172155594657
408,nan,nan,"{'dist': 'fixed', 'value': 5.7972050891626}","{'dist': 'fixed', 'value': 0.828172155594657}",2855378955,5.7972050891626,0.828172155594657
409,nan,nan,"{'dist': 'fixed', 'value': 5.7972050891626}","{'dist': 'fixed', 'value': 0.828172155594657}",2855378956,5.7972050891626,0.828172155594657
410,nan,nan,"{'dist': 'fixed', 'value': 5.7972050891626}","{'dist': 'fixed', 'value': 0.828172155594657}",2855378957,5.7972050891626,0.828172155594657
411,nan,nan,"{'dist': 'fixed', 'value': 5.7972050891626}","{'dist': 'fixed', 'value': 0.828172155594657}",2855378958,5.7972050891626,0.828172155594657
412,nan,nan,"{'dist': 'fixed', 'value': 5.7972050891626}","{'dist': 'fixed', 'value': 0.828172155594657}",2855378959,5.7972050891626,0.828172155594657
413,nan,nan,"{'dist': 'fixed', 'value': 5.7972050891626}","{'dist': 'fixed', 'value': 0.828172155594657}",2855378960,5.7972050891626,0.828172155594657
414,nan,nan,"{'dist': 'fixed', 'value': 5.7972050891626}","{'dist': 'fixed', 'value': 0.828172155594657}",2855378961,5.7972050891626,0.828172155594657
415,nan,nan,"{'dist': 'fixed', 'value': 5.7972050891626}","{'dist': 'fixed', 'value': 0.828172155594657}",2855378962,5.7972050891626,0.828172155594657
416,nan,nan,"{'dist': 'fixed', 'value': 5.7972050891626}","{'dist': 'fixed', 'value': 0.828172155594657}",2855378963,5.7972050891626,0.828172155594657
417,nan,nan,"{'dist': 'fixed', 'value': 5.7972050891626}","{'dist': 'fixed', 'value': 0.828172155594657}",2855378964,5.7972050891626,0.828172155594657
418,nan,nan,"{'dist': 'fixed', 'value': 5.7972050891626}","{'dist': 'fixed', 'value': 0.828172155594657}",2855378965,5.7972050891626,0.828172155594657
419,nan,nan,"{'dist': 'fixed', 'value': 5.7972050891626}","{'dist': 'fixed', 'value': 0.828172155594657}",2855378966,5.7972050891626,0.828172155594657
420,nan,nan,"{'dist': 'fixed', 'value': 5.7972050891626}","{'dist': 'fixed', 'value': 0.828172155594657}",2855378967,5.7972050891626,0.828172155594657
421,nan,nan,"{'dist': 'fixed', 'value': 5.7972050891626}","{'dist': 'fixed', 'value': 0.828172155594657}",2855378968,5.7972050891626,0.828172155594657
422,nan,nan,"{'dist': 'fixed', 'value': 5.7972050891626}","{'dist': 'fixed', 'value': 0.828172155594657}",2855378969,5.7972050891626,0.828172155594657
423,nan,nan,"{'dist': 'fixed', 'value': 5.7972050891626}","{'dist': 'fixed', 'value': 0.828172155594657}",2855378970,5.7972050891626,0.828172155594657
424,nan,nan,"{'dist': 'fixed', 'value': 5.7972050891626}","{'dist': 'fixed', 'value': 0.828172155594657}",2855378971,5.7972050891626,0.828172155594657
425,nan,nan,"{'dist': 'fixed', 'value': 5.7972050891626}","{'dist': 'fixed', 'value': 0.828172155594657}",2855378972,5.7972050891626,0.828172155594657
426,nan,nan,"{'dist': 'fixed', 'value': 5.7972050891626}","{'dist': 'fixed', 'value': 0.828172155594657}",2855378973,5.7972050891626,0.828172155594657
427,nan,nan,"{'dist': 'fixed', 'value': 5.7972050891626}","{'dist': 'fixed', 'value': 0.828172155594657}",2855378974,5.7972050891626,0.828172155594657
428,nan,nan,"{'dist': 'fixed', 'value': 5.7972050891626}","{'dist': 'fixed', 'value': 0.828172155594657}",2855378975,5.7972050891626,0.828172155594657
429,nan,nan,"{'dist': 'fixed', 'value': 5.7972050891626}","{'dist': 'fixed', 'value': 0.828172155594657}",2855378976,5.7972050891626,0.828172155594657
430,nan,nan,"{'dist': 'fixed', 'value': 5.7972050891626}","{'dist': 'fixed', 'value': 0.828172155594657}",2855378977,5.7972050891626,0.828172155594657
431,nan,nan,"{'dist': 'fixed', 'value': 5.7972050891626}","{'dist': 'fixed', 'value': 0.828172155594657}",2855378978,5.7972050891626,0.828172155594657
432,nan,nan,"{'dist': 'fixed', 'value': 5.7972050891626}","{'dist': 'fixed', 'value': 0.828172155594657}",2855378979,5.7972050891626,0.828172155594657
433,nan,nan,"{'dist': 'fixed', 'value': 5.7972050891626}","{'dist': 'fixed', 'value': 0.828172155594657}",2855378980,5.7972050891626,0.828172155594657
434,nan,nan,"{'dist': 'fixed', 'value': 5.7972050891626}","{'dist': 'fixed', 'value': 0.828172155594657}",2855378981,5.7972050891626,0.828172155594657
435,nan,nan,"{'dist': 'fixed', 'value': 5.7972050891626}","{'dist': 'fixed', 'value': 0.828172155594657}",2855378982,5.7972050891626,0.828172155594657
436,nan,nan,"{'dist': 'fixed', 'value': 5.7972050891626}","{'dist': 'fixed', 'value': 0.828172155594657}",2855378983,5.7972050891626,0.828172155594657
437,nan,nan,"{'dist': 'fixed', 'value': 5.7972050891626}","{'dist': 'fixed', 'value': 0.828172155594657}",2855378984,5.7972050891626,0.828172155594657
438,nan,nan,"{'dist': 'fixed', 'value': 5.7972050891626}","{'dist': 'fixed', 'value': 0.828172155594657}",2855378985,5.7972050891626,0.828172155594657
439,nan,nan,"{'dist': 'fixed', 'value': 5.7972050891626}","{'dist': 'fixed', 'value': 0.828172155594657}",2855378986,5.7972050891626,0.828172155594657
440,nan,nan,"{'dist': 'fixed', 'value': 5.7972050891626}","{'dist': 'fixed', 'value': 0.828172155594657}",2855378987,5.7972050891626,0.828172155594657
441,nan,nan,"{'dist': 'fixed', 'value': 5.7972050891626}","{'dist': 'fixed', 'value': 0.828172155594657}",2855378988,5.7972050891626,0.828172155594657
442,nan,nan,"{'dist': 'fixed', 'value': 5.7972050891626}","{'dist': 'fixed', 'value': 0.828172155594657}",2855378989,5.7972050891626,0.828172155594657
443,nan,nan,"{'dist': 'fixed', 'value': 5.7972050891626}","{'dist': 'fixed', 'value': 0.828172155594657}",2855378990,5.7972050891626,0.828172155594657
444,nan,nan,"{'dist': 'fixed', 'value': 5.7972050891626}","{'dist': 'fixed', 'value': 0.828172155594657}",2855378991,5.7972050891626,0.828172155594657
445,nan,nan,"{'dist': 'fixed', 'value': 5.7972050891626}","{'dist': 'fixed', 'value': 0.828172155594657}",2855378992,5.7972050891626,0.828172155594657
446,nan,nan,"{'dist': 'fixed', 'value': 5.7972050891626}","{'dist': 'fixed', 'value': 0.828172155594657}",2855378993,5.7972050891626,0.828172155594657
447,nan,nan,"{'dist': 'fixed', 'value': 5.7972050891626}","{'dist': 'fixed', 'value': 0.828172155594657}",2855378994,5.7972050891626,0.828172155594657
448,nan,nan,"{'dist': 'fixed', 'value': 5.7972050891626}","{'dist': 'fixed', 'value': 0.828172155594657}",2855378995,5.7972050891626,0.828172155594657
449,nan,nan,"{'dist': 'fixed', 'value': 5.7972050891626}","{'dist': 'fixed', 'value': 0.828172155594657}",2855378996,5.7972050891626,0.828172155594657
450,nan,nan,"{'dist': 'fixed', 'value': 5.7972050891626}","{'dist': 'fixed', 'value': 0.828172155594657}",2855378997,5.7972050891626,0.828172155594657
451,nan,nan,"{'dist': 'fixed', 'value': 5.7972050891626}","{'dist': 'fixed', 'value': 0.828172155594657}",2855378998,5.7972050891626,0.828172155594657
452,nan,nan,"{'dist': 'fixed', 'value': 5.7972050891626}","{'dist': 'fixed', 'value': 0.828172155594657}",2855378999,5.7972050891626,0.828172155594657
453,nan,nan,"{'dist': 'fixed', 'value': 5.7972050891626}","{'dist': 'fixed', 'value': 0.828172155594657}",2855379000,5.7972050891626,0.828172155594657
454,nan,nan,"{'dist': 'fixed', 'value': 5.7972050891626}","{'dist': 'fixed', 'value': 0.828172155594657}",2855379001,5.7972050891626,0.828172155594657
455,nan,nan,"{'dist': 'fixed', 'value': 5.7972050891626}","{'dist': 'fixed', 'value': 0.828172155594657}",2855379002,5.7972050891626,0.828172155594657
456,nan,nan,"{'dist': 'fixed', 'value': 5.7972050891626}","{'dist': 'fixed', 'value': 0.828172155594657}",2855379003,5.7972050891626,0.828172155594657
457,nan,nan,"{'dist': 'fixed', 'value': 5.7972050891626}","{'dist': 'fixed', 'value': 0.828172155594657}",2855379004,5.7972050891626,0.828172155594657
458,nan,nan,"{'dist': 'fixed', 'value': 5.7972050891626}","{'dist': 'fixed', 'value': 0.828172155594657}",2855379005,5.7972050891626,0.828172155594657
459,nan,nan,"{'dist': 'fixed', 'value': 5.7972050891626}","{'dist': 'fixed', 'value': 0.828172155594657}",2855379006,5.7972050891626,0.828172155594657
460,nan,nan,"{'dist': 'fixed', 'value': 5.7972050891626}","{'dist': 'fixed', 'value': 0.828172155594657}",2855379007,5.7972050891626,0.828172155594657
461,nan,nan,"{'dist': 'fixed', 'value': 5.7972050891626}","{'dist': 'fixed', 'value': 0.828172155594657}",2855379008,5.7972050891626,0.828172155594657
462,nan,nan,"{'dist': 'fixed', 'value': 5.7972050891626}","{'dist': 'fixed', 'value': 0.828172155594657}",2855379009,5.7972050891626,0.828172155594657
463,nan,nan,"{'dist': 'fixed', 'value': 5.7972050891626}","{'dist': 'fixed', 'value': 0.828172155594657}",2855379010,5.7972050891626,0.828172155594657
464,nan,nan,"{'dist': 'fixed', 'value': 5.7972050891626}","{'dist': 'fixed', 'value': 0.828172155594657}",2855379011,5.7972050891626,0.828172155594657
465,nan,nan,"{'dist': 'fixed', 'value': 5.7972050891626}","{'dist': 'fixed', 'value': 0.828172155594657}",2855379012,5.7972050891626,0.828172155594657
466,nan,nan,"{'dist': 'fixed', 'value': 5.7972050891626}","{'dist': 'fixed', 'value': 0.828172155594657}",2855379013,5.7972050891626,0.828172155594657
467,nan,nan,"{'dist': 'fixed', 'value': 5.7972050891626}","{'dist': 'fixed', 'value': 0.828172155594657}",2855379014,5.7972050891626,0.828172155594657
468,nan,nan,"{'dist': 'fixed', 'value': 5.7972050891626}","{'dist': 'fixed', 'value': 0.828172155594657}",2855379015,5.7972050891626,0.828172155594657
469,nan,nan,"{'dist': 'fixed', 'value': 5.7972050891626}","{'dist': 'fixed', 'value': 0.828172155594657}",2855379016,5.7972050891626,0.828172155594657
470,nan,nan,"{'dist': 'fixed', 'value': 5.7972050891626}","{'dist': 'fixed', 'value': 0.828172155594657}",2855379017,5.7972050891626,0.828172155594657
471,nan,nan,"{'dist': 'fixed', 'value': 5.7972050891626}","{'dist': 'fixed', 'value': 0.828172155594657}",2855379018,5.7972050891626,0.828172155594657
472,nan,nan,"{'dist': 'fixed', 'value': 5.7972050891626}","{'dist': 'fixed', 'value': 0.828172155594657}",2855379019,5.7972050891626,0.828172155594657
473,nan,nan,"{'dist': 'fixed', 'value': 5.7972050891626}","{'dist': 'fixed', 'value': 0.828172155594657}",2855379020,5.7972050891626,0.828172155594657
474,nan,nan,"{'dist': 'fixed', 'value': 5.7972050891626}","{'dist': 'fixed', 'value': 0.828172155594657}",2855379021,5.7972050891626,0.828172155594657
475,nan,nan,"{'dist': 'fixed', 'value': 5.7972050891626}","{'dist': 'fixed', 'value': 0.828172155594657}",2855379022,5.7972050891626,0.828172155594657
476,nan,nan,"{'dist': 'fixed', 'value': 5.7972050891626}","{'dist': 'fixed', 'value': 0.828172155594657}",2855379023,5.7972050891626,0.828172155594657
477,nan,nan,"{'dist': 'fixed', 'value': 5.7972050891626}","{'dist': 'fixed', 'value': 0.828172155594657}",2855379024,5.7972050891626,0.828172155594657
478,nan,nan,"{'dist': 'fixed', 'value': 5.7972050891626}","{'dist': 'fixed', 'value': 0.828172155594657}",2855379025,5.7972050891626,0.828172155594657
479,nan,nan,"{'dist': 'fixed', 'value': 5.7972050891626}","{'dist': 'fixed', 'value': 0.828172155594657}",2855379026,5.7972050891626,0.828172155594657
480,nan,nan,"{'dist': 'fixed', 'value': 5.7972050891626}","{'dist': 'fixed', 'value': 0.828172155594657}",2855379027,5.7972050891626,0.828172155594657
481,nan,nan,"{'dist': 'fixed', 'value': 5.7972050891626}","{'dist': 'fixed', 'value': 0.828172155594657}",2855379028,5.7972050891626,0.828172155594657
482,nan,nan,"{'dist': 'fixed', 'value': 5.7972050891626}","{'dist': 'fixed', 'value': 0.828172155594657}",2855379029,5.7972050891626,0.828172155594657
483,nan,nan,"{'dist': 'fixed', 'value': 5.7972050891626}","{'dist': 'fixed', 'value': 0.828172155594657}",2855379030,5.7972050891626,0.828172155594657
484,nan,nan,"{'dist': 'fixed', 'value': 5.7972050891626}","{'dist': 'fixed', 'value': 0.828172155594657}",2855379031,5.7972050891626,0.828172155594657
485,nan,nan,"{'dist': 'fixed', 'value': 5.7972050891626}","{'dist': 'fixed', 'value': 0.828172155594657}",2855379032,5.7972050891626,0.828172155594657
486,nan,nan,"{'dist': 'fixed', 'value': 5.7972050891626}","{'dist': 'fixed', 'value': 0.828172155594657}",2855379033,5.7972050891626,0.828172155594657
487,nan,nan,"{'dist': 'fixed', 'value': 5.7972050891626}","{'dist': 'fixed', 'value': 0.828172155594657}",2855379034,5.7972050891626,0.828172155594657
488,nan,nan,"{'dist': 'fixed', 'value': 5.7972050891626}","{'dist': 'fixed', 'value': 0.828172155594657}",2855379035,5.7972050891626,0.828172155594657
489,nan,nan,"{'dist': 'fixed', 'value': 5.7972050891626}","{'dist': 'fixed', 'value': 0.828172155594657}",2855379036,5.7972050891626,0.828172155594657
490,nan,nan,"{'dist': 'fixed', 'value': 5.7972050891626}","{'dist': 'fixed', 'value': 0.828172155594657}",2855379037,5.7972050891626,0.828172155594657
491,nan,nan,"{'dist': 'fixed', 'value': 5.7972050891626}","{'dist': 'fixed', 'value': 0.828172155594657}",2855379038,5.7972050891626,0.828172155594657
492,nan,nan,"{'dist': 'fixed', 'value': 5.7972050891626}","{'dist': 'fixed', 'value': 0.828172155594657}",2855379039,5.7972050891626,0.828172155594657
493,nan,nan,"{'dist': 'fixed', 'value': 5.7972050891626}","{'dist': 'fixed', 'value': 0.828172155594657}",2855379040,5.7972050891626,0.828172155594657
494,nan,nan,"{'dist': 'fixed', 'value': 5.7972050891626}","{'dist': 'fixed', 'value': 0.828172155594657}",2855379041,5.7972050891626,0.828172155594657
495,nan,nan,"{'dist': 'fixed', 'value': 5.7972050891626}","{'dist': 'fixed', 'value': 0.828172155594657}",2855379042,5.7972050891626,0.828172155594657
496,nan,nan,"{'dist': 'fixed', 'value': 5.7972050891626}","{'dist': 'fixed', 'value': 0.828172155594657}",2855379043,5.7972050891626,0.828172155594657
497,nan,nan,"{'dist': 'fixed', 'value': 5.7972050891626}","{'dist': 'fixed', 'value': 0.828172155594657}",2855379044,5.7972050891626,0.828172155594657
498,nan,nan,"{'dist': 'fixed', 'value': 5.7972050891626}","{'dist': 'fixed', 'value': 0.828172155594657}",2855379045,5.7972050891626,0.828172155594657
499,nan,nan,"{'dist': 'fixed', 'value': 5.7972050891626}","{'dist': 'fixed', 'value': 0.828172155594657}",2855379046,5.7972050891626,0.828172155594657
500,nan,nan,"{'dist': 'fixed', 'value': 5.7972050891626}","{'dist': 'fixed', 'value': 0.828172155594657}",2855379047,5.7972050891626,0.828172155594657
501,nan,nan,"{'dist': 'fixed', 'value': 5.7972050891626}","{'dist': 'fixed', 'value': 0.828172155594657}",2855379048,5.7972050891626,0.828172155594657
502,nan,nan,"{'dist': 'fixed', 'value': 5.7972050891626}","{'dist': 'fixed', 'value': 0.828172155594657}",2855379049,5.7972050891626,0.828172155594657
503,nan,nan,"{'dist': 'fixed', 'value': 5.7972050891626}","{'dist': 'fixed', 'value': 0.828172155594657}",2855379050,5.7972050891626,0.828172155594657
504,nan,nan,"{'dist': 'fixed', 'value': 5.7972050891626}","{'dist': 'fixed', 'value': 0.828172155594657}",2855379051,5.7972050891626,0.828172155594657
505,nan,nan,"{'dist': 'fixed', 'value': 5.7972050891626}","{'dist': 'fixed', 'value': 0.828172155594657}",2855379052,5.7972050891626,0.828172155594657
506,nan,nan,"{'dist': 'fixed', 'value': 5.7972050891626}","{'dist': 'fixed', 'value': 0.828172155594657}",2855379053,5.7972050891626,0.828172155594657
507,nan,nan,"{'dist': 'fixed', 'value': 5.7972050891626}","{'dist': 'fixed', 'value': 0.828172155594657}",2855379054,5.7972050891626,0.828172155594657
508,nan,nan,"{'dist': 'fixed', 'value': 5.7972050891626}","{'dist': 'fixed', 'value': 0.828172155594657}",2855379055,5.7972050891626,0.828172155594657
509,nan,nan,"{'dist': 'fixed', 'value': 5.7972050891626}","{'dist': 'fixed', 'value': 0.828172155594657}",2855379056,5.7972050891626,0.828172155594657
510,nan,nan,"{'dist': 'fixed', 'value': 5.7972050891626}","{'dist': 'fixed', 'value': 0.828172155594657}",2855379057,5.7972050891626,0.828172155594657
511,nan,nan,"{'dist': 'fixed', 'value': 5.7972050891626}","{'dist': 'fixed', 'value': 0.828172155594657}",2855379058,5.7972050891626,0.828172155594657
512,nan,nan,"{'dist': 'fixed', 'value': 5.7972050891626}","{'dist': 'fixed', 'value': 0.828172155594657}",2855379059,5.7972050891626,0.828172155594657
513,nan,nan,"{'dist': 'fixed', 'value': 5.7972050891626}","{'dist': 'fixed', 'value': 0.828172155594657}",2855379060,5.7972050891626,0.828172155594657
514,nan,nan,"{'dist': 'fixed', 'value': 5.7972050891626}","{'dist': 'fixed', 'value': 0.828172155594657}",2855379061,5.7972050891626,0.828172155594657
515,nan,nan,"{'dist': 'fixed', 'value': 5.7972050891626}","{'dist': 'fixed', 'value': 0.828172155594657}",2855379062,5.7972050891626,0.828172155594657
516,nan,nan,"{'dist': 'fixed', 'value': 5.7972050891626}","{'dist': 'fixed', 'value': 0.828172155594657}",2855379063,5.7972050891626,0.828172155594657
517,nan,nan,"{'dist': 'fixed', 'value': 5.7972050891626}","{'dist': 'fixed', 'value': 0.828172155594657}",2855379064,5.7972050891626,0.828172155594657
518,nan,nan,"{'dist': 'fixed', 'value': 5.7972050891626}","{'dist': 'fixed', 'value': 0.828172155594657}",2855379065,5.7972050891626,0.828172155594657
519,nan,nan,"{'dist': 'fixed', 'value': 5.7972050891626}","{'dist': 'fixed', 'value': 0.828172155594657}",2855379066,5.7972050891626,0.828172155594657
520,nan,nan,"{'dist': 'fixed', 'value': 5.7972050891626}","{'dist': 'fixed', 'value': 0.828172155594657}",2855379067,5.7972050891626,0.828172155594657
521,nan,nan,"{'dist': 'fixed', 'value': 5.7972050891626}","{'dist': 'fixed', 'value': 0.828172155594657}",2855379068,5.7972050891626,0.828172155594657
522,nan,nan,"{'dist': 'fixed', 'value': 5.7972050891626}","{'dist': 'fixed', 'value': 0.828172155594657}",2855379069,5.7972050891626,0.828172155594657
523,nan,nan,"{'dist': 'fixed', 'value': 5.7972050891626}","{'dist': 'fixed', 'value': 0.828172155594657}",2855379070,5.7972050891626,0.828172155594657
524,nan,nan,"{'dist': 'fixed', 'value': 5.7972050891626}","{'dist': 'fixed', 'value': 0.828172155594657}",2855379071,5.7972050891626,0.828172155594657
525,nan,nan,"{'dist': 'fixed', 'value': 5.7972050891626}","{'dist': 'fixed', 'value': 0.828172155594657}",2855379072,5.7972050891626,0.828172155594657
526,nan,nan,"{'dist': 'fixed', 'value': 5.7972050891626}","{'dist': 'fixed', 'value': 0.828172155594657}",2855379073,5.7972050891626,0.828172155594657
527,nan,nan,"{'dist': 'fixed', 'value': 5.7972050891626}","{'dist': 'fixed', 'value': 0.828172155594657}",2855379074,5.7972050891626,0.828172155594657
528,nan,nan,"{'dist': 'fixed', 'value': 5.7972050891626}","{'dist': 'fixed', 'value': 0.828172155594657}",2855379075,5.7972050891626,0.828172155594657
529,nan,nan,"{'dist': 'fixed', 'value': 5.7972050891626}","{'dist': 'fixed', 'value': 0.828172155594657}",2855379076,5.7972050891626,0.828172155594657
530,nan,nan,"{'dist': 'fixed', 'value': 5.7972050891626}","{'dist': 'fixed', 'value': 0.828172155594657}",2855379077,5.7972050891626,0.828172155594657
531,nan,nan,"{'dist': 'fixed', 'value': 5.7972050891626}","{'dist': 'fixed', 'value': 0.828172155594657}",2855379078,5.7972050891626,0.828172155594657
532,nan,nan,"{'dist': 'fixed', 'value': 5.7972050891626}","{'dist': 'fixed', 'value': 0.828172155594657}",2855379079,5.7972050891626,0.828172155594657
533,nan,nan,"{'dist': 'fixed', 'value': 5.7972050891626}","{'dist': 'fixed', 'value': 0.828172155594657}",2855379080,5.7972050891626,0.828172155594657
534,nan,nan,"{'dist': 'fixed', 'value': 5.7972050891626}","{'dist': 'fixed', 'value': 0.828172155594657}",2855379081,5.7972050891626,0.828172155594657
535,nan,nan,"{'dist': 'fixed', 'value': 5.7972050891626}","{'dist': 'fixed', 'value': 0.828172155594657}",2855379082,5.7972050891626,0.828172155594657
536,nan,nan,"{'dist': 'fixed', 'value': 5.7972050891626}","{'dist': 'fixed', 'value': 0.828172155594657}",2855379083,5.7972050891626,0.828172155594657
537,nan,nan,"{'dist': 'fixed', 'value': 5.7972050891626}","{'dist': 'fixed', 'value': 0.828172155594657}",2855379084,5.7972050891626,0.828172155594657
538,nan,nan,"{'dist': 'fixed', 'value': 5.7972050891626}","{'dist': 'fixed', 'value': 0.828172155594657}",2855379085,5.7972050891626,0.828172155594657
539,nan,nan,"{'dist': 'fixed', 'value': 5.7972050891626}","{'dist': 'fixed', 'value': 0.828172155594657}",2855379086,5.7972050891626,0.828172155594657
540,nan,nan,"{'dist': 'fixed', 'value': 5.7972050891626}","{'dist': 'fixed', 'value': 0.828172155594657}",2855379087,5.7972050891626,0.828172155594657
541,nan,nan,"{'dist': 'fixed', 'value': 5.7972050891626}","{'dist': 'fixed', 'value': 0.828172155594657}",2855379088,5.7972050891626,0.828172155594657
542,nan,nan,"{'dist': 'fixed', 'value': 5.7972050891626}","{'dist': 'fixed', 'value': 0.828172155594657}",2855379089,5.7972050891626,0.828172155594657
543,nan,nan,"{'dist': 'fixed', 'value': 5.7972050891626}","{'dist': 'fixed', 'value': 0.828172155594657}",2855379090,5.7972050891626,0.828172155594657
544,nan,nan,"{'dist': 'fixed', 'value': 5.7972050891626}","{'dist': 'fixed', 'value': 0.828172155594657}",2855379091,5.7972050891626,0.828172155594657
545,nan,nan,"{'dist': 'fixed', 'value': 5.7972050891626}","{'dist': 'fixed', 'value': 0.828172155594657}",2855379092,5.7972050891626,0.828172155594657
546,nan,nan,"{'dist': 'fixed', 'value': 5.7972050891626}","{'dist': 'fixed', 'value': 0.828172155594657}",2855379093,5.7972050891626,0.828172155594657
547,nan,nan,"{'dist': 'fixed', 'value': 5.7972050891626}","{'dist': 'fixed', 'value': 0.828172155594657}",2855379094,5.7972050891626,0.828172155594657
548,nan,nan,"{'dist': 'fixed', 'value': 5.7972050891626}","{'dist': 'fixed', 'value': 0.828172155594657}",2855379095,5.7972050891626,0.828172155594657
549,nan,nan,"{'dist': 'fixed', 'value': 5.7972050891626}","{'dist': 'fixed', 'value': 0.828172155594657}",2855379096,5.7972050891626,0.828172155594657
550,nan,nan,"{'dist': 'fixed', 'value': 5.7972050891626}","{'dist': 'fixed', 'value': 0.828172155594657}",2855379097,5.7972050891626,0.828172155594657
551,nan,nan,"{'dist': 'fixed', 'value': 5.7972050891626}","{'dist': 'fixed', 'value': 0.828172155594657}",2855379098,5.7972050891626,0.828172155594657
552,nan,nan,"{'dist': 'fixed', 'value': 5.7972050891626}","{'dist': 'fixed', 'value': 0.828172155594657}",2855379099,5.7972050891626,0.828172155594657
553,nan,nan,"{'dist': 'fixed', 'value': 5.7972050891626}","{'dist': 'fixed', 'value': 0.828172155594657}",2855379100,5.7972050891626,0.828172155594657
554,nan,nan,"{'dist': 'fixed', 'value': 5.7972050891626}","{'dist': 'fixed', 'value': 0.828172155594657}",2855379101,5.7972050891626,0.828172155594657
555,nan,nan,"{'dist': 'fixed', 'value': 5.7972050891626}","{'dist': 'fixed', 'value': 0.828172155594657}",2855379102,5.7972050891626,0.828172155594657
556,nan,nan,"{'dist': 'fixed', 'value': 5.7972050891626}","{'dist': 'fixed', 'value': 0.828172155594657}",2855379103,5.7972050891626,0.828172155594657
557,nan,nan,"{'dist': 'fixed', 'value': 5.7972050891626}","{'dist': 'fixed', 'value': 0.828172155594657}",2855379104,5.7972050891626,0.828172155594657
558,nan,nan,"{'dist': 'fixed', 'value': 5.7972050891626}","{'dist': 'fixed', 'value': 0.828172155594657}",2855379105,5.7972050891626,0.828172155594657
559,nan,nan,"{'dist': 'fixed', 'value': 5.7972050891626}","{'dist': 'fixed', 'value': 0.828172155594657}",2855379106,5.7972050891626,0.828172155594657
560,nan,nan,"{'dist': 'fixed', 'value': 5.7972050891626}","{'dist': 'fixed', 'value': 0.828172155594657}",2855379107,5.7972050891626,0.828172155594657
561,nan,nan,"{'dist': 'fixed', 'value': 5.7972050891626}","{'dist': 'fixed', 'value': 0.828172155594657}",2855379108,5.7972050891626,0.828172155594657
562,nan,nan,"{'dist': 'fixed', 'value': 5.7972050891626}","{'dist': 'fixed', 'value': 0.828172155594657}",2855379109,5.7972050891626,0.828172155594657
563,nan,nan,"{'dist': 'fixed', 'value': 5.7972050891626}","{'dist': 'fixed', 'value': 0.828172155594657}",2855379110,5.7972050891626,0.828172155594657
564,nan,nan,"{'dist': 'fixed', 'value': 5.7972050891626}","{'dist': 'fixed', 'value': 0.828172155594657}",2855379111,5.7972050891626,0.828172155594657
565,nan,nan,"{'dist': 'fixed', 'value': 5.7972050891626}","{'dist': 'fixed', 'value': 0.828172155594657}",2855379112,5.7972050891626,0.828172155594657
566,nan,nan,"{'dist': 'fixed', 'value': 5.7972050891626}","{'dist': 'fixed', 'value': 0.828172155594657}",2855379113,5.7972050891626,0.828172155594657
567,nan,nan,"{'dist': 'fixed', 'value': 5.7972050891626}","{'dist': 'fixed', 'value': 0.828172155594657}",2855379114,5.7972050891626,0.828172155594657
568,nan,nan,"{'dist': 'fixed', 'value': 5.7972050891626}","{'dist': 'fixed', 'value': 0.828172155594657}",2855379115,5.7972050891626,0.828172155594657
569,nan,nan,"{'dist': 'fixed', 'value': 5.7972050891626}","{'dist': 'fixed', 'value': 0.828172155594657}",2855379116,5.7972050891626,0.828172155594657
570,nan,nan,"{'dist': 'fixed', 'value': 5.7972050891626}","{'dist': 'fixed', 'value': 0.828172155594657}",2855379117,5.7972050891626,0.828172155594657
571,nan,nan,"{'dist': 'fixed', 'value': 5.7972050891626}","{'dist': 'fixed', 'value': 0.828172155594657}",2855379118,5.7972050891626,0.828172155594657
572,nan,nan,"{'dist': 'fixed', 'value': 5.7972050891626}","{'dist': 'fixed', 'value': 0.828172155594657}",2855379119,5.7972050891626,0.828172155594657
573,nan,nan,"{'dist': 'fixed', 'value': 5.7972050891626}","{'dist': 'fixed', 'value': 0.828172155594657}",2855379120,5.7972050891626,0.828172155594657
574,nan,nan,"{'dist': 'fixed', 'value': 5.7972050891626}","{'dist': 'fixed', 'value': 0.828172155594657}",2855379121,5.7972050891626,0.828172155594657
575,nan,nan,"{'dist': 'fixed', 'value': 5.7972050891626}","{'dist': 'fixed', 'value': 0.828172155594657}",2855379122,5.7972050891626,0.828172155594657
576,nan,nan,"{'dist': 'fixed', 'value': 5.7972050891626}","{'dist': 'fixed', 'value': 0.828172155594657}",2855379123,5.7972050891626,0.828172155594657
577,nan,nan,"{'dist': 'fixed', 'value': 5.7972050891626}","{'dist': 'fixed', 'value': 0.828172155594657}",2855379124,5.7972050891626,0.828172155594657
578,nan,nan,"{'dist': 'fixed', 'value': 5.7972050891626}","{'dist': 'fixed', 'value': 0.828172155594657}",2855379125,5.7972050891626,0.828172155594657
579,nan,nan,"{'dist': 'fixed', 'value': 5.7972050891626}","{'dist': 'fixed', 'value': 0.828172155594657}",2855379126,5.7972050891626,0.828172155594657
580,nan,nan,"{'dist': 'fixed', 'value': 5.7972050891626}","{'dist': 'fixed', 'value': 0.828172155594657}",2855379127,5.7972050891626,0.828172155594657
581,nan,nan,"{'dist': 'fixed', 'value': 5.7972050891626}","{'dist': 'fixed', 'value': 0.828172155594657}",2855379128,5.7972050891626,0.828172155594657
582,nan,nan,"{'dist': 'fixed', 'value': 5.7972050891626}","{'dist': 'fixed', 'value': 0.828172155594657}",2855379129,5.7972050891626,0.828172155594657
583,nan,nan,"{'dist': 'fixed', 'value': 5.7972050891626}","{'dist': 'fixed', 'value': 0.828172155594657}",2855379130,5.7972050891626,0.828172155594657
584,nan,nan,"{'dist': 'fixed', 'value': 5.7972050891626}","{'dist': 'fixed', 'value': 0.828172155594657}",2855379131,5.7972050891626,0.828172155594657
585,nan,nan,"{'dist': 'fixed', 'value': 5.7972050891626}","{'dist': 'fixed', 'value': 0.828172155594657}",2855379132,5.7972050891626,0.828172155594657
586,nan,nan,"{'dist': 'fixed', 'value': 5.7972050891626}","{'dist': 'fixed', 'value': 0.828172155594657}",2855379133,5.7972050891626,0.828172155594657
587,nan,nan,"{'dist': 'fixed', 'value': 5.7972050891626}","{'dist': 'fixed', 'value': 0.828172155594657}",2855379134,5.7972050891626,0.828172155594657
588,nan,nan,"{'dist': 'fixed', 'value': 5.7972050891626}","{'dist': 'fixed', 'value': 0.828172155594657}",2855379135,5.7972050891626,0.828172155594657
589,nan,nan,"{'dist': 'fixed', 'value': 5.7972050891626}","{'dist': 'fixed', 'value': 0.828172155594657}",2855379136,5.7972050891626,0.828172155594657
590,nan,nan,"{'dist': 'fixed', 'value': 5.7972050891626}","{'dist': 'fixed', 'value': 0.828172155594657}",2855379137,5.7972050891626,0.828172155594657
591,nan,nan,"{'dist': 'fixed', 'value': 5.7972050891626}","{'dist': 'fixed', 'value': 0.828172155594657}",2855379138,5.7972050891626,0.828172155594657
592,nan,nan,"{'dist': 'fixed', 'value': 5.7972050891626}","{'dist': 'fixed', 'value': 0.828172155594657}",2855379139,5.7972050891626,0.828172155594657
593,nan,nan,"{'dist': 'fixed', 'value': 5.7972050891626}","{'dist': 'fixed', 'value': 0.828172155594657}",2855379140,5.7972050891626,0.828172155594657
594,nan,nan,"{'dist': 'fixed', 'value': 5.7972050891626}","{'dist': 'fixed', 'value': 0.828172155594657}",2855379141,5.7972050891626,0.828172155594657
595,nan,nan,"{'dist': 'fixed', 'value': 5.7972050891626}","{'dist': 'fixed', 'value': 0.828172155594657}",2855379142,5.7972050891626,0.828172155594657
596,nan,nan,"{'dist': 'fixed', 'value': 5.7972050891626}","{'dist': 'fixed', 'value': 0.828172155594657}",2855379143,5.7972050891626,0.828172155594657
597,nan,nan,"{'dist': 'fixed', 'value': 5.7972050891626}","{'dist': 'fixed', 'value': 0.828172155594657}",2855379144,5.7972050891626,0.828172155594657
598,nan,nan,"{'dist': 'fixed', 'value': 5.7972050891626}","{'dist': 'fixed', 'value': 0.828172155594657}",2855379145,5.7972050891626,0.828172155594657
599,nan,nan,"{'dist': 'fixed', 'value': 5.7972050891626}","{'dist': 'fixed', 'value': 0.828172155594657}",2855379146,5.7972050891626,0.828172155594657
