MM #,mux,muy,sigmax,sigmay,weight,distribution,alpha_azi,alpha_rad,theta_degrees
1,-6.553706222592442e-05,1.165068502201254e-05,0.00024029111365040596,7.349581480148122e-05,0.0,pseudo-voigt,0.29,0.77,80.9047006613576
2,-6.0801854206276225e-05,2.7092056248383346e-05,0.00024029111365040596,7.349581480148122e-05,0.0,pseudo-voigt,0.29,0.77,66.96823355378586
3,-5.248704485434835e-05,4.093843071179525e-05,0.00024029111365040596,7.349581480148122e-05,0.0,pseudo-voigt,0.29,0.77,53.03176644621414
4,-4.108215382414405e-05,5.237462767272148e-05,0.00024029111365040596,7.349581480148122e-05,0.0,pseudo-voigt,0.29,0.77,39.09529933864241
5,-8.190009227867721e-05,1.4047808707758316e-05,0.00024029111365040596,7.349581480148122e-05,0.0,pseudo-voigt,0.29,0.77,81.25227296286859
6,-7.59703404226225e-05,3.366709700607505e-05,0.00024029111365040596,7.349581480148122e-05,0.0,pseudo-voigt,0.29,0.77,67.08409098762286
7,-6.541876984140627e-05,5.1238175193723745e-05,0.00024029111365040596,7.349581480148122e-05,0.0,pseudo-voigt,0.29,0.77,52.91590901237714
8,-5.088730797961861e-05,6.569206901394611e-05,0.00024029111365040596,7.349581480148122e-05,0.0,pseudo-voigt,0.29,0.77,38.74772703713143
9,-9.825818402274223e-05,1.646028724894575e-05,0.00024029111365040596,7.349581480148122e-05,0.0,pseudo-voigt,0.29,0.77,81.47539364108697
10,-9.113616365335278e-05,4.0246881348921776e-05,0.00024029111365040596,7.349581480148122e-05,0.0,pseudo-voigt,0.29,0.77,67.158464547029
11,-7.835325851867888e-05,6.15335572128734e-05,0.00024029111365040596,7.349581480148122e-05,0.0,pseudo-voigt,0.29,0.77,52.841535452971016
12,-6.0703473435602995e-05,7.899810185452513e-05,0.00024029111365040596,7.349581480148122e-05,0.0,pseudo-voigt,0.29,0.77,38.524606358913026
13,-0.00011505230845357598,1.5990811502859255e-05,0.00024029111365040596,7.349581480148122e-05,0.0,pseudo-voigt,0.29,0.77,83.07283605550454
14,-0.00010952998268263232,3.86771589773478e-05,0.00024029111365040596,7.349581480148122e-05,0.0,pseudo-voigt,0.29,0.77,71.53641802775226
15,-9.958216051035938e-05,5.9800777930607095e-05,0.00024029111365040596,7.349581480148122e-05,0.0,pseudo-voigt,0.29,0.77,60.0
16,-8.561077801075463e-05,7.850818060183321e-05,0.00024029111365040596,7.349581480148122e-05,0.0,pseudo-voigt,0.29,0.77,48.46358197224773
17,-6.818034091511851e-05,9.40435050692762e-05,0.00024029111365040596,7.349581480148122e-05,0.0,pseudo-voigt,0.29,0.77,36.92716394449546
18,-0.0001314639466085214,1.7986954603165992e-05,0.00024029111365040596,7.349581480148122e-05,0.0,pseudo-voigt,0.29,0.77,83.19491191309002
19,-0.0001251640048356768,4.404851515407992e-05,0.00024029111365040596,7.349581480148122e-05,0.0,pseudo-voigt,0.29,0.77,71.597455956545
20,-0.00011375341069600446,6.831150231703784e-05,0.00024029111365040596,7.349581480148122e-05,0.0,pseudo-voigt,0.29,0.77,60.0
21,-9.769807753274865e-05,8.978521838359339e-05,0.00024029111365040596,7.349581480148122e-05,0.0,pseudo-voigt,0.29,0.77,48.40254404345498
22,-7.765357102981932e-05,0.00010759285617596241,0.00024029111365040596,7.349581480148122e-05,0.0,pseudo-voigt,0.29,0.77,36.805088086909976
23,-0.0001481914234103263,1.7479595587135223e-05,0.00024029111365040596,7.349581480148122e-05,0.0,pseudo-voigt,0.29,0.77,84.25892769803957
24,-0.00014312504354907772,4.220729964523901e-05,0.00024029111365040596,7.349581480148122e-05,0.0,pseudo-voigt,0.29,0.77,74.55535661882374
25,-0.00013396327387950484,6.572728113769176e-05,0.00024029111365040596,7.349581480148122e-05,0.0,pseudo-voigt,0.29,0.77,64.8517855396079
26,-0.00012096826990703535,8.736653770161119e-05,0.00024029111365040596,7.349581480148122e-05,0.0,pseudo-voigt,0.29,0.77,55.148214460392076
27,-0.00010451187156623485,0.0001065058821661566,0.00024029111365040596,7.349581480148122e-05,0.0,pseudo-voigt,0.29,0.77,45.44464338117625
28,-8.506496336742686e-05,0.0001225976600166851,0.00024029111365040596,7.349581480148122e-05,0.0,pseudo-voigt,0.29,0.77,35.74107230196042
29,-0.0001648538422021362,1.719559512834888e-05,0.00024029111365040596,7.349581480148122e-05,0.0,pseudo-voigt,0.29,0.77,85.03146653651956
30,-0.00016061357492529448,4.09360150764791e-05,0.00024029111365040596,7.349581480148122e-05,0.0,pseudo-voigt,0.29,0.77,76.68764435767972
31,-0.00015297314719922597,6.380982695940225e-05,0.00024029111365040596,7.349581480148122e-05,0.0,pseudo-voigt,0.29,0.77,68.34382217883986
32,-0.00014209430550259178,8.533279629990469e-05,0.00024029111365040596,7.349581480148122e-05,0.0,pseudo-voigt,0.29,0.77,60.00000000000001
33,-0.00012820735295446207,0.0001050492857140633,0.00024029111365040596,7.349581480148122e-05,0.0,pseudo-voigt,0.29,0.77,51.65617782116015
34,-0.00011160627383877048,0.00012254190067258745,0.00024029111365040596,7.349581480148122e-05,0.0,pseudo-voigt,0.29,0.77,43.3123556423203
35,-9.264251000997995e-05,0.00013744032566781732,0.00024029111365040596,7.349581480148122e-05,0.0,pseudo-voigt,0.29,0.77,34.96853346348045
36,-0.00018131459992733176,1.8707572900596092e-05,0.00024029111365040596,7.349581480148122e-05,0.0,pseudo-voigt,0.29,0.77,85.09589760214199
37,-0.00017666387619837378,4.4886883130878665e-05,0.00024029111365040596,7.349581480148122e-05,0.0,pseudo-voigt,0.29,0.77,76.73059840142798
38,-0.00016825396626680937,7.011105666103512e-05,0.00024029111365040596,7.349581480148122e-05,0.0,pseudo-voigt,0.29,0.77,68.36529920071399
39,-0.00015626382249154863,9.384335464469118e-05,0.00024029111365040596,7.349581480148122e-05,0.0,pseudo-voigt,0.29,0.77,60.0
40,-0.00014094858012727495,0.00011557878348012087,0.00024029111365040596,7.349581480148122e-05,0.0,pseudo-voigt,0.29,0.77,51.634700799286
41,-0.0001226341283655099,0.00013485484044212557,0.00024029111365040596,7.349581480148122e-05,0.0,pseudo-voigt,0.29,0.77,43.26940159857202
42,-0.00010171017582044581,0.0001512613551612358,0.00024029111365040596,7.349581480148122e-05,0.0,pseudo-voigt,0.29,0.77,34.90410239785801
43,-0.00019777435970936915,2.0221154884581555e-05,0.00024029111365040596,7.349581480148122e-05,0.0,pseudo-voigt,0.29,0.77,85.14921397944846
44,-0.00019271317305091722,4.883876939445146e-05,0.00024029111365040596,7.349581480148122e-05,0.0,pseudo-voigt,0.29,0.77,76.76614265296564
45,-0.0001835338799556076,7.641274351675759e-05,0.00024029111365040596,7.349581480148122e-05,0.0,pseudo-voigt,0.29,0.77,68.38307132648282
46,-0.00017043263362554462,0.00010235384633113724,0.00024029111365040596,7.349581480148122e-05,0.0,pseudo-voigt,0.29,0.77,60.00000000000001
47,-0.0001536893958608923,0.0001261077399021611,0.00024029111365040596,7.349581480148122e-05,0.0,pseudo-voigt,0.29,0.77,51.61692867351719
48,-0.00013366195452908542,0.0001471668249802987,0.00024029111365040596,7.349581480148122e-05,0.0,pseudo-voigt,0.29,0.77,43.233857347034366
49,-0.00011077827796127948,0.00016508108793938413,0.00024029111365040596,7.349581480148122e-05,0.0,pseudo-voigt,0.29,0.77,34.85078602055153
50,-0.00021424205517941544,1.9757626025403423e-05,0.00024029111365040596,7.349581480148122e-05,0.0,pseudo-voigt,0.29,0.77,85.7184757630719
51,-0.00020995559981636436,4.699646901002302e-05,0.00024029111365040596,7.349581480148122e-05,0.0,pseudo-voigt,0.29,0.77,78.37033983076564
52,-0.00020222055725414452,7.346338011201673e-05,0.00024029111365040596,7.349581480148122e-05,0.0,pseudo-voigt,0.29,0.77,71.02220389845938
53,-0.00019116397801576375,9.872363193707973e-05,0.00024029111365040596,7.349581480148122e-05,0.0,pseudo-voigt,0.29,0.77,63.674067966153125
54,-0.0001769674699157382,0.0001223623168515605,0.00024029111365040596,7.349581480148122e-05,0.0,pseudo-voigt,0.29,0.77,56.32593203384686
55,-0.0001598642150942417,0.00014399116197170376,0.00024029111365040596,7.349581480148122e-05,0.0,pseudo-voigt,0.29,0.77,48.977796101540605
56,-0.00014013513992662739,0.0001632549066686939,0.00024029111365040596,7.349581480148122e-05,0.0,pseudo-voigt,0.29,0.77,41.62966016923435
57,-0.00011810430071877138,0.00017983713783695904,0.00024029111365040596,7.349581480148122e-05,0.0,pseudo-voigt,0.29,0.77,34.28152423692809
58,-0.00023053214643757223,2.1104566511698195e-05,0.00024029111365040596,7.349581480148122e-05,0.0,pseudo-voigt,0.29,0.77,85.75719081890182
59,-0.00022592989786399286,5.045943439959175e-05,0.00024029111365040596,7.349581480148122e-05,0.0,pseudo-voigt,0.29,0.77,78.39799344207272
60,-0.0002176055136096136,7.8982996369201e-05,0.00024029111365040596,7.349581480148122e-05,0.0,pseudo-voigt,0.29,0.77,71.03879606524364
61,-0.00020569613571693018,0.00010620533423460046,0.00024029111365040596,7.349581480148122e-05,0.0,pseudo-voigt,0.29,0.77,63.67959868841454
62,-0.00019039796805630046,0.0001316779671349498,0.00024029111365040596,7.349581480148122e-05,0.0,pseudo-voigt,0.29,0.77,56.32040131158546
63,-0.00017196304391875347,0.00015498124013879166,0.00024029111365040596,7.349581480148122e-05,0.0,pseudo-voigt,0.29,0.77,48.96120393475636
64,-0.0001506950738337672,0.00017573123794873923,0.00024029111365040596,7.349581480148122e-05,0.0,pseudo-voigt,0.29,0.77,41.602006557927275
65,-0.00012694444201812724,0.00019358610980508724,0.00024029111365040596,7.349581480148122e-05,0.0,pseudo-voigt,0.29,0.77,34.242809181098174
66,-0.00024682125474857736,2.2452464047026656e-05,0.00024029111365040596,7.349581480148122e-05,0.0,pseudo-voigt,0.29,0.77,85.7906469121228
67,-0.00024190318262894036,5.392304861035484e-05,0.00024029111365040596,7.349581480148122e-05,0.0,pseudo-voigt,0.29,0.77,78.42189065151629
68,-0.00023298947370616353,8.450295899890165e-05,0.00024029111365040596,7.349581480148122e-05,0.0,pseudo-voigt,0.29,0.77,71.05313439090978
69,-0.0002202273602036402,0.00011368709141842467,0.00024029111365040596,7.349581480148122e-05,0.0,pseudo-voigt,0.29,0.77,63.68437813030325
70,-0.00020382764038306468,0.00014099339684296285,0.00024029111365040596,7.349581480148122e-05,0.0,pseudo-voigt,0.29,0.77,56.31562186969675
71,-0.00018406119668328764,0.0001659708432615839,0.00024029111365040596,7.349581480148122e-05,0.0,pseudo-voigt,0.29,0.77,48.94686560909024
72,-0.0001612545214185304,0.00018820686560145958,0.00024029111365040596,7.349581480148122e-05,0.0,pseudo-voigt,0.29,0.77,41.57810934848373
73,-0.00013578432394025644,0.0002073341802731345,0.00024029111365040596,7.349581480148122e-05,0.0,pseudo-voigt,0.29,0.77,34.20935308787721
74,-0.00026327286907029814,2.1918595066699403e-05,0.00024029111365040596,7.349581480148122e-05,0.0,pseudo-voigt,0.29,0.77,86.22968628752173
75,-0.0002590474332784625,5.184067621129901e-05,0.00024029111365040596,7.349581480148122e-05,0.0,pseudo-voigt,0.29,0.77,79.67226471564129
76,-0.000251432571637915,8.108446409608311e-05,0.00024029111365040596,7.349581480148122e-05,0.0,pseudo-voigt,0.29,0.77,73.11484314376087
77,-0.00024052791844555692,0.00010926732744261558,0.00024029111365040596,7.349581480148122e-05,0.0,pseudo-voigt,0.29,0.77,66.55742157188043
78,-0.0002264761522561752,0.00013602051631074634,0.00024029111365040596,7.349581480148122e-05,0.0,pseudo-voigt,0.29,0.77,60.0
79,-0.00020946112904911526,0.00016099398689290893,0.00024029111365040596,7.349581480148122e-05,0.0,pseudo-voigt,0.29,0.77,53.44257842811958
80,-0.0001897054766217059,0.0001838609815538241,0.00024029111365040596,7.349581480148122e-05,0.0,pseudo-voigt,0.29,0.77,46.88515685623915
81,-0.0001674676816848486,0.00020432230418949976,0.00024029111365040596,7.349581480148122e-05,0.0,pseudo-voigt,0.29,0.77,40.32773528435872
82,-0.00014303870777376723,0.00022211023496591752,0.00024029111365040596,7.349581480148122e-05,0.0,pseudo-voigt,0.29,0.77,33.77031371247829
83,-0.00027956931809429306,2.314961075965517e-05,0.00024029111365040596,7.349581480148122e-05,0.0,pseudo-voigt,0.29,0.77,86.255802697162
84,-0.00027509042804314246,5.495602330111171e-05,0.00024029111365040596,7.349581480148122e-05,0.0,pseudo-voigt,0.29,0.77,79.6918520228715
85,-0.00026700503924501594,8.604194974429098e-05,0.00024029111365040596,7.349581480148122e-05,0.0,pseudo-voigt,0.29,0.77,73.12790134858099
86,-0.00025541915300565426,0.00011599984644776793,0.00024029111365040596,7.349581480148122e-05,0.0,pseudo-voigt,0.29,0.77,66.56395067429048
87,-0.00024048466295691572,0.0001444369584993062,0.00024029111365040596,7.349581480148122e-05,0.0,pseudo-voigt,0.29,0.77,60.00000000000001
88,-0.00022239736369634585,0.0001709804688230409,0.00024029111365040596,7.349581480148122e-05,0.0,pseudo-voigt,0.29,0.77,53.436049325709504
89,-0.00020139438387499787,0.00019528238589704296,0.00024029111365040596,7.349581480148122e-05,0.0,pseudo-voigt,0.29,0.77,46.872098651419
90,-0.00017775107738630692,0.00021702410600216453,0.00024029111365040596,7.349581480148122e-05,0.0,pseudo-voigt,0.29,0.77,40.3081479771285
91,-0.0001517774134132518,0.000235920590190035,0.00024029111365040596,7.349581480148122e-05,0.0,pseudo-voigt,0.29,0.77,33.744197302838
92,-0.00029586467970031877,2.4381378440133962e-05,0.00024029111365040596,7.349581480148122e-05,0.0,pseudo-voigt,0.29,0.77,86.27897195715724
93,-0.0002911322964186118,5.807190620979164e-05,0.00024029111365040596,7.349581480148122e-05,0.0,pseudo-voigt,0.29,0.77,79.70922896786794
94,-0.00028257636998120186,9.099975514835261e-05,0.00024029111365040596,7.349581480148122e-05,0.0,pseudo-voigt,0.29,0.77,73.13948597857862
95,-0.0002703092683883865,0.000122732472199286,0.00024029111365040596,7.349581480148122e-05,0.0,pseudo-voigt,0.29,0.77,66.56974298928932
96,-0.00025449209981302177,0.00015285330039476483,0.00024029111365040596,7.349581480148122e-05,0.0,pseudo-voigt,0.29,0.77,60.00000000000001
97,-0.00023533259671005332,0.00018096665227194947,0.00024029111365040596,7.349581480148122e-05,0.0,pseudo-voigt,0.29,0.77,53.4302570107107
98,-0.0002130823875928999,0.000206703305262694,0.00024029111365040596,7.349581480148122e-05,0.0,pseudo-voigt,0.29,0.77,46.86051402142139
99,-0.00018803369230741644,0.0002297252508237897,0.00024029111365040596,7.349581480148122e-05,0.0,pseudo-voigt,0.29,0.77,40.29077103213208
100,-0.00016051548420556794,0.0002497301336224072,0.00024029111365040596,7.349581480148122e-05,1.0,pseudo-voigt,0.29,0.77,33.72102804284276
101,-2.2678741912408477e-05,6.258210328805835e-05,0.00024029111365040596,7.349581480148122e-05,0.0,pseudo-voigt,0.29,0.77,20.90470066135758
102,-6.938518151281192e-06,6.620197846402462e-05,0.00024029111365040596,7.349581480148122e-05,0.0,pseudo-voigt,0.29,0.77,6.968233553785851
103,9.210198560309574e-06,6.592432956933661e-05,0.00024029111365040596,7.349581480148122e-05,0.0,pseudo-voigt,0.29,0.77,-6.968233553785865
104,2.4816681166256247e-05,6.176550269024951e-05,0.00024029111365040596,7.349581480148122e-05,0.0,pseudo-voigt,0.29,0.77,-20.904700661357595
105,-2.8784286930915653e-05,7.79514648395034e-05,0.00024029111365040596,7.349581480148122e-05,0.0,pseudo-voigt,0.29,0.77,21.252272962868574
106,-8.828608932375236e-06,8.26257932431804e-05,0.00024029111365040596,7.349581480148122e-05,0.0,pseudo-voigt,0.29,0.77,7.084090987622858
107,1.16641764406193e-05,8.227340416384699e-05,0.00024029111365040596,7.349581480148122e-05,0.0,pseudo-voigt,0.29,0.77,-7.084090987622872
108,3.144734660342863e-05,7.691573594752534e-05,0.00024029111365040596,7.349581480148122e-05,0.0,pseudo-voigt,0.29,0.77,-21.252272962868602
109,-3.487406510019503e-05,9.332422711789391e-05,0.00024029111365040596,7.349581480148122e-05,0.0,pseudo-voigt,0.29,0.77,21.475393641086967
110,-1.0713260155412033e-05,9.90496736017204e-05,0.00024029111365040596,7.349581480148122e-05,0.0,pseudo-voigt,0.29,0.77,7.1584645470289985
111,1.4112994472232112e-05,9.862269095290206e-05,0.00024029111365040596,7.349581480148122e-05,0.0,pseudo-voigt,0.29,0.77,-7.158464547028984
112,3.806262633896781e-05,9.20698010204486e-05,0.00024029111365040596,7.349581480148122e-05,0.0,pseudo-voigt,0.29,0.77,-21.475393641086953
113,-4.3677705238183426e-05,0.00010763362763626957,0.00024029111365040596,7.349581480148122e-05,0.0,pseudo-voigt,0.29,0.77,23.07283605550451
114,-2.1269589120723622e-05,0.00011419432696790311,0.00024029111365040596,7.349581480148122e-05,0.0,pseudo-voigt,0.29,0.77,11.536418027752262
115,1.997912598797873e-06,0.00011614106973101431,0.00024029111365040596,7.349581480148122e-05,0.0,pseudo-voigt,0.29,0.77,-1.4210854715202004e-14
116,2.518468980070694e-05,0.00011339519889598033,0.00024029111365040596,7.349581480148122e-05,0.0,pseudo-voigt,0.29,0.77,-11.536418027752276
117,4.73538939933646e-05,0.0001060676598058143,0.00024029111365040596,7.349581480148122e-05,0.0,pseudo-voigt,0.29,0.77,-23.072836055504553
118,-5.0154813681201527e-05,0.00012284459474632363,0.00024029111365040596,7.349581480148122e-05,0.0,pseudo-voigt,0.29,0.77,23.194911913090024
119,-2.443486929542137e-05,0.00013041946540413437,0.00024029111365040596,7.349581480148122e-05,0.0,pseudo-voigt,0.29,0.77,11.597455956545005
120,2.2827910292321183e-06,0.00013266909458838324,0.00024029111365040596,7.349581480148122e-05,0.0,pseudo-voigt,0.29,0.77,-1.4210854715202004e-14
121,2.8907241238151132e-05,0.00012950162623605877,0.00024029111365040596,7.349581480148122e-05,0.0,pseudo-voigt,0.29,0.77,-11.59745595654502
122,5.4351361199199194e-05,0.00012104639329438406,0.00024029111365040596,7.349581480148122e-05,0.0,pseudo-voigt,0.29,0.77,-23.194911913090024
123,-5.895793787882566e-05,0.00013707733508988614,0.00024029111365040596,7.349581480148122e-05,0.0,pseudo-voigt,0.29,0.77,24.25892769803957
124,-3.5009928056619994e-05,0.00014505357345387493,0.00024029111365040596,7.349581480148122e-05,0.0,pseudo-voigt,0.29,0.77,14.555356618823751
125,-1.0060141752829625e-05,0.00014887923892262938,0.00024029111365040596,7.349581480148122e-05,0.0,pseudo-voigt,0.29,0.77,4.851785539607917
126,1.5177506136768516e-05,0.0001484448636421508,0.00024029111365040596,7.349581480148122e-05,0.0,pseudo-voigt,0.29,0.77,-4.851785539607917
127,3.998086382524617e-05,0.0001437628768564942,0.00024029111365040596,7.349581480148122e-05,0.0,pseudo-voigt,0.29,0.77,-14.555356618823751
128,6.364020633526367e-05,0.0001349672492565269,0.00024029111365040596,7.349581480148122e-05,0.0,pseudo-voigt,0.29,0.77,-24.258927698039585
129,-6.753509888672605e-05,0.00015136541282269558,0.00024029111365040596,7.349581480148122e-05,0.0,pseudo-voigt,0.29,0.77,25.03146653651956
130,-4.485515847671358e-05,0.0001595634436161799,0.00024029111365040596,7.349581480148122e-05,0.0,pseudo-voigt,0.29,0.77,16.687644357679716
131,-2.1225642441681468e-05,0.00016438354505108718,0.00024029111365040596,7.349581480148122e-05,0.0,pseudo-voigt,0.29,0.77,8.343822178839858
132,2.8532166203843397e-06,0.00016572367644830378,0.00024029111365040596,7.349581480148122e-05,0.0,pseudo-voigt,0.29,0.77,-0.0
133,2.687167360055747e-05,0.00016355546746755372,0.00024029111365040596,7.349581480148122e-05,0.0,pseudo-voigt,0.29,0.77,-8.343822178839844
134,5.032126209110482e-05,0.0001579248187023916,0.00024029111365040596,7.349581480148122e-05,0.0,pseudo-voigt,0.29,0.77,-16.687644357679687
135,7.270555852774629e-05,0.00014895092997290542,0.00024029111365040596,7.349581480148122e-05,0.0,pseudo-voigt,0.29,0.77,-25.03146653651956
136,-7.445606658860038e-05,0.00016637683606437952,0.00024029111365040596,7.349581480148122e-05,0.0,pseudo-voigt,0.29,0.77,25.09589760214199
137,-4.945875701114278e-05,0.00017543884628426007,0.00024029111365040596,7.349581480148122e-05,0.0,pseudo-voigt,0.29,0.77,16.730598401427983
138,-2.3409026978778104e-05,0.00018076773740506447,0.00024029111365040596,7.349581480148122e-05,0.0,pseudo-voigt,0.29,0.77,8.365299200713991
139,3.1388178528806533e-06,0.00018225011729248886,0.00024029111365040596,7.349581480148122e-05,0.0,pseudo-voigt,0.29,0.77,-0.0
140,2.96198725686484e-05,0.00017985444275762705,0.00024029111365040596,7.349581480148122e-05,0.0,pseudo-voigt,0.29,0.77,-8.365299200713991
141,5.547065346342291e-05,0.00017363169075655617,0.00024029111365040596,7.349581480148122e-05,0.0,pseudo-voigt,0.29,0.77,-16.730598401427983
142,8.014108827026765e-05,0.0001637142736645057,0.00024029111365040596,7.349581480148122e-05,0.0,pseudo-voigt,0.29,0.77,-25.095897602141974
143,-8.137514603077719e-05,0.000181388197167806,0.00024029111365040596,7.349581480148122e-05,0.0,pseudo-voigt,0.29,0.77,25.14921397944846
144,-5.406097154029372e-05,0.00019131388820322674,0.00024029111365040596,7.349581480148122e-05,0.0,pseudo-voigt,0.29,0.77,16.76614265296564
145,-2.559156291942711e-05,0.0001971513742550586,0.00024029111365040596,7.349581480148122e-05,0.0,pseudo-voigt,0.29,0.77,8.38307132648282
146,3.424714285041208e-06,0.00019877591351917618,0.00024029111365040596,7.349581480148122e-05,0.0,pseudo-voigt,0.29,0.77,-0.0
147,3.2367808438665875e-05,0.0001961527910588962,0.00024029111365040596,7.349581480148122e-05,0.0,pseudo-voigt,0.29,0.77,-8.38307132648282
148,6.061923176269433e-05,0.00018933806063181779,0.00024029111365040596,7.349581480148122e-05,0.0,pseudo-voigt,0.29,0.77,-16.766142652965655
149,8.757527685923979e-05,0.00017847734687165392,0.00024029111365040596,7.349581480148122e-05,0.0,pseudo-voigt,0.29,0.77,-25.14921397944846
150,-9.001042153323582e-05,0.000195417875357063,0.00024029111365040596,7.349581480148122e-05,0.0,pseudo-voigt,0.29,0.77,25.718475763071908
151,-6.427766385733414e-05,0.00020532511761278249,0.00024029111365040596,7.349581480148122e-05,0.0,pseudo-voigt,0.29,0.77,18.370339830765644
152,-3.748912520219327e-05,0.00021185982980554308,0.00024029111365040596,7.349581480148122e-05,0.0,pseudo-voigt,0.29,0.77,11.02220389845938
153,-1.0084815796506122e-05,0.00021491467721868122,0.00024029111365040596,7.349581480148122e-05,0.0,pseudo-voigt,0.29,0.77,3.6740679661531317
154,1.7485139901502983e-05,0.00021443948301626796,0.00024029111365040596,7.349581480148122e-05,0.0,pseudo-voigt,0.29,0.77,-3.674067966153146
155,4.476789664081439e-05,0.00021044205241352488,0.00024029111365040596,7.349581480148122e-05,0.0,pseudo-voigt,0.29,0.77,-11.022203898459395
156,7.131532650423278e-05,0.00020298804447369326,0.00024029111365040596,7.349581480148122e-05,0.0,pseudo-voigt,0.29,0.77,-18.370339830765644
157,9.669137955130453e-05,0.00019219989363713228,0.00024029111365040596,7.349581480148122e-05,0.0,pseudo-voigt,0.29,0.77,-25.718475763071908
158,-9.698898248379713e-05,0.00021019897845974095,0.00024029111365040596,7.349581480148122e-05,0.0,pseudo-voigt,0.29,0.77,25.75719081890182
159,-6.926579688135562e-05,0.00022089074822443725,0.00024029111365040596,7.349581480148122e-05,0.0,pseudo-voigt,0.29,0.77,18.397993442072732
160,-4.0401475482064646e-05,0.0002279434009740863,0.00024029111365040596,7.349581480148122e-05,0.0,pseudo-voigt,0.29,0.77,11.03879606524363
161,-1.0871550393883933e-05,0.00023124074610845338,0.00024029111365040596,7.349581480148122e-05,0.0,pseudo-voigt,0.29,0.77,3.6795986884145293
162,1.8837480629408722e-05,0.00023072846073316923,0.00024029111365040596,7.349581480148122e-05,0.0,pseudo-voigt,0.29,0.77,-3.6795986884145435
163,4.823616911083333e-05,0.0002264149846151355,0.00024029111365040596,7.349581480148122e-05,0.0,pseudo-voigt,0.29,0.77,-11.03879606524363
164,7.684017938521247e-05,0.00021837138113958368,0.00024029111365040596,7.349581480148122e-05,0.0,pseudo-voigt,0.29,0.77,-18.397993442072718
165,0.00010417826790194572,0.0002067301665594825,0.00024029111365040596,7.349581480148122e-05,0.0,pseudo-voigt,0.29,0.77,-25.75719081890182
166,-0.0001039662231320068,0.00022497970882973182,0.00024029111365040596,7.349581480148122e-05,0.0,pseudo-voigt,0.29,0.77,25.79064691212278
167,-7.425286136839964e-05,0.00023645582571814628,0.00024029111365040596,7.349581480148122e-05,0.0,pseudo-voigt,0.29,0.77,18.42189065151628
168,-4.3313027665078145e-05,0.00024402628254335495,0.00024029111365040596,7.349581480148122e-05,0.0,pseudo-voigt,0.29,0.77,11.053134390909776
169,-1.1657770851100552e-05,0.00024756603425395076,0.00024029111365040596,7.349581480148122e-05,0.0,pseudo-voigt,0.29,0.77,3.6843781303032586
170,2.019004324033417e-05,0.00024701661298665424,0.00024029111365040596,7.349581480148122e-05,0.0,pseudo-voigt,0.29,0.77,-3.6843781303032586
171,5.170436821041319e-05,0.00024238709380948304,0.00024029111365040596,7.349581480148122e-05,0.0,pseudo-voigt,0.29,0.77,-11.053134390909776
172,8.23646660682425e-05,0.00023375394482427896,0.00024029111365040596,7.349581480148122e-05,0.0,pseudo-voigt,0.29,0.77,-18.421890651516307
173,0.00011166450521922867,0.00022125976410452487,0.00024029111365040596,7.349581480148122e-05,0.0,pseudo-voigt,0.29,0.77,-25.79064691212278
174,-0.0001126543743921231,0.00023896029027544225,0.00024029111365040596,7.349581480148122e-05,0.0,pseudo-voigt,0.29,0.77,26.229686287521723
175,-8.462837409088268e-05,0.00025026199610995255,0.00024029111365040596,7.349581480148122e-05,0.0,pseudo-voigt,0.29,0.77,19.672264715641276
176,-5.549508005950235e-05,0.0002582892264253267,0.00024029111365040596,7.349581480148122e-05,0.0,pseudo-voigt,0.29,0.77,13.114843143760865
177,-2.5635677853840835e-05,0.0002629369514145518,0.00024029111365040596,7.349581480148122e-05,0.0,pseudo-voigt,0.29,0.77,6.557421571880425
178,4.559146432894337e-06,0.0002641443593605733,0.00024029111365040596,7.349581480148122e-05,0.0,pseudo-voigt,0.29,0.77,-0.0
179,3.469431798124044e-05,0.00026189565230835897,0.00024029111365040596,7.349581480148122e-05,0.0,pseudo-voigt,0.29,0.77,-6.557421571880425
180,6.437554247950085e-05,0.00025622025276834427,0.00024029111365040596,7.349581480148122e-05,0.0,pseudo-voigt,0.29,0.77,-13.114843143760865
181,9.321446514545416e-05,0.00024719241874671485,0.00024029111365040596,7.349581480148122e-05,0.0,pseudo-voigt,0.29,0.77,-19.67226471564129
182,0.00012083375203413165,0.00023493027213953983,0.00024029111365040596,7.349581480148122e-05,0.0,pseudo-voigt,0.29,0.77,-26.229686287521716
183,-0.00011973650804156366,0.00025368893696817786,0.00024029111365040596,7.349581480148122e-05,0.0,pseudo-voigt,0.29,0.77,26.255802697162004
184,-8.995190175183892e-05,0.00026571331067385225,0.00024029111365040596,7.349581480148122e-05,0.0,pseudo-voigt,0.29,0.77,19.6918520228715
185,-5.898800535280801e-05,0.0002742541217967904,0.00024029111365040596,7.349581480148122e-05,0.0,pseudo-voigt,0.29,0.77,13.127901348581005
186,-2.72507626439662e-05,0.00027919939833988516,0.00024029111365040596,7.349581480148122e-05,0.0,pseudo-voigt,0.29,0.77,6.56395067429051
187,4.843743827300025e-06,0.0002804843065908805,0.00024029111365040596,7.349581480148122e-05,0.0,pseudo-voigt,0.29,0.77,-0.0
188,3.6874747703553646e-05,0.0002780920011072431,0.00024029111365040596,7.349581480148122e-05,0.0,pseudo-voigt,0.29,0.77,-6.563950674290481
189,6.842231516097619e-05,0.0002720538455637848,0.00024029111365040596,7.349581480148122e-05,0.0,pseudo-voigt,0.29,0.77,-13.127901348580991
190,9.907285033832784e-05,0.0002624490015676777,0.00024029111365040596,7.349581480148122e-05,0.0,pseudo-voigt,0.29,0.77,-19.6918520228715
191,0.00012842451767376215,0.0002494033908315867,0.00024029111365040596,7.349581480148122e-05,0.0,pseudo-voigt,0.29,0.77,-26.25580269716197
192,-0.00012681744674172116,0.00026841701792308924,0.00024029111365040596,7.349581480148122e-05,0.0,pseudo-voigt,0.29,0.77,26.27897195715724
193,-9.5274402185439e-05,0.00028116391766551494,0.00024029111365040596,7.349581480148122e-05,0.0,pseudo-voigt,0.29,0.77,19.70922896786793
194,-6.248008529396385e-05,0.0002902181924870877,0.00024029111365040596,7.349581480148122e-05,0.0,pseudo-voigt,0.29,0.77,13.13948597857862
195,-2.8865195400344125e-05,0.0002954609294023717,0.00024029111365040596,7.349581480148122e-05,0.0,pseudo-voigt,0.29,0.77,6.56974298928931
196,5.128791287649457e-06,0.0002968232736979044,0.00024029111365040596,7.349581480148122e-05,0.0,pseudo-voigt,0.29,0.77,-0.0
197,3.905541975030653e-05,0.00029428733322543917,0.00024029111365040596,7.349581480148122e-05,0.0,pseudo-voigt,0.29,0.77,-6.56974298928931
198,7.246911960725265e-05,0.00028788641338584037,0.00024029111365040596,7.349581480148122e-05,0.0,pseudo-voigt,0.29,0.77,-13.139485978578605
199,0.0001049310569504458,0.00027770457971750407,0.00024029111365040596,7.349581480148122e-05,0.0,pseudo-voigt,0.29,0.77,-19.709228967867944
200,0.0001360148977047029,0.0002638755538339853,0.00024029111365040596,7.349581480148122e-05,0.0,pseudo-voigt,0.29,0.77,-26.27897195715721
201,4.2858320313515934e-05,5.093141826604582e-05,0.00024029111365040596,7.349581480148122e-05,0.0,pseudo-voigt,0.29,0.77,-39.095299338642405
202,5.3863336054995025e-05,3.9109922215641276e-05,0.00024029111365040596,7.349581480148122e-05,0.0,pseudo-voigt,0.29,0.77,-53.031766446214135
203,6.169724341465793e-05,2.4985898857541345e-05,0.00024029111365040596,7.349581480148122e-05,0.0,pseudo-voigt,0.29,0.77,-66.96823355378586
204,6.589883499040028e-05,9.390875017528012e-06,0.00024029111365040596,7.349581480148122e-05,0.0,pseudo-voigt,0.29,0.77,-80.90470066135762
205,5.311580534776154e-05,6.39036561317451e-05,0.00024029111365040596,7.349581480148122e-05,0.0,pseudo-voigt,0.29,0.77,-38.7477270371314
206,6.714173149024721e-05,4.895869623710541e-05,0.00024029111365040596,7.349581480148122e-05,0.0,pseudo-voigt,0.29,0.77,-52.915909012377114
207,7.708294628202555e-05,3.1035228970123295e-05,0.00024029111365040596,7.349581480148122e-05,0.0,pseudo-voigt,0.29,0.77,-67.08409098762283
208,8.233465458304719e-05,1.1223666933579243e-05,0.00024029111365040596,7.349581480148122e-05,0.0,pseudo-voigt,0.29,0.77,-81.25227296286857
209,6.338411892254721e-05,7.686393986894814e-05,0.00024029111365040596,7.349581480148122e-05,0.0,pseudo-voigt,0.29,0.77,-38.52460635891305
210,8.042290349794077e-05,5.880279225279862e-05,0.00024029111365040596,7.349581480148122e-05,0.0,pseudo-voigt,0.29,0.77,-52.841535452971016
211,9.246625299091098e-05,3.708913374002865e-05,0.00024029111365040596,7.349581480148122e-05,0.0,pseudo-voigt,0.29,0.77,-67.15846454702898
212,9.876609977457083e-05,1.3071699165923506e-05,0.00024029111365040596,7.349581480148122e-05,0.0,pseudo-voigt,0.29,0.77,-81.47539364108695
213,7.13746032153925e-05,9.164281613341031e-05,0.00024029111365040596,7.349581480148122e-05,0.0,pseudo-voigt,0.29,0.77,-36.92716394449545
214,8.826039356190865e-05,7.551716799055539e-05,0.00024029111365040596,7.349581480148122e-05,0.0,pseudo-voigt,0.29,0.77,-48.46358197224771
215,0.00010158007310915728,5.634029180040722e-05,0.00024029111365040596,7.349581480148122e-05,0.0,pseudo-voigt,0.29,0.77,-60.0
216,0.00011079546781146156,3.4887018294147074e-05,0.00024029111365040596,7.349581480148122e-05,0.0,pseudo-voigt,0.29,0.77,-71.53641802775229
217,0.00011553423490848311,1.2024154736538097e-05,0.00024029111365040596,7.349581480148122e-05,0.0,pseudo-voigt,0.29,0.77,-83.07283605550452
218,8.130913292731993e-05,0.00010485764014315763,0.00024029111365040596,7.349581480148122e-05,0.0,pseudo-voigt,0.29,0.77,-36.805088086910004
219,0.00010072913554025539,8.63709502500545e-05,0.00024029111365040596,7.349581480148122e-05,0.0,pseudo-voigt,0.29,0.77,-48.40254404345498
220,0.00011603620172523658,6.435759227134535e-05,0.00024029111365040596,7.349581480148122e-05,0.0,pseudo-voigt,0.29,0.77,-60.00000000000003
221,0.0001266053187708998,3.971640785246537e-05,0.00024029111365040596,7.349581480148122e-05,0.0,pseudo-voigt,0.29,0.77,-71.59745595654502
222,0.00013200493222901855,1.3453537118421571e-05,0.00024029111365040596,7.349581480148122e-05,0.0,pseudo-voigt,0.29,0.77,-83.19491191309007
223,8.923348553150062e-05,0.00011959773950275089,0.00024029111365040596,7.349581480148122e-05,0.0,pseudo-voigt,0.29,0.77,-35.74107230196044
224,0.00010811511549245771,0.00010284627380863601,0.00024029111365040596,7.349581480148122e-05,0.0,pseudo-voigt,0.29,0.77,-45.444643381176235
225,0.00012390313212667518,8.315195778493768e-05,0.00024029111365040596,7.349581480148122e-05,0.0,pseudo-voigt,0.29,0.77,-55.14821446039207
226,0.00013614577604380385,6.107832594053967e-05,0.00024029111365040596,7.349581480148122e-05,0.0,pseudo-voigt,0.29,0.77,-64.8517855396079
227,0.00014449273539148097,3.725699469033768e-05,0.00024029111365040596,7.349581480148122e-05,0.0,pseudo-voigt,0.29,0.77,-74.55535661882374
228,0.00014870516970269052,1.2369589239841788e-05,0.00024029111365040596,7.349581480148122e-05,0.0,pseudo-voigt,0.29,0.77,-84.25892769803957
229,9.731874331541016e-05,0.0001341698176943467,0.00024029111365040596,7.349581480148122e-05,0.0,pseudo-voigt,0.29,0.77,-34.96853346348044
230,0.00011575841644858094,0.0001186274285397008,0.00024029111365040596,7.349581480148122e-05,0.0,pseudo-voigt,0.29,0.77,-43.312355642320284
231,0.00013174750475754442,0.00010057371809168494,0.00024029111365040596,7.349581480148122e-05,0.0,pseudo-voigt,0.29,0.77,-51.65617782116013
232,0.0001449475221229761,8.039088014839912e-05,0.00024029111365040596,7.349581480148122e-05,0.0,pseudo-voigt,0.29,0.77,-59.99999999999997
233,0.00015507902655501955,5.850618175349046e-05,0.00024029111365040596,7.349581480148122e-05,0.0,pseudo-voigt,0.29,0.77,-68.34382217883984
234,0.00016192753592987537,3.538291802980416e-05,0.00024029111365040596,7.349581480148122e-05,0.0,pseudo-voigt,0.29,0.77,-76.68764435767969
235,0.0001653480685377262,1.1510604305088087e-05,0.00024029111365040596,7.349581480148122e-05,0.0,pseudo-voigt,0.29,0.77,-85.03146653651959
236,0.00010685853333873141,0.00014766926316378345,0.00024029111365040596,7.349581480148122e-05,0.0,pseudo-voigt,0.29,0.77,-34.90410239785801
237,0.00012720511918723102,0.0001305519631533814,0.00024029111365040596,7.349581480148122e-05,0.0,pseudo-voigt,0.29,0.77,-43.26940159857202
238,0.0001448449392880313,0.00011065668074402934,0.00024029111365040596,7.349581480148122e-05,0.0,pseudo-voigt,0.29,0.77,-51.63470079928601
239,0.00015940264034442929,8.840676264779762e-05,0.00024029111365040596,7.349581480148122e-05,0.0,pseudo-voigt,0.29,0.77,-60.0
240,0.00017056845269592332,6.427565927750614e-05,0.00024029111365040596,7.349581480148122e-05,0.0,pseudo-voigt,0.29,0.77,-68.36529920071399
241,0.00017810478182893279,3.8776850314430564e-05,0.00024029111365040596,7.349581480148122e-05,0.0,pseudo-voigt,0.29,0.77,-76.73059840142798
242,0.00018185126409071348,1.245291850326996e-05,0.00024029111365040596,7.349581480148122e-05,0.0,pseudo-voigt,0.29,0.77,-85.09589760214197
243,0.00011639921367859197,0.00016116704228322443,0.00024029111365040596,7.349581480148122e-05,0.0,pseudo-voigt,0.29,0.77,-34.85078602055155
244,0.00013865220151062352,0.0001424751188087753,0.00024029111365040596,7.349581480148122e-05,0.0,pseudo-voigt,0.29,0.77,-43.23385734703436
245,0.0001579423170361805,0.00012073863073830103,0.00024029111365040596,7.349581480148122e-05,0.0,pseudo-voigt,0.29,0.77,-51.61692867351718
246,0.00017385734791058586,9.642206718803891e-05,0.00024029111365040596,7.349581480148122e-05,0.0,pseudo-voigt,0.29,0.77,-60.0
247,0.00018605720429955817,7.004505115673518e-05,0.00024029111365040596,7.349581480148122e-05,0.0,pseudo-voigt,0.29,0.77,-68.38307132648282
248,0.00019428118629177972,4.217123565151913e-05,0.00024029111365040596,7.349581480148122e-05,0.0,pseudo-voigt,0.29,0.77,-76.76614265296564
249,0.00019835355482051932,1.3396258932269799e-05,0.00024029111365040596,7.349581480148122e-05,0.0,pseudo-voigt,0.29,0.77,-85.14921397944846
250,0.0001242316336461797,0.0001756602493316595,0.00024029111365040596,7.349581480148122e-05,0.0,pseudo-voigt,0.29,0.77,-34.28152423692812
251,0.00014567793595903026,0.0001583286486027594,0.00024029111365040596,7.349581480148122e-05,0.0,pseudo-voigt,0.29,0.77,-41.62966016923437
252,0.00016473143205195126,0.0001383964496935263,0.00024029111365040596,7.349581480148122e-05,0.0,pseudo-voigt,0.29,0.77,-48.97779610154063
253,0.00018107916221925764,0.0001161910452816015,0.00024029111365040596,7.349581480148122e-05,0.0,pseudo-voigt,0.29,0.77,-56.32593203384687
254,0.0001944526098172412,9.207716616470746e-05,0.00024029111365040596,7.349581480148122e-05,0.0,pseudo-voigt,0.29,0.77,-63.67406796615313
255,0.00020463211173505608,6.645089044182114e-05,0.00024029111365040596,7.349581480148122e-05,0.0,pseudo-voigt,0.29,0.77,-71.0222038984594
256,0.00021145046643086018,3.973313780499929e-05,0.00024029111365040596,7.349581480148122e-05,0.0,pseudo-voigt,0.29,0.77,-78.37033983076566
257,0.00021479568027007594,1.236275580017319e-05,0.00024029111365040596,7.349581480148122e-05,0.0,pseudo-voigt,0.29,0.77,-85.71847576307192
258,0.00013354316395377508,0.00018909441194804276,0.00024029111365040596,7.349581480148122e-05,0.0,pseudo-voigt,0.29,0.77,-34.24280918109818
259,0.00015666410098263725,0.00017043131382484555,0.00024029111365040596,7.349581480148122e-05,0.0,pseudo-voigt,0.29,0.77,-41.60200655792727
260,0.00017720403812754895,0.00014896040460488525,0.00024029111365040596,7.349581480148122e-05,0.0,pseudo-voigt,0.29,0.77,-48.961203934756384
261,0.00019482458532304618,0.0001250354118738529,0.00024029111365040596,7.349581480148122e-05,0.0,pseudo-voigt,0.29,0.77,-56.32040131158544
262,0.00020923544868570924,9.90504935982193e-05,0.00024029111365040596,7.349581480148122e-05,0.0,pseudo-voigt,0.29,0.77,-63.67959868841456
263,0.00022019921302958678,7.143374447634391e-05,0.00024029111365040596,7.349581480148122e-05,0.0,pseudo-voigt,0.29,0.77,-71.03879606524362
264,0.00022753525321897973,4.2640143190844434e-05,0.00024029111365040596,7.349581480148122e-05,0.0,pseudo-voigt,0.29,0.77,-78.39799344207273
265,0.00023112270992007295,1.3144056754395173e-05,0.00024029111365040596,7.349581480148122e-05,0.0,pseudo-voigt,0.29,0.77,-85.75719081890185
266,0.00014285503161657047,0.00020252724478270518,0.00024029111365040596,7.349581480148122e-05,0.0,pseudo-voigt,0.29,0.77,-34.20935308787719
267,0.00016765032126054075,0.00018253277710779137,0.00024029111365040596,7.349581480148122e-05,0.0,pseudo-voigt,0.29,0.77,-41.578109348483736
268,0.00018967644604108545,0.00015952332354445342,0.00024029111365040596,7.349581480148122e-05,0.0,pseudo-voigt,0.29,0.77,-48.946865609090224
269,0.00020856958935253973,0.0001338789428355262,0.00024029111365040596,7.349581480148122e-05,0.0,pseudo-voigt,0.29,0.77,-56.31562186969674
270,0.00022401768362339885,0.00010602321614369146,0.00024029111365040596,7.349581480148122e-05,0.0,pseudo-voigt,0.29,0.77,-63.68437813030326
271,0.00023576556489370078,7.641625054789918e-05,0.00024029111365040596,7.349581480148122e-05,0.0,pseudo-voigt,0.29,0.77,-71.05313439090978
272,0.00024361918748677284,4.5547079222819334e-05,0.00024029111365040596,7.349581480148122e-05,0.0,pseudo-voigt,0.29,0.77,-78.42189065151629
273,0.00024744882915948515,1.3925583831390237e-05,0.00024029111365040596,7.349581480148122e-05,0.0,pseudo-voigt,0.29,0.77,-85.79064691212281
274,0.0001506184946781751,0.0002170416952087428,0.00024029111365040596,7.349581480148122e-05,0.0,pseudo-voigt,0.29,0.77,-33.7703137124783
275,0.00017441905918757987,0.00019842131989865341,0.00024029111365040596,7.349581480148122e-05,0.0,pseudo-voigt,0.29,0.77,-40.32773528435871
276,0.00019593749157841264,0.00017720476232924366,0.00024029111365040596,7.349581480148122e-05,0.0,pseudo-voigt,0.29,0.77,-46.88515685623912
277,0.00021489224059171607,0.00015366962397193624,0.00024029111365040596,7.349581480148122e-05,0.0,pseudo-voigt,0.29,0.77,-53.44257842811956
278,0.0002310352986890695,0.00012812384304982703,0.00024029111365040596,7.349581480148122e-05,0.0,pseudo-voigt,0.29,0.77,-59.99999999999997
279,0.0002441554470303557,0.00010090166541545008,0.00024029111365040596,7.349581480148122e-05,0.0,pseudo-voigt,0.29,0.77,-66.55742157188041
280,0.00025408101910120675,7.235927121452016e-05,0.00024029111365040596,7.349581480148122e-05,0.0,pseudo-voigt,0.29,0.77,-73.11484314376085
281,0.00026068214683030267,4.2870114557215115e-05,0.00024029111365040596,7.349581480148122e-05,0.0,pseudo-voigt,0.29,0.77,-79.67226471564126
282,0.0002638724598078989,1.2820037173622402e-05,0.00024029111365040596,7.349581480148122e-05,0.0,pseudo-voigt,0.29,0.77,-86.2296862875217
283,0.0001598328100527295,0.0002305393262085228,0.00024029111365040596,7.349581480148122e-05,0.0,pseudo-voigt,0.29,0.77,-33.744197302838
284,0.00018513852629130343,0.00021075728737274062,0.00024029111365040596,7.349581480148122e-05,0.0,pseudo-voigt,0.29,0.77,-40.3081479771285
285,0.00020801703389220803,0.00018821217205249928,0.00024029111365040596,7.349581480148122e-05,0.0,pseudo-voigt,0.29,0.77,-46.87209865141904
286,0.00022816839036168831,0.00016319955189211712,0.00024029111365040596,7.349581480148122e-05,0.0,pseudo-voigt,0.29,0.77,-53.43604932570952
287,0.00024532840678421575,0.00013604734809157426,0.00024029111365040596,7.349581480148122e-05,0.0,pseudo-voigt,0.29,0.77,-60.00000000000003
288,0.00025927211139989946,0.00010711153228420204,0.00024029111365040596,7.349581480148122e-05,0.0,pseudo-voigt,0.29,0.77,-66.56395067429051
289,0.00026981669903597416,7.677145966674167e-05,0.00024029111365040596,7.349581480148122e-05,0.0,pseudo-voigt,0.29,0.77,-73.12790134858102
290,0.0002768239277246349,4.542489556551314e-05,0.00024029111365040596,7.349581480148122e-05,0.0,pseudo-voigt,0.29,0.77,-79.69185202287153
291,0.00028020193108701396,1.3482800641551564e-05,0.00024029111365040596,7.349581480148122e-05,0.0,pseudo-voigt,0.29,0.77,-86.25580269716201
292,0.00016904723295859767,0.0002440356394829552,0.00024029111365040596,7.349581480148122e-05,0.0,pseudo-voigt,0.29,0.77,-33.72102804284276
293,0.0001958578942331727,0.00022309201145572337,0.00024029111365040596,7.349581480148122e-05,0.0,pseudo-voigt,0.29,0.77,-40.29077103213206
294,0.000220096284687238,0.0001992184373387352,0.00024029111365040596,7.349581480148122e-05,0.0,pseudo-voigt,0.29,0.77,-46.86051402142135
295,0.0002414440729880423,0.00017272845720308556,0.00024029111365040596,7.349581480148122e-05,0.0,pseudo-voigt,0.29,0.77,-53.430257010710704
296,0.0002596208911006713,0.0001439699733031395,0.00024029111365040596,7.349581480148122e-05,0.0,pseudo-voigt,0.29,0.77,-59.99999999999997
297,0.0002743880164603598,0.00011332068095348969,0.00024029111365040596,7.349581480148122e-05,0.0,pseudo-voigt,0.29,0.77,-66.5697429892893
298,0.0002855515072001525,8.118310812314652e-05,0.00024029111365040596,7.349581480148122e-05,0.0,pseudo-voigt,0.29,0.77,-73.13948597857859
299,0.0002929647492578622,4.7979328893714444e-05,0.00024029111365040596,7.349581480148122e-05,0.0,pseudo-voigt,0.29,0.77,-79.70922896786792
300,0.0002965303819102709,1.4145420211578176e-05,0.00024029111365040596,7.349581480148122e-05,1.0,pseudo-voigt,0.29,0.77,-86.27897195715721
301,6.553706222592442e-05,-1.1650685022012537e-05,0.00024029111365040596,7.349581480148122e-05,0.0,pseudo-voigt,0.29,0.77,80.90470066135762
302,6.0801854206276225e-05,-2.7092056248383346e-05,0.00024029111365040596,7.349581480148122e-05,0.0,pseudo-voigt,0.29,0.77,66.96823355378586
303,5.248704485434836e-05,-4.093843071179524e-05,0.00024029111365040596,7.349581480148122e-05,0.0,pseudo-voigt,0.29,0.77,53.031766446214164
304,4.108215382414402e-05,-5.23746276727215e-05,0.00024029111365040596,7.349581480148122e-05,0.0,pseudo-voigt,0.29,0.77,39.09529933864238
305,8.190009227867721e-05,-1.4047808707758333e-05,0.00024029111365040596,7.349581480148122e-05,0.0,pseudo-voigt,0.29,0.77,81.2522729628686
306,7.59703404226225e-05,-3.366709700607505e-05,0.00024029111365040596,7.349581480148122e-05,0.0,pseudo-voigt,0.29,0.77,67.08409098762289
307,6.541876984140627e-05,-5.1238175193723745e-05,0.00024029111365040596,7.349581480148122e-05,0.0,pseudo-voigt,0.29,0.77,52.91590901237717
308,5.088730797961859e-05,-6.569206901394612e-05,0.00024029111365040596,7.349581480148122e-05,0.0,pseudo-voigt,0.29,0.77,38.747727037131426
309,9.825818402274223e-05,-1.6460287248945724e-05,0.00024029111365040596,7.349581480148122e-05,0.0,pseudo-voigt,0.29,0.77,81.47539364108698
310,9.11361636533528e-05,-4.024688134892175e-05,0.00024029111365040596,7.349581480148122e-05,0.0,pseudo-voigt,0.29,0.77,67.15846454702901
311,7.83532585186789e-05,-6.153355721287339e-05,0.00024029111365040596,7.349581480148122e-05,0.0,pseudo-voigt,0.29,0.77,52.841535452971044
312,6.070347343560305e-05,-7.89981018545251e-05,0.00024029111365040596,7.349581480148122e-05,0.0,pseudo-voigt,0.29,0.77,38.524606358913076
313,0.00011505230845357598,-1.5990811502859283e-05,0.00024029111365040596,7.349581480148122e-05,0.0,pseudo-voigt,0.29,0.77,83.07283605550452
314,0.00010952998268263233,-3.867715897734773e-05,0.00024029111365040596,7.349581480148122e-05,0.0,pseudo-voigt,0.29,0.77,71.53641802775232
315,9.958216051035938e-05,-5.9800777930607095e-05,0.00024029111365040596,7.349581480148122e-05,0.0,pseudo-voigt,0.29,0.77,60.0
316,8.56107780107546e-05,-7.850818060183324e-05,0.00024029111365040596,7.349581480148122e-05,0.0,pseudo-voigt,0.29,0.77,48.46358197224774
317,6.818034091511856e-05,-9.404350506927619e-05,0.00024029111365040596,7.349581480148122e-05,0.0,pseudo-voigt,0.29,0.77,36.927163944495476
318,0.0001314639466085214,-1.7986954603166036e-05,0.00024029111365040596,7.349581480148122e-05,0.0,pseudo-voigt,0.29,0.77,83.19491191309001
319,0.0001251640048356768,-4.40485151540799e-05,0.00024029111365040596,7.349581480148122e-05,0.0,pseudo-voigt,0.29,0.77,71.59745595654505
320,0.00011375341069600442,-6.83115023170379e-05,0.00024029111365040596,7.349581480148122e-05,0.0,pseudo-voigt,0.29,0.77,59.99999999999997
321,9.769807753274865e-05,-8.978521838359339e-05,0.00024029111365040596,7.349581480148122e-05,0.0,pseudo-voigt,0.29,0.77,48.40254404345498
322,7.765357102981932e-05,-0.00010759285617596238,0.00024029111365040596,7.349581480148122e-05,0.0,pseudo-voigt,0.29,0.77,36.805088086910004
323,0.00014819142341032632,-1.7479595587135196e-05,0.00024029111365040596,7.349581480148122e-05,0.0,pseudo-voigt,0.29,0.77,84.2589276980396
324,0.00014312504354907772,-4.220729964523901e-05,0.00024029111365040596,7.349581480148122e-05,0.0,pseudo-voigt,0.29,0.77,74.55535661882374
325,0.00013396327387950481,-6.572728113769178e-05,0.00024029111365040596,7.349581480148122e-05,0.0,pseudo-voigt,0.29,0.77,64.8517855396079
326,0.00012096826990703537,-8.736653770161115e-05,0.00024029111365040596,7.349581480148122e-05,0.0,pseudo-voigt,0.29,0.77,55.1482144603921
327,0.00010451187156623484,-0.00010650588216615658,0.00024029111365040596,7.349581480148122e-05,0.0,pseudo-voigt,0.29,0.77,45.44464338117626
328,8.506496336742686e-05,-0.0001225976600166851,0.00024029111365040596,7.349581480148122e-05,0.0,pseudo-voigt,0.29,0.77,35.74107230196044
329,0.0001648538422021362,-1.719559512834889e-05,0.00024029111365040596,7.349581480148122e-05,0.0,pseudo-voigt,0.29,0.77,85.03146653651959
330,0.00016061357492529448,-4.0936015076479056e-05,0.00024029111365040596,7.349581480148122e-05,0.0,pseudo-voigt,0.29,0.77,76.68764435767974
331,0.00015297314719922597,-6.380982695940228e-05,0.00024029111365040596,7.349581480148122e-05,0.0,pseudo-voigt,0.29,0.77,68.34382217883987
332,0.00014209430550259176,-8.533279629990472e-05,0.00024029111365040596,7.349581480148122e-05,0.0,pseudo-voigt,0.29,0.77,60.0
333,0.0001282073529544621,-0.00010504928571406327,0.00024029111365040596,7.349581480148122e-05,0.0,pseudo-voigt,0.29,0.77,51.656177821160185
334,0.00011160627383877044,-0.00012254190067258747,0.00024029111365040596,7.349581480148122e-05,0.0,pseudo-voigt,0.29,0.77,43.312355642320284
335,9.264251000997995e-05,-0.00013744032566781732,0.00024029111365040596,7.349581480148122e-05,0.0,pseudo-voigt,0.29,0.77,34.96853346348044
336,0.00018131459992733176,-1.8707572900596147e-05,0.00024029111365040596,7.349581480148122e-05,0.0,pseudo-voigt,0.29,0.77,85.09589760214197
337,0.00017666387619837378,-4.488688313087872e-05,0.00024029111365040596,7.349581480148122e-05,0.0,pseudo-voigt,0.29,0.77,76.73059840142798
338,0.0001682539662668094,-7.011105666103515e-05,0.00024029111365040596,7.349581480148122e-05,0.0,pseudo-voigt,0.29,0.77,68.36529920071399
339,0.00015626382249154863,-9.384335464469122e-05,0.00024029111365040596,7.349581480148122e-05,0.0,pseudo-voigt,0.29,0.77,60.0
340,0.00014094858012727497,-0.00011557878348012084,0.00024029111365040596,7.349581480148122e-05,0.0,pseudo-voigt,0.29,0.77,51.63470079928604
341,0.0001226341283655099,-0.00013485484044212554,0.00024029111365040596,7.349581480148122e-05,0.0,pseudo-voigt,0.29,0.77,43.269401598572045
342,0.00010171017582044573,-0.00015126135516123584,0.00024029111365040596,7.349581480148122e-05,0.0,pseudo-voigt,0.29,0.77,34.90410239785798
343,0.00019777435970936915,-2.0221154884581504e-05,0.00024029111365040596,7.349581480148122e-05,0.0,pseudo-voigt,0.29,0.77,85.14921397944849
344,0.00019271317305091722,-4.883876939445146e-05,0.00024029111365040596,7.349581480148122e-05,0.0,pseudo-voigt,0.29,0.77,76.76614265296564
345,0.00018353387995560764,-7.641274351675753e-05,0.00024029111365040596,7.349581480148122e-05,0.0,pseudo-voigt,0.29,0.77,68.38307132648285
346,0.00017043263362554454,-0.00010235384633113728,0.00024029111365040596,7.349581480148122e-05,0.0,pseudo-voigt,0.29,0.77,59.99999999999997
347,0.0001536893958608923,-0.0001261077399021611,0.00024029111365040596,7.349581480148122e-05,0.0,pseudo-voigt,0.29,0.77,51.61692867351721
348,0.00013366195452908542,-0.0001471668249802987,0.00024029111365040596,7.349581480148122e-05,0.0,pseudo-voigt,0.29,0.77,43.23385734703436
349,0.00011077827796127957,-0.0001650810879393841,0.00024029111365040596,7.349581480148122e-05,0.0,pseudo-voigt,0.29,0.77,34.85078602055157
350,0.00021424205517941547,-1.9757626025403402e-05,0.00024029111365040596,7.349581480148122e-05,0.0,pseudo-voigt,0.29,0.77,85.71847576307192
351,0.00020995559981636436,-4.6996469010023095e-05,0.00024029111365040596,7.349581480148122e-05,0.0,pseudo-voigt,0.29,0.77,78.37033983076563
352,0.00020222055725414447,-7.346338011201678e-05,0.00024029111365040596,7.349581480148122e-05,0.0,pseudo-voigt,0.29,0.77,71.02220389845937
353,0.00019116397801576375,-9.872363193707966e-05,0.00024029111365040596,7.349581480148122e-05,0.0,pseudo-voigt,0.29,0.77,63.67406796615316
354,0.0001769674699157382,-0.0001223623168515605,0.00024029111365040596,7.349581480148122e-05,0.0,pseudo-voigt,0.29,0.77,56.32593203384687
355,0.00015986421509424167,-0.0001439911619717037,0.00024029111365040596,7.349581480148122e-05,0.0,pseudo-voigt,0.29,0.77,48.97779610154063
356,0.00014013513992662739,-0.0001632549066686939,0.00024029111365040596,7.349581480148122e-05,0.0,pseudo-voigt,0.29,0.77,41.62966016923434
357,0.00011810430071877142,-0.00017983713783695904,0.00024029111365040596,7.349581480148122e-05,0.0,pseudo-voigt,0.29,0.77,34.28152423692809
358,0.00023053214643757223,-2.1104566511698297e-05,0.00024029111365040596,7.349581480148122e-05,0.0,pseudo-voigt,0.29,0.77,85.75719081890182
359,0.00022592989786399288,-5.045943439959168e-05,0.00024029111365040596,7.349581480148122e-05,0.0,pseudo-voigt,0.29,0.77,78.39799344207273
360,0.00021760551360961358,-7.898299636920108e-05,0.00024029111365040596,7.349581480148122e-05,0.0,pseudo-voigt,0.29,0.77,71.03879606524362
361,0.00020569613571693018,-0.00010620533423460044,0.00024029111365040596,7.349581480148122e-05,0.0,pseudo-voigt,0.29,0.77,63.67959868841453
362,0.00019039796805630046,-0.0001316779671349498,0.00024029111365040596,7.349581480148122e-05,0.0,pseudo-voigt,0.29,0.77,56.32040131158544
363,0.00017196304391875337,-0.00015498124013879177,0.00024029111365040596,7.349581480148122e-05,0.0,pseudo-voigt,0.29,0.77,48.96120393475633
364,0.00015069507383376718,-0.0001757312379487392,0.00024029111365040596,7.349581480148122e-05,0.0,pseudo-voigt,0.29,0.77,41.60200655792727
365,0.0001269444420181271,-0.00019358610980508726,0.00024029111365040596,7.349581480148122e-05,0.0,pseudo-voigt,0.29,0.77,34.24280918109815
366,0.00024682125474857736,-2.2452464047026738e-05,0.00024029111365040596,7.349581480148122e-05,0.0,pseudo-voigt,0.29,0.77,85.79064691212281
367,0.00024190318262894036,-5.392304861035486e-05,0.00024029111365040596,7.349581480148122e-05,0.0,pseudo-voigt,0.29,0.77,78.42189065151629
368,0.0002329894737061635,-8.450295899890172e-05,0.00024029111365040596,7.349581480148122e-05,0.0,pseudo-voigt,0.29,0.77,71.05313439090978
369,0.00022022736020364014,-0.00011368709141842476,0.00024029111365040596,7.349581480148122e-05,0.0,pseudo-voigt,0.29,0.77,63.68437813030326
370,0.00020382764038306468,-0.0001409933968429628,0.00024029111365040596,7.349581480148122e-05,0.0,pseudo-voigt,0.29,0.77,56.31562186969677
371,0.0001840611966832876,-0.00016597084326158394,0.00024029111365040596,7.349581480148122e-05,0.0,pseudo-voigt,0.29,0.77,48.946865609090224
372,0.00016125452141853034,-0.00018820686560145963,0.00024029111365040596,7.349581480148122e-05,0.0,pseudo-voigt,0.29,0.77,41.57810934848371
373,0.00013578432394025633,-0.00020733418027313457,0.00024029111365040596,7.349581480148122e-05,0.0,pseudo-voigt,0.29,0.77,34.20935308787719
374,0.00026327286907029814,-2.1918595066699376e-05,0.00024029111365040596,7.349581480148122e-05,0.0,pseudo-voigt,0.29,0.77,86.22968628752176
375,0.0002590474332784625,-5.184067621129897e-05,0.00024029111365040596,7.349581480148122e-05,0.0,pseudo-voigt,0.29,0.77,79.67226471564132
376,0.000251432571637915,-8.108446409608307e-05,0.00024029111365040596,7.349581480148122e-05,0.0,pseudo-voigt,0.29,0.77,73.11484314376088
377,0.00024052791844555698,-0.00010926732744261554,0.00024029111365040596,7.349581480148122e-05,0.0,pseudo-voigt,0.29,0.77,66.55742157188047
378,0.00022647615225617523,-0.00013602051631074618,0.00024029111365040596,7.349581480148122e-05,0.0,pseudo-voigt,0.29,0.77,60.00000000000006
379,0.0002094611290491153,-0.0001609939868929089,0.00024029111365040596,7.349581480148122e-05,0.0,pseudo-voigt,0.29,0.77,53.44257842811962
380,0.00018970547662170594,-0.00018386098155382405,0.00024029111365040596,7.349581480148122e-05,0.0,pseudo-voigt,0.29,0.77,46.88515685623915
381,0.00016746768168484882,-0.00020432230418949963,0.00024029111365040596,7.349581480148122e-05,0.0,pseudo-voigt,0.29,0.77,40.327735284358766
382,0.00014303870777376717,-0.00022211023496591754,0.00024029111365040596,7.349581480148122e-05,0.0,pseudo-voigt,0.29,0.77,33.7703137124783
383,0.00027956931809429306,-2.314961075965519e-05,0.00024029111365040596,7.349581480148122e-05,0.0,pseudo-voigt,0.29,0.77,86.25580269716198
384,0.0002750904280431422,-5.495602330111179e-05,0.00024029111365040596,7.349581480148122e-05,0.0,pseudo-voigt,0.29,0.77,79.69185202287147
385,0.00026700503924501594,-8.6041949744291e-05,0.00024029111365040596,7.349581480148122e-05,0.0,pseudo-voigt,0.29,0.77,73.12790134858102
386,0.00025541915300565426,-0.00011599984644776798,0.00024029111365040596,7.349581480148122e-05,0.0,pseudo-voigt,0.29,0.77,66.56395067429048
387,0.00024048466295691542,-0.00014443695849930636,0.00024029111365040596,7.349581480148122e-05,0.0,pseudo-voigt,0.29,0.77,59.99999999999994
388,0.00022239736369634585,-0.0001709804688230409,0.00024029111365040596,7.349581480148122e-05,0.0,pseudo-voigt,0.29,0.77,53.43604932570952
389,0.00020139438387499785,-0.000195282385897043,0.00024029111365040596,7.349581480148122e-05,0.0,pseudo-voigt,0.29,0.77,46.87209865141901
390,0.00017775107738630673,-0.0002170241060021646,0.00024029111365040596,7.349581480148122e-05,0.0,pseudo-voigt,0.29,0.77,40.30814797712847
391,0.00015177741341325179,-0.00023592059019003506,0.00024029111365040596,7.349581480148122e-05,0.0,pseudo-voigt,0.29,0.77,33.744197302838
392,0.00029586467970031877,-2.438137844013401e-05,0.00024029111365040596,7.349581480148122e-05,0.0,pseudo-voigt,0.29,0.77,86.27897195715724
393,0.0002911322964186118,-5.807190620979163e-05,0.00024029111365040596,7.349581480148122e-05,0.0,pseudo-voigt,0.29,0.77,79.70922896786797
394,0.00028257636998120186,-9.099975514835261e-05,0.00024029111365040596,7.349581480148122e-05,0.0,pseudo-voigt,0.29,0.77,73.13948597857862
395,0.0002703092683883865,-0.00012273247219928593,0.00024029111365040596,7.349581480148122e-05,0.0,pseudo-voigt,0.29,0.77,66.56974298928932
396,0.00025449209981302177,-0.0001528533003947649,0.00024029111365040596,7.349581480148122e-05,0.0,pseudo-voigt,0.29,0.77,60.0
397,0.00023533259671005335,-0.00018096665227194947,0.00024029111365040596,7.349581480148122e-05,0.0,pseudo-voigt,0.29,0.77,53.430257010710704
398,0.00021308238759289988,-0.00020670330526269403,0.00024029111365040596,7.349581480148122e-05,0.0,pseudo-voigt,0.29,0.77,46.86051402142138
399,0.00018803369230741638,-0.00022972525082378976,0.00024029111365040596,7.349581480148122e-05,0.0,pseudo-voigt,0.29,0.77,40.290771032132085
400,0.00016051548420556797,-0.0002497301336224072,0.00024029111365040596,7.349581480148122e-05,0.0,pseudo-voigt,0.29,0.77,33.72102804284276
401,2.2678741912408514e-05,-6.258210328805834e-05,0.00024029111365040596,7.349581480148122e-05,0.0,pseudo-voigt,0.29,0.77,20.90470066135761
402,6.9385181512812006e-06,-6.620197846402462e-05,0.00024029111365040596,7.349581480148122e-05,0.0,pseudo-voigt,0.29,0.77,6.968233553785865
403,-9.210198560309552e-06,-6.592432956933661e-05,0.00024029111365040596,7.349581480148122e-05,0.0,pseudo-voigt,0.29,0.77,-6.968233553785836
404,-2.4816681166256237e-05,-6.176550269024951e-05,0.00024029111365040596,7.349581480148122e-05,0.0,pseudo-voigt,0.29,0.77,-20.904700661357595
405,2.8784286930915677e-05,-7.79514648395034e-05,0.00024029111365040596,7.349581480148122e-05,0.0,pseudo-voigt,0.29,0.77,21.252272962868602
406,8.828608932375226e-06,-8.26257932431804e-05,0.00024029111365040596,7.349581480148122e-05,0.0,pseudo-voigt,0.29,0.77,7.084090987622858
407,-1.1664176440619255e-05,-8.227340416384699e-05,0.00024029111365040596,7.349581480148122e-05,0.0,pseudo-voigt,0.29,0.77,-7.0840909876228295
408,-3.144734660342861e-05,-7.691573594752534e-05,0.00024029111365040596,7.349581480148122e-05,0.0,pseudo-voigt,0.29,0.77,-21.252272962868574
409,3.4874065100195056e-05,-9.332422711789388e-05,0.00024029111365040596,7.349581480148122e-05,0.0,pseudo-voigt,0.29,0.77,21.475393641086995
410,1.0713260155412021e-05,-9.90496736017204e-05,0.00024029111365040596,7.349581480148122e-05,0.0,pseudo-voigt,0.29,0.77,7.1584645470289985
411,-1.4112994472232102e-05,-9.862269095290206e-05,0.00024029111365040596,7.349581480148122e-05,0.0,pseudo-voigt,0.29,0.77,-7.15846454702897
412,-3.806262633896781e-05,-9.20698010204486e-05,0.00024029111365040596,7.349581480148122e-05,0.0,pseudo-voigt,0.29,0.77,-21.47539364108694
413,4.3677705238183426e-05,-0.00010763362763626957,0.00024029111365040596,7.349581480148122e-05,0.0,pseudo-voigt,0.29,0.77,23.07283605550451
414,2.1269589120723663e-05,-0.00011419432696790311,0.00024029111365040596,7.349581480148122e-05,0.0,pseudo-voigt,0.29,0.77,11.53641802775229
415,-1.997912598797936e-06,-0.00011614106973101431,0.00024029111365040596,7.349581480148122e-05,0.0,pseudo-voigt,0.29,0.77,-4.263256414560601e-14
416,-2.5184689800706926e-05,-0.00011339519889598033,0.00024029111365040596,7.349581480148122e-05,0.0,pseudo-voigt,0.29,0.77,-11.536418027752262
417,-4.7353893993364694e-05,-0.00010606765980581426,0.00024029111365040596,7.349581480148122e-05,0.0,pseudo-voigt,0.29,0.77,-23.072836055504595
418,5.0154813681201527e-05,-0.00012284459474632363,0.00024029111365040596,7.349581480148122e-05,0.0,pseudo-voigt,0.29,0.77,23.194911913090024
419,2.443486929542144e-05,-0.00013041946540413434,0.00024029111365040596,7.349581480148122e-05,0.0,pseudo-voigt,0.29,0.77,11.597455956545048
420,-2.2827910292320726e-06,-0.00013266909458838324,0.00024029111365040596,7.349581480148122e-05,0.0,pseudo-voigt,0.29,0.77,1.4210854715202004e-14
421,-2.8907241238151037e-05,-0.0001295016262360588,0.00024029111365040596,7.349581480148122e-05,0.0,pseudo-voigt,0.29,0.77,-11.597455956544962
422,-5.4351361199199174e-05,-0.0001210463932943841,0.00024029111365040596,7.349581480148122e-05,0.0,pseudo-voigt,0.29,0.77,-23.194911913089996
423,5.895793787882566e-05,-0.00013707733508988617,0.00024029111365040596,7.349581480148122e-05,0.0,pseudo-voigt,0.29,0.77,24.258927698039585
424,3.500992805662004e-05,-0.00014505357345387493,0.00024029111365040596,7.349581480148122e-05,0.0,pseudo-voigt,0.29,0.77,14.55535661882378
425,1.0060141752829676e-05,-0.00014887923892262938,0.00024029111365040596,7.349581480148122e-05,0.0,pseudo-voigt,0.29,0.77,4.8517855396079455
426,-1.5177506136768397e-05,-0.0001484448636421508,0.00024029111365040596,7.349581480148122e-05,0.0,pseudo-voigt,0.29,0.77,-4.851785539607874
427,-3.998086382524614e-05,-0.00014376287685649418,0.00024029111365040596,7.349581480148122e-05,0.0,pseudo-voigt,0.29,0.77,-14.555356618823737
428,-6.364020633526359e-05,-0.0001349672492565269,0.00024029111365040596,7.349581480148122e-05,0.0,pseudo-voigt,0.29,0.77,-24.258927698039557
429,6.753509888672602e-05,-0.00015136541282269558,0.00024029111365040596,7.349581480148122e-05,0.0,pseudo-voigt,0.29,0.77,25.03146653651956
430,4.485515847671361e-05,-0.0001595634436161799,0.00024029111365040596,7.349581480148122e-05,0.0,pseudo-voigt,0.29,0.77,16.68764435767973
431,2.1225642441681563e-05,-0.00016438354505108712,0.00024029111365040596,7.349581480148122e-05,0.0,pseudo-voigt,0.29,0.77,8.343822178839886
432,-2.8532166203841724e-06,-0.00016572367644830378,0.00024029111365040596,7.349581480148122e-05,0.0,pseudo-voigt,0.29,0.77,5.684341886080802e-14
433,-2.6871673600557417e-05,-0.00016355546746755372,0.00024029111365040596,7.349581480148122e-05,0.0,pseudo-voigt,0.29,0.77,-8.343822178839815
434,-5.032126209110487e-05,-0.00015792481870239157,0.00024029111365040596,7.349581480148122e-05,0.0,pseudo-voigt,0.29,0.77,-16.6876443576797
435,-7.270555852774619e-05,-0.00014895092997290545,0.00024029111365040596,7.349581480148122e-05,0.0,pseudo-voigt,0.29,0.77,-25.03146653651953
436,7.445606658860027e-05,-0.00016637683606437955,0.00024029111365040596,7.349581480148122e-05,0.0,pseudo-voigt,0.29,0.77,25.095897602141974
437,4.945875701114281e-05,-0.00017543884628426007,0.00024029111365040596,7.349581480148122e-05,0.0,pseudo-voigt,0.29,0.77,16.730598401427997
438,2.3409026978778033e-05,-0.00018076773740506447,0.00024029111365040596,7.349581480148122e-05,0.0,pseudo-voigt,0.29,0.77,8.365299200713977
439,-3.138817852880631e-06,-0.00018225011729248886,0.00024029111365040596,7.349581480148122e-05,0.0,pseudo-voigt,0.29,0.77,1.4210854715202004e-14
440,-2.961987256864845e-05,-0.00017985444275762705,0.00024029111365040596,7.349581480148122e-05,0.0,pseudo-voigt,0.29,0.77,-8.365299200714006
441,-5.547065346342288e-05,-0.00017363169075655617,0.00024029111365040596,7.349581480148122e-05,0.0,pseudo-voigt,0.29,0.77,-16.73059840142797
442,-8.014108827026773e-05,-0.00016371427366450571,0.00024029111365040596,7.349581480148122e-05,0.0,pseudo-voigt,0.29,0.77,-25.09589760214199
443,8.13751460307771e-05,-0.00018138819716780603,0.00024029111365040596,7.349581480148122e-05,0.0,pseudo-voigt,0.29,0.77,25.14921397944846
444,5.406097154029369e-05,-0.0001913138882032267,0.00024029111365040596,7.349581480148122e-05,0.0,pseudo-voigt,0.29,0.77,16.76614265296564
445,2.5591562919427085e-05,-0.00019715137425505857,0.00024029111365040596,7.349581480148122e-05,0.0,pseudo-voigt,0.29,0.77,8.38307132648282
446,-3.4247142850410075e-06,-0.00019877591351917618,0.00024029111365040596,7.349581480148122e-05,0.0,pseudo-voigt,0.29,0.77,5.684341886080802e-14
447,-3.23678084386658e-05,-0.00019615279105889626,0.00024029111365040596,7.349581480148122e-05,0.0,pseudo-voigt,0.29,0.77,-8.383071326482806
448,-6.0619231762694055e-05,-0.00018933806063181795,0.00024029111365040596,7.349581480148122e-05,0.0,pseudo-voigt,0.29,0.77,-16.766142652965556
449,-8.757527685923984e-05,-0.0001784773468716539,0.00024029111365040596,7.349581480148122e-05,0.0,pseudo-voigt,0.29,0.77,-25.149213979448476
450,9.001042153323577e-05,-0.000195417875357063,0.00024029111365040596,7.349581480148122e-05,0.0,pseudo-voigt,0.29,0.77,25.718475763071893
451,6.427766385733413e-05,-0.00020532511761278249,0.00024029111365040596,7.349581480148122e-05,0.0,pseudo-voigt,0.29,0.77,18.370339830765644
452,3.7489125202193305e-05,-0.00021185982980554308,0.00024029111365040596,7.349581480148122e-05,0.0,pseudo-voigt,0.29,0.77,11.022203898459395
453,1.008481579650634e-05,-0.00021491467721868122,0.00024029111365040596,7.349581480148122e-05,0.0,pseudo-voigt,0.29,0.77,3.6740679661531885
454,-1.7485139901502722e-05,-0.00021443948301626796,0.00024029111365040596,7.349581480148122e-05,0.0,pseudo-voigt,0.29,0.77,-3.6740679661530606
455,-4.4767896640814155e-05,-0.00021044205241352494,0.00024029111365040596,7.349581480148122e-05,0.0,pseudo-voigt,0.29,0.77,-11.022203898459324
456,-7.13153265042325e-05,-0.0002029880444736933,0.00024029111365040596,7.349581480148122e-05,0.0,pseudo-voigt,0.29,0.77,-18.370339830765573
457,-9.669137955130442e-05,-0.00019219989363713233,0.00024029111365040596,7.349581480148122e-05,0.0,pseudo-voigt,0.29,0.77,-25.718475763071865
458,9.698898248379713e-05,-0.00021019897845974095,0.00024029111365040596,7.349581480148122e-05,0.0,pseudo-voigt,0.29,0.77,25.75719081890182
459,6.926579688135564e-05,-0.00022089074822443725,0.00024029111365040596,7.349581480148122e-05,0.0,pseudo-voigt,0.29,0.77,18.397993442072746
460,4.040147548206455e-05,-0.00022794340097408627,0.00024029111365040596,7.349581480148122e-05,0.0,pseudo-voigt,0.29,0.77,11.038796065243616
461,1.0871550393883754e-05,-0.00023124074610845338,0.00024029111365040596,7.349581480148122e-05,0.0,pseudo-voigt,0.29,0.77,3.679598688414501
462,-1.8837480629408847e-05,-0.00023072846073316918,0.00024029111365040596,7.349581480148122e-05,0.0,pseudo-voigt,0.29,0.77,-3.679598688414572
463,-4.823616911083343e-05,-0.00022641498461513547,0.00024029111365040596,7.349581480148122e-05,0.0,pseudo-voigt,0.29,0.77,-11.038796065243645
464,-7.684017938521248e-05,-0.00021837138113958368,0.00024029111365040596,7.349581480148122e-05,0.0,pseudo-voigt,0.29,0.77,-18.397993442072718
465,-0.00010417826790194575,-0.00020673016655948248,0.00024029111365040596,7.349581480148122e-05,0.0,pseudo-voigt,0.29,0.77,-25.757190818901833
466,0.00010396622313200673,-0.00022497970882973188,0.00024029111365040596,7.349581480148122e-05,0.0,pseudo-voigt,0.29,0.77,25.790646912122767
467,7.425286136839952e-05,-0.00023645582571814634,0.00024029111365040596,7.349581480148122e-05,0.0,pseudo-voigt,0.29,0.77,18.42189065151625
468,4.3313027665078124e-05,-0.00024402628254335495,0.00024029111365040596,7.349581480148122e-05,0.0,pseudo-voigt,0.29,0.77,11.053134390909776
469,1.1657770851100467e-05,-0.00024756603425395076,0.00024029111365040596,7.349581480148122e-05,0.0,pseudo-voigt,0.29,0.77,3.6843781303032443
470,-2.0190043240334248e-05,-0.00024701661298665424,0.00024029111365040596,7.349581480148122e-05,0.0,pseudo-voigt,0.29,0.77,-3.6843781303032728
471,-5.170436821041331e-05,-0.00024238709380948304,0.00024029111365040596,7.349581480148122e-05,0.0,pseudo-voigt,0.29,0.77,-11.053134390909804
472,-8.236466606824265e-05,-0.00023375394482427888,0.00024029111365040596,7.349581480148122e-05,0.0,pseudo-voigt,0.29,0.77,-18.42189065151632
473,-0.00011166450521922893,-0.00022125976410452473,0.00024029111365040596,7.349581480148122e-05,0.0,pseudo-voigt,0.29,0.77,-25.790646912122853
474,0.00011265437439212307,-0.00023896029027544225,0.00024029111365040596,7.349581480148122e-05,0.0,pseudo-voigt,0.29,0.77,26.229686287521716
475,8.46283740908827e-05,-0.00025026199610995255,0.00024029111365040596,7.349581480148122e-05,0.0,pseudo-voigt,0.29,0.77,19.67226471564129
476,5.5495080059502325e-05,-0.0002582892264253267,0.00024029111365040596,7.349581480148122e-05,0.0,pseudo-voigt,0.29,0.77,13.114843143760865
477,2.563567785384086e-05,-0.0002629369514145518,0.00024029111365040596,7.349581480148122e-05,0.0,pseudo-voigt,0.29,0.77,6.55742157188044
478,-4.559146432894305e-06,-0.0002641443593605733,0.00024029111365040596,7.349581480148122e-05,0.0,pseudo-voigt,0.29,0.77,1.4210854715202004e-14
479,-3.469431798124066e-05,-0.00026189565230835897,0.00024029111365040596,7.349581480148122e-05,0.0,pseudo-voigt,0.29,0.77,-6.557421571880468
480,-6.437554247950098e-05,-0.00025622025276834427,0.00024029111365040596,7.349581480148122e-05,0.0,pseudo-voigt,0.29,0.77,-13.114843143760893
481,-9.321446514545409e-05,-0.00024719241874671485,0.00024029111365040596,7.349581480148122e-05,0.0,pseudo-voigt,0.29,0.77,-19.672264715641276
482,-0.00012083375203413181,-0.00023493027213953972,0.00024029111365040596,7.349581480148122e-05,0.0,pseudo-voigt,0.29,0.77,-26.22968628752176
483,0.00011973650804156369,-0.00025368893696817786,0.00024029111365040596,7.349581480148122e-05,0.0,pseudo-voigt,0.29,0.77,26.255802697162025
484,8.99519017518389e-05,-0.00026571331067385225,0.00024029111365040596,7.349581480148122e-05,0.0,pseudo-voigt,0.29,0.77,19.6918520228715
485,5.898800535280817e-05,-0.00027425412179679014,0.00024029111365040596,7.349581480148122e-05,0.0,pseudo-voigt,0.29,0.77,13.127901348581034
486,2.725076264396622e-05,-0.00027919939833988516,0.00024029111365040596,7.349581480148122e-05,0.0,pseudo-voigt,0.29,0.77,6.563950674290524
487,-4.84374382729999e-06,-0.0002804843065908805,0.00024029111365040596,7.349581480148122e-05,0.0,pseudo-voigt,0.29,0.77,1.4210854715202004e-14
488,-3.687474770355375e-05,-0.0002780920011072431,0.00024029111365040596,7.349581480148122e-05,0.0,pseudo-voigt,0.29,0.77,-6.563950674290496
489,-6.842231516097612e-05,-0.0002720538455637848,0.00024029111365040596,7.349581480148122e-05,0.0,pseudo-voigt,0.29,0.77,-13.127901348580963
490,-9.907285033832776e-05,-0.0002624490015676777,0.00024029111365040596,7.349581480148122e-05,0.0,pseudo-voigt,0.29,0.77,-19.691852022871473
491,-0.00012842451767376218,-0.0002494033908315865,0.00024029111365040596,7.349581480148122e-05,0.0,pseudo-voigt,0.29,0.77,-26.25580269716201
492,0.0001268174467417211,-0.00026841701792308924,0.00024029111365040596,7.349581480148122e-05,0.0,pseudo-voigt,0.29,0.77,26.27897195715724
493,9.527440218543901e-05,-0.00028116391766551494,0.00024029111365040596,7.349581480148122e-05,0.0,pseudo-voigt,0.29,0.77,19.709228967867944
494,6.248008529396397e-05,-0.0002902181924870877,0.00024029111365040596,7.349581480148122e-05,0.0,pseudo-voigt,0.29,0.77,13.139485978578648
495,2.8865195400344348e-05,-0.0002954609294023717,0.00024029111365040596,7.349581480148122e-05,0.0,pseudo-voigt,0.29,0.77,6.569742989289352
496,-5.128791287649156e-06,-0.0002968232736979044,0.00024029111365040596,7.349581480148122e-05,0.0,pseudo-voigt,0.29,0.77,5.684341886080802e-14
497,-3.905541975030636e-05,-0.00029428733322543917,0.00024029111365040596,7.349581480148122e-05,0.0,pseudo-voigt,0.29,0.77,-6.569742989289281
498,-7.24691196072525e-05,-0.00028788641338584037,0.00024029111365040596,7.349581480148122e-05,0.0,pseudo-voigt,0.29,0.77,-13.139485978578577
499,-0.00010493105695044545,-0.00027770457971750407,0.00024029111365040596,7.349581480148122e-05,0.0,pseudo-voigt,0.29,0.77,-19.70922896786786
500,-0.00013601489770470265,-0.00026387555383398557,0.00024029111365040596,7.349581480148122e-05,0.0,pseudo-voigt,0.29,0.77,-26.27897195715714
501,-4.285832031351596e-05,-5.09314182660458e-05,0.00024029111365040596,7.349581480148122e-05,0.0,pseudo-voigt,0.29,0.77,-39.095299338642434
502,-5.3863336054995025e-05,-3.9109922215641276e-05,0.00024029111365040596,7.349581480148122e-05,0.0,pseudo-voigt,0.29,0.77,-53.031766446214135
503,-6.169724341465793e-05,-2.4985898857541345e-05,0.00024029111365040596,7.349581480148122e-05,0.0,pseudo-voigt,0.29,0.77,-66.96823355378586
504,-6.589883499040028e-05,-9.390875017528048e-06,0.00024029111365040596,7.349581480148122e-05,0.0,pseudo-voigt,0.29,0.77,-80.90470066135757
505,-5.3115805347761585e-05,-6.390365613174503e-05,0.00024029111365040596,7.349581480148122e-05,0.0,pseudo-voigt,0.29,0.77,-38.747727037131426
506,-6.714173149024724e-05,-4.8958696237105384e-05,0.00024029111365040596,7.349581480148122e-05,0.0,pseudo-voigt,0.29,0.77,-52.91590901237714
507,-7.708294628202556e-05,-3.103522897012322e-05,0.00024029111365040596,7.349581480148122e-05,0.0,pseudo-voigt,0.29,0.77,-67.08409098762289
508,-8.233465458304719e-05,-1.1223666933579253e-05,0.00024029111365040596,7.349581480148122e-05,0.0,pseudo-voigt,0.29,0.77,-81.25227296286855
509,-6.338411892254727e-05,-7.686393986894814e-05,0.00024029111365040596,7.349581480148122e-05,0.0,pseudo-voigt,0.29,0.77,-38.52460635891305
510,-8.04229034979408e-05,-5.88027922527986e-05,0.00024029111365040596,7.349581480148122e-05,0.0,pseudo-voigt,0.29,0.77,-52.841535452971016
511,-9.246625299091098e-05,-3.708913374002869e-05,0.00024029111365040596,7.349581480148122e-05,0.0,pseudo-voigt,0.29,0.77,-67.15846454702898
512,-9.876609977457082e-05,-1.3071699165923518e-05,0.00024029111365040596,7.349581480148122e-05,0.0,pseudo-voigt,0.29,0.77,-81.47539364108692
513,-7.137460321539252e-05,-9.164281613341027e-05,0.00024029111365040596,7.349581480148122e-05,0.0,pseudo-voigt,0.29,0.77,-36.927163944495476
514,-8.826039356190869e-05,-7.551716799055532e-05,0.00024029111365040596,7.349581480148122e-05,0.0,pseudo-voigt,0.29,0.77,-48.46358197224774
515,-0.00010158007310915721,-5.6340291800407296e-05,0.00024029111365040596,7.349581480148122e-05,0.0,pseudo-voigt,0.29,0.77,-59.99999999999997
516,-0.00011079546781146158,-3.4887018294147054e-05,0.00024029111365040596,7.349581480148122e-05,0.0,pseudo-voigt,0.29,0.77,-71.53641802775229
517,-0.00011553423490848311,-1.2024154736538113e-05,0.00024029111365040596,7.349581480148122e-05,0.0,pseudo-voigt,0.29,0.77,-83.07283605550452
518,-8.130913292731987e-05,-0.00010485764014315768,0.00024029111365040596,7.349581480148122e-05,0.0,pseudo-voigt,0.29,0.77,-36.80508808690996
519,-0.00010072913554025533,-8.637095025005455e-05,0.00024029111365040596,7.349581480148122e-05,0.0,pseudo-voigt,0.29,0.77,-48.40254404345495
520,-0.00011603620172523652,-6.435759227134546e-05,0.00024029111365040596,7.349581480148122e-05,0.0,pseudo-voigt,0.29,0.77,-59.99999999999997
521,-0.0001266053187708998,-3.97164078524654e-05,0.00024029111365040596,7.349581480148122e-05,0.0,pseudo-voigt,0.29,0.77,-71.59745595654499
522,-0.0001320049322290185,-1.345353711842177e-05,0.00024029111365040596,7.349581480148122e-05,0.0,pseudo-voigt,0.29,0.77,-83.19491191308998
523,-8.923348553150057e-05,-0.00011959773950275099,0.00024029111365040596,7.349581480148122e-05,0.0,pseudo-voigt,0.29,0.77,-35.7410723019604
524,-0.00010811511549245768,-0.00010284627380863603,0.00024029111365040596,7.349581480148122e-05,0.0,pseudo-voigt,0.29,0.77,-45.444643381176206
525,-0.00012390313212667527,-8.315195778493763e-05,0.00024029111365040596,7.349581480148122e-05,0.0,pseudo-voigt,0.29,0.77,-55.1482144603921
526,-0.00013614577604380377,-6.107832594053982e-05,0.00024029111365040596,7.349581480148122e-05,0.0,pseudo-voigt,0.29,0.77,-64.85178553960785
527,-0.000144492735391481,-3.725699469033771e-05,0.00024029111365040596,7.349581480148122e-05,0.0,pseudo-voigt,0.29,0.77,-74.55535661882371
528,-0.0001487051697026905,-1.236958923984187e-05,0.00024029111365040596,7.349581480148122e-05,0.0,pseudo-voigt,0.29,0.77,-84.25892769803954
529,-9.731874331541014e-05,-0.0001341698176943467,0.00024029111365040596,7.349581480148122e-05,0.0,pseudo-voigt,0.29,0.77,-34.968533463480426
530,-0.00011575841644858087,-0.00011862742853970088,0.00024029111365040596,7.349581480148122e-05,0.0,pseudo-voigt,0.29,0.77,-43.312355642320256
531,-0.0001317475047575444,-0.00010057371809168499,0.00024029111365040596,7.349581480148122e-05,0.0,pseudo-voigt,0.29,0.77,-51.6561778211601
532,-0.00014494752212297602,-8.039088014839927e-05,0.00024029111365040596,7.349581480148122e-05,0.0,pseudo-voigt,0.29,0.77,-59.999999999999915
533,-0.00015507902655501957,-5.8506181753490376e-05,0.00024029111365040596,7.349581480148122e-05,0.0,pseudo-voigt,0.29,0.77,-68.34382217883984
534,-0.00016192753592987537,-3.5382918029804154e-05,0.00024029111365040596,7.349581480148122e-05,0.0,pseudo-voigt,0.29,0.77,-76.68764435767969
535,-0.00016534806853772617,-1.151060430508825e-05,0.00024029111365040596,7.349581480148122e-05,0.0,pseudo-voigt,0.29,0.77,-85.0314665365195
536,-0.00010685853333873135,-0.00014766926316378353,0.00024029111365040596,7.349581480148122e-05,0.0,pseudo-voigt,0.29,0.77,-34.90410239785797
537,-0.0001272051191872308,-0.0001305519631533816,0.00024029111365040596,7.349581480148122e-05,0.0,pseudo-voigt,0.29,0.77,-43.26940159857193
538,-0.00014484493928803115,-0.0001106566807440295,0.00024029111365040596,7.349581480148122e-05,0.0,pseudo-voigt,0.29,0.77,-51.63470079928595
539,-0.00015940264034442915,-8.840676264779785e-05,0.00024029111365040596,7.349581480148122e-05,0.0,pseudo-voigt,0.29,0.77,-59.999999999999915
540,-0.0001705684526959233,-6.427565927750632e-05,0.00024029111365040596,7.349581480148122e-05,0.0,pseudo-voigt,0.29,0.77,-68.36529920071393
541,-0.00017810478182893276,-3.8776850314430815e-05,0.00024029111365040596,7.349581480148122e-05,0.0,pseudo-voigt,0.29,0.77,-76.7305984014279
542,-0.00018185126409071348,-1.2452918503270143e-05,0.00024029111365040596,7.349581480148122e-05,0.0,pseudo-voigt,0.29,0.77,-85.09589760214192
543,-0.00011639921367859197,-0.00016116704228322446,0.00024029111365040596,7.349581480148122e-05,0.0,pseudo-voigt,0.29,0.77,-34.85078602055154
544,-0.00013865220151062347,-0.0001424751188087753,0.00024029111365040596,7.349581480148122e-05,0.0,pseudo-voigt,0.29,0.77,-43.23385734703433
545,-0.00015794231703618046,-0.00012073863073830106,0.00024029111365040596,7.349581480148122e-05,0.0,pseudo-voigt,0.29,0.77,-51.61692867351715
546,-0.00017385734791058578,-9.642206718803902e-05,0.00024029111365040596,7.349581480148122e-05,0.0,pseudo-voigt,0.29,0.77,-59.99999999999997
547,-0.0001860572042995582,-7.00450511567351e-05,0.00024029111365040596,7.349581480148122e-05,0.0,pseudo-voigt,0.29,0.77,-68.38307132648282
548,-0.00019428118629177975,-4.2171235651519084e-05,0.00024029111365040596,7.349581480148122e-05,0.0,pseudo-voigt,0.29,0.77,-76.76614265296564
549,-0.00019835355482051932,-1.3396258932269826e-05,0.00024029111365040596,7.349581480148122e-05,0.0,pseudo-voigt,0.29,0.77,-85.14921397944846
550,-0.0001242316336461796,-0.00017566024933165958,0.00024029111365040596,7.349581480148122e-05,0.0,pseudo-voigt,0.29,0.77,-34.28152423692808
551,-0.00014567793595903018,-0.0001583286486027595,0.00024029111365040596,7.349581480148122e-05,0.0,pseudo-voigt,0.29,0.77,-41.62966016923434
552,-0.00016473143205195115,-0.00013839644969352642,0.00024029111365040596,7.349581480148122e-05,0.0,pseudo-voigt,0.29,0.77,-48.97779610154058
553,-0.00018107916221925756,-0.00011619104528160157,0.00024029111365040596,7.349581480148122e-05,0.0,pseudo-voigt,0.29,0.77,-56.32593203384684
554,-0.00019445260981724123,-9.207716616470738e-05,0.00024029111365040596,7.349581480148122e-05,0.0,pseudo-voigt,0.29,0.77,-63.67406796615316
555,-0.00020463211173505602,-6.645089044182126e-05,0.00024029111365040596,7.349581480148122e-05,0.0,pseudo-voigt,0.29,0.77,-71.02220389845934
556,-0.00021145046643086013,-3.973313780499951e-05,0.00024029111365040596,7.349581480148122e-05,0.0,pseudo-voigt,0.29,0.77,-78.3703398307656
557,-0.0002147956802700759,-1.2362755800173412e-05,0.00024029111365040596,7.349581480148122e-05,0.0,pseudo-voigt,0.29,0.77,-85.71847576307187
558,-0.00013354316395377524,-0.00018909441194804266,0.00024029111365040596,7.349581480148122e-05,0.0,pseudo-voigt,0.29,0.77,-34.242809181098224
559,-0.00015666410098263747,-0.0001704313138248453,0.00024029111365040596,7.349581480148122e-05,0.0,pseudo-voigt,0.29,0.77,-41.60200655792735
560,-0.00017720403812754895,-0.00014896040460488525,0.00024029111365040596,7.349581480148122e-05,0.0,pseudo-voigt,0.29,0.77,-48.961203934756355
561,-0.00019482458532304626,-0.0001250354118738528,0.00024029111365040596,7.349581480148122e-05,0.0,pseudo-voigt,0.29,0.77,-56.3204013115855
562,-0.00020923544868570922,-9.905049359821933e-05,0.00024029111365040596,7.349581480148122e-05,0.0,pseudo-voigt,0.29,0.77,-63.67959868841456
563,-0.0002201992130295869,-7.143374447634362e-05,0.00024029111365040596,7.349581480148122e-05,0.0,pseudo-voigt,0.29,0.77,-71.03879606524367
564,-0.00022753525321897976,-4.2640143190844366e-05,0.00024029111365040596,7.349581480148122e-05,0.0,pseudo-voigt,0.29,0.77,-78.39799344207276
565,-0.00023112270992007292,-1.3144056754395301e-05,0.00024029111365040596,7.349581480148122e-05,0.0,pseudo-voigt,0.29,0.77,-85.75719081890182
566,-0.00014285503161657055,-0.00020252724478270513,0.00024029111365040596,7.349581480148122e-05,0.0,pseudo-voigt,0.29,0.77,-34.20935308787722
567,-0.0001676503212605407,-0.00018253277710779137,0.00024029111365040596,7.349581480148122e-05,0.0,pseudo-voigt,0.29,0.77,-41.578109348483736
568,-0.00018967644604108553,-0.00015952332354445326,0.00024029111365040596,7.349581480148122e-05,0.0,pseudo-voigt,0.29,0.77,-48.94686560909025
569,-0.00020856958935253984,-0.0001338789428355261,0.00024029111365040596,7.349581480148122e-05,0.0,pseudo-voigt,0.29,0.77,-56.31562186969677
570,-0.00022401768362339882,-0.00010602321614369148,0.00024029111365040596,7.349581480148122e-05,0.0,pseudo-voigt,0.29,0.77,-63.68437813030326
571,-0.0002357655648937008,-7.641625054789914e-05,0.00024029111365040596,7.349581480148122e-05,0.0,pseudo-voigt,0.29,0.77,-71.05313439090978
572,-0.00024361918748677284,-4.554707922281923e-05,0.00024029111365040596,7.349581480148122e-05,0.0,pseudo-voigt,0.29,0.77,-78.42189065151632
573,-0.0002474488291594852,-1.3925583831390376e-05,0.00024029111365040596,7.349581480148122e-05,0.0,pseudo-voigt,0.29,0.77,-85.79064691212278
574,-0.00015061849467817515,-0.00021704169520874274,0.00024029111365040596,7.349581480148122e-05,0.0,pseudo-voigt,0.29,0.77,-33.7703137124783
575,-0.0001744190591875798,-0.00019842131989865352,0.00024029111365040596,7.349581480148122e-05,0.0,pseudo-voigt,0.29,0.77,-40.32773528435868
576,-0.0001959374915784128,-0.00017720476232924347,0.00024029111365040596,7.349581480148122e-05,0.0,pseudo-voigt,0.29,0.77,-46.88515685623918
577,-0.00021489224059171617,-0.0001536696239719361,0.00024029111365040596,7.349581480148122e-05,0.0,pseudo-voigt,0.29,0.77,-53.44257842811959
578,-0.00023103529868906945,-0.00012812384304982703,0.00024029111365040596,7.349581480148122e-05,0.0,pseudo-voigt,0.29,0.77,-59.99999999999997
579,-0.0002441554470303558,-0.00010090166541544989,0.00024029111365040596,7.349581480148122e-05,0.0,pseudo-voigt,0.29,0.77,-66.55742157188044
580,-0.00025408101910120675,-7.23592712145201e-05,0.00024029111365040596,7.349581480148122e-05,0.0,pseudo-voigt,0.29,0.77,-73.11484314376088
581,-0.00026068214683030267,-4.2870114557214885e-05,0.00024029111365040596,7.349581480148122e-05,0.0,pseudo-voigt,0.29,0.77,-79.67226471564129
582,-0.0002638724598078989,-1.2820037173622198e-05,0.00024029111365040596,7.349581480148122e-05,0.0,pseudo-voigt,0.29,0.77,-86.22968628752173
583,-0.00015983281005272943,-0.0002305393262085229,0.00024029111365040596,7.349581480148122e-05,0.0,pseudo-voigt,0.29,0.77,-33.744197302837975
584,-0.0001851385262913032,-0.00021075728737274079,0.00024029111365040596,7.349581480148122e-05,0.0,pseudo-voigt,0.29,0.77,-40.30814797712844
585,-0.00020801703389220795,-0.00018821217205249938,0.00024029111365040596,7.349581480148122e-05,0.0,pseudo-voigt,0.29,0.77,-46.87209865141898
586,-0.00022816839036168815,-0.00016319955189211734,0.00024029111365040596,7.349581480148122e-05,0.0,pseudo-voigt,0.29,0.77,-53.43604932570946
587,-0.0002453284067842155,-0.00013604734809157475,0.00024029111365040596,7.349581480148122e-05,0.0,pseudo-voigt,0.29,0.77,-59.999999999999915
588,-0.00025927211139989946,-0.00010711153228420216,0.00024029111365040596,7.349581480148122e-05,0.0,pseudo-voigt,0.29,0.77,-66.56395067429048
589,-0.00026981669903597416,-7.677145966674203e-05,0.00024029111365040596,7.349581480148122e-05,0.0,pseudo-voigt,0.29,0.77,-73.12790134858096
590,-0.0002768239277246346,-4.5424895565513415e-05,0.00024029111365040596,7.349581480148122e-05,0.0,pseudo-voigt,0.29,0.77,-79.69185202287144
591,-0.00028020193108701396,-1.3482800641551964e-05,0.00024029111365040596,7.349581480148122e-05,0.0,pseudo-voigt,0.29,0.77,-86.25580269716193
592,-0.00016904723295859767,-0.0002440356394829552,0.00024029111365040596,7.349581480148122e-05,0.0,pseudo-voigt,0.29,0.77,-33.72102804284276
593,-0.0001958578942331727,-0.00022309201145572337,0.00024029111365040596,7.349581480148122e-05,0.0,pseudo-voigt,0.29,0.77,-40.29077103213206
594,-0.00022009628468723798,-0.00019921843733873522,0.00024029111365040596,7.349581480148122e-05,0.0,pseudo-voigt,0.29,0.77,-46.860514021421324
595,-0.0002414440729880423,-0.0001727284572030856,0.00024029111365040596,7.349581480148122e-05,0.0,pseudo-voigt,0.29,0.77,-53.430257010710676
596,-0.0002596208911006713,-0.0001439699733031395,0.00024029111365040596,7.349581480148122e-05,0.0,pseudo-voigt,0.29,0.77,-59.99999999999997
597,-0.0002743880164603598,-0.00011332068095348959,0.00024029111365040596,7.349581480148122e-05,0.0,pseudo-voigt,0.29,0.77,-66.56974298928932
598,-0.0002855515072001525,-8.118310812314645e-05,0.00024029111365040596,7.349581480148122e-05,0.0,pseudo-voigt,0.29,0.77,-73.13948597857859
599,-0.0002929647492578622,-4.797932889371422e-05,0.00024029111365040596,7.349581480148122e-05,0.0,pseudo-voigt,0.29,0.77,-79.70922896786794
600,-0.0002965303819102709,-1.4145420211578081e-05,0.00024029111365040596,7.349581480148122e-05,0.0,pseudo-voigt,0.29,0.77,-86.27897195715724
